{"type": "FeatureCollection", "metadata": {"source": "AfTerFibre / Steve Song (afterfibre-kml, CC-BY-4.0)", "note": "African terrestrial fibre backbones, traced from operator KML"}, "features": [{"type": "Feature", "properties": {"country": "Algeria", "operator": "Algerie Telecom"}, "geometry": {"type": "LineString", "coordinates": [[-8.1681, 27.6952], [-7.4595, 28.496], [-6.0982, 28.8129], [-4.6814, 29.4349], [-4.0226, 29.8075], [-3.2669, 30.8077], [-2.6799, 30.9962], [-2.22, 31.6315], [-1.5461, 32.0324], [-1.2176, 32.0417], [-0.9964, 32.1497], [-0.7465, 32.423], [-0.4132, 32.6165], [-0.5977, 32.8094], [-0.2978, 33.4968], [0.0864, 34.0431], [-1.1296, 34.6895], [-0.4317, 35.5066], [1.2555, 36.1267], [2.9444, 36.4933], [4.8746, 36.5756], [5.2331, 36.5343], [6.6794, 36.7492], [7.3107, 36.7426], [7.9317, 35.3659], [5.6584, 34.7371], [2.7197, 36.2841], [1.3489, 35.9494], [0.024, 35.4653], [-0.3239, 35.4744], [0.1085, 35.1587], [0.2205, 34.6354], [0.0293, 34.0911]]}}, {"type": "Feature", "properties": {"country": "Algeria", "operator": "Algerie Telecom"}, "geometry": {"type": "LineString", "coordinates": [[-1.1171, 34.6882], [0.0978, 35.1575], [2.7718, 36.2564], [3.2081, 34.3843], [3.8127, 32.3524], [5.474, 22.7941], [5.8858, 22.1766], [6.2943, 21.4448], [6.9374, 20.5833]]}}, {"type": "Feature", "properties": {"country": "Algeria", "operator": "Algerie Telecom"}, "geometry": {"type": "LineString", "coordinates": [[0.0872, 34.0385], [0.3313, 33.8621], [0.6681, 33.8472], [1.1881, 33.5956], [3.8124, 32.3748]]}}, {"type": "Feature", "properties": {"country": "Algeria", "operator": "Algerie Telecom"}, "geometry": {"type": "LineString", "coordinates": [[5.6614, 34.7357], [5.8438, 34.5457], [5.9177, 34.2398], [5.8236, 34.1357], [5.9529, 33.7801], [5.9872, 33.367], [6.0639, 33.0974], [5.8556, 32.8023], [5.829, 32.5166], [5.5658, 32.0125], [5.3473, 31.9574]]}}, {"type": "Feature", "properties": {"country": "Angola", "operator": "AngolaTelecoms"}, "geometry": {"type": "LineString", "coordinates": [[13.4065, -12.5756], [13.3551, -12.6203], [13.3587, -12.765], [13.383, -12.8287], [13.5559, -12.9347], [13.6846, -13.002], [13.7562, -13.031], [13.7518, -13.0298], [13.8036, -12.9994], [13.9055, -13.0145], [14.0149, -13.0293], [14.1655, -13.0427], [14.2803, -13.0372], [14.3902, -12.9788], [14.4532, -12.9665], [14.5599, -13.0072], [14.6557, -13.0267], [14.6974, -12.9844], [14.7597, -12.9606], [14.8409, -12.8601], [14.9191, -12.8313], [15.0482, -12.8607], [15.1506, -12.8811], [15.2623, -12.9068], [15.3502, -12.9249], [15.4537, -12.8547], [15.5501, -12.8537], [15.7382, -12.762], [15.8467, -12.7862], [15.9365, -12.7495], [15.9924, -12.7156], [16.041, -12.6476], [16.1089, -12.6131], [16.209, -12.5686], [16.3289, -12.5634], [16.4966, -12.5702], [16.5263, -12.5775], [16.5971, -12.5529], [16.7122, -12.5348], [16.8848, -12.4596], [16.9369, -12.4127], [16.9434, -12.3637], [16.9388, -12.3295], [17.0287, -12.3038], [17.1929, -12.2456], [17.2581, -12.1709], [17.3775, -12.0678], [17.5057, -12.0244], [17.6523, -11.9929], [17.7759, -11.971], [18.0155, -11.992], [18.0484, -12.0205], [18.0964, -12.1229], [18.2077, -12.1474], [18.3303, -12.1641], [18.4401, -12.1341], [18.5486, -12.16], [18.55, -12.1599], [18.628, -12.2175], [18.6523, -12.232], [18.7208, -12.1954], [18.8098, -12.1289], [18.9193, -12.1114], [19.0496, -12.064], [19.141, -12.0042], [19.1729, -11.9561], [19.252, -11.9561], [19.3495, -11.9178], [19.4649, -11.9343], [19.6156, -11.9489], [19.7381, -11.8821], [19.9056, -11.7909], [20.0254, -11.7124], [20.2056, -11.6876], [20.337, -11.6781], [20.6194, -11.6041], [20.8015, -11.5403], [20.8633, -11.5208], [20.8692, -11.5205], [21.0316, -11.4863], [21.1076, -11.4085], [21.2268, -11.335], [21.3012, -11.3434], [21.4128, -11.3515], [21.4499, -11.3148], [21.5575, -11.2823], [21.6569, -11.213], [21.7578, -11.1234], [21.8156, -11.0666], [21.9494, -11.0265], [22.1078, -10.895], [22.1057, -10.8027], [22.1864, -10.7251], [22.3236, -10.6961]]}}, {"type": "Feature", "properties": {"country": "Angola", "operator": "AngolaTelecoms"}, "geometry": {"type": "LineString", "coordinates": [[17.8534, -8.5706], [17.998, -8.5565], [18.0955, -8.5486], [18.2193, -8.5255], [18.3452, -8.5075], [18.4203, -8.4962], [18.531, -8.4761], [18.6098, -8.4621], [18.7093, -8.4054], [18.7507, -8.3883], [18.8294, -8.3666], [18.9134, -8.3369], [18.9418, -8.2832], [18.95, -8.2454], [18.9551, -8.2125], [18.976, -8.1653], [18.9931, -8.1131], [19.0324, -8.0754], [19.0861, -8.0498], [19.1824, -8.012], [19.1984, -8.0093], [19.249, -8.0129], [19.3258, -8.0174], [19.387, -8.0206], [19.3951, -7.9831], [19.4175, -7.9388], [19.421, -7.9], [19.4266, -7.815], [19.4416, -7.7809], [19.4525, -7.7452], [19.4466, -7.7174], [19.472, -7.7094], [19.5017, -7.7022], [19.5341, -7.6631], [19.5641, -7.588], [19.6058, -7.5142], [19.6634, -7.4228], [19.7197, -7.34], [19.7689, -7.3055], [19.8073, -7.2866], [19.874, -7.2615], [19.9258, -7.2497], [19.9594, -7.2467], [20.0238, -7.2619], [20.0545, -7.2882], [20.0805, -7.2994], [20.1091, -7.299], [20.1301, -7.3004], [20.1619, -7.2961], [20.1986, -7.3187], [20.1985, -7.3472], [20.2204, -7.3519], [20.221, -7.3519], [20.2427, -7.3564], [20.3018, -7.386], [20.3668, -7.3963], [20.3978, -7.4192], [20.4228, -7.4379], [20.4663, -7.4291], [20.5119, -7.4316], [20.5339, -7.4324], [20.5789, -7.4261], [20.6016, -7.4424], [20.6198, -7.4441], [20.6417, -7.4323], [20.656, -7.4297], [20.6717, -7.4304], [20.69, -7.44], [20.7192, -7.4329], [20.7961, -7.4173], [20.8116, -7.4164]]}}, {"type": "Feature", "properties": {"country": "Angola", "operator": "AngolaTelecoms"}, "geometry": {"type": "LineString", "coordinates": [[15.7344, -12.7541], [15.7792, -12.6153], [15.6821, -12.4363], [15.6559, -12.4217], [15.5181, -12.1553], [15.3618, -11.9654], [15.3325, -11.6589], [15.1393, -11.3807], [15.0428, -11.19], [15.0428, -11.1827], [15.0654, -10.9626], [15.0506, -10.8632], [14.5353, -10.8744], [14.1101, -10.9787], [13.8507, -11.2133], [14.1103, -10.9787], [14.5346, -10.8746], [15.05, -10.8629], [15.0052, -10.7696], [14.963, -10.6333], [14.8989, -10.484], [14.8288, -10.3594], [14.8123, -10.2469], [14.8131, -10.1987], [14.7154, -10.1466], [14.6367, -10.0948], [14.5919, -10.0361], [14.5708, -9.9525], [14.5781, -9.932], [14.6055, -9.9263], [14.6031, -9.8839], [14.5368, -9.8102], [14.4917, -9.711], [14.4442, -9.6954]]}}, {"type": "Feature", "properties": {"country": "Angola", "operator": "AngolaTelecoms"}, "geometry": {"type": "LineString", "coordinates": [[16.7372, -12.5243], [16.769, -12.5821], [16.7605, -12.6937], [16.7546, -12.787], [16.7699, -12.8637], [16.745, -12.9958], [16.7566, -13.1522], [16.748, -13.2542], [16.7335, -13.3198], [16.7266, -13.4369], [16.7391, -13.4998], [16.7786, -13.5504], [16.8432, -13.5958], [16.9588, -13.6182], [17.0224, -13.6789], [17.113, -13.7256], [17.2106, -13.8238], [17.3006, -13.91], [17.3501, -13.9409], [17.3808, -13.9539], [17.4244, -14.0353], [17.4949, -14.0753], [17.5862, -14.2079], [17.6281, -14.2827], [17.6461, -14.3885], [17.6563, -14.4786], [17.6593, -14.5628], [17.6829, -14.6442], [17.6635, -14.6677], [17.6618, -14.7248], [17.6892, -14.7753], [17.6636, -14.9009], [17.6759, -15.0531], [17.6957, -15.1664], [17.6767, -15.263], [17.644, -15.338], [17.6552, -15.428], [17.5874, -15.5331], [17.5565, -15.6025], [17.4905, -15.673], [17.4614, -15.7021], [17.4489, -15.7555], [17.4015, -15.823], [17.3938, -15.8632], [17.3268, -15.8999], [17.2948, -15.9449], [17.1559, -16.0232], [16.9882, -16.1257], [16.8791, -16.1727], [16.8001, -16.2831], [16.6518, -16.3836], [16.4542, -16.4817], [16.4464, -16.4817], [16.3664, -16.4984], [16.3605, -16.5021], [16.21, -16.5822], [16.2061, -16.5822], [16.0437, -16.6201], [16.0408, -16.6229], [15.9336, -16.7293], [15.8529, -16.8504], [15.7817, -16.9867], [15.7284, -17.0679], [15.837, -17.2713], [15.8903, -17.3904]]}}, {"type": "Feature", "properties": {"country": "Angola", "operator": "AngolaTelecoms"}, "geometry": {"type": "LineString", "coordinates": [[13.2381, -8.8346], [13.4718, -8.9779], [13.6895, -9.096], [13.8527, -9.1497], [14.0811, -9.2243], [14.1276, -9.2759], [14.2257, -9.3136], [14.3867, -9.5176], [14.4448, -9.6967], [14.5394, -9.6175], [14.643, -9.5398], [14.7442, -9.4372], [14.8138, -9.3587], [14.8753, -9.3088], [14.9676, -9.3057], [15.1006, -9.2854], [15.1699, -9.2654], [15.2471, -9.2663], [15.2293, -9.1677], [15.2587, -9.0834], [15.2946, -8.9758], [15.3731, -8.9073], [15.4144, -8.7992], [15.4194, -8.7315], [15.4192, -8.5895], [15.4247, -8.4918], [15.4535, -8.4944], [15.4751, -8.444], [15.444, -8.376], [15.4414, -8.3034], [15.3748, -8.1922], [15.3375, -8.0446], [15.3406, -7.9788], [15.2897, -7.8474], [15.2593, -7.7418], [15.2031, -7.6698], [15.1691, -7.6262], [15.1351, -7.6059], [15.1161, -7.5737], [15.0672, -7.6052], [15.1161, -7.5737], [15.1989, -7.6026], [15.2624, -7.6563], [15.3847, -7.7423], [15.4861, -7.7665], [15.4885, -7.7665], [15.603, -7.7814], [15.7373, -7.7017], [15.8016, -7.6286], [15.8376, -7.5366], [15.8755, -7.4977], [15.8923, -7.453], [15.9031, -7.4197], [15.9264, -7.3964], [15.9288, -7.3955], [15.9451, -7.3804], [15.9559, -7.3455], [15.9974, -7.3134], [16.0197, -7.2845], [16.0323, -7.2357], [16.0277, -7.2022], [16.0647, -7.1767], [16.0756, -7.1257], [16.0922, -7.0761], [16.1107, -7.0337], [16.1299, -6.9847], [16.1303, -6.9357], [16.1284, -6.9093], [16.1579, -6.86], [16.1767, -6.8031], [16.1972, -6.7686], [16.1992, -6.7211], [16.2238, -6.6712], [16.2166, -6.6145], [16.2527, -6.5912], [16.2634, -6.5846], [16.2656, -6.5739], [16.2756, -6.5588], [16.2818, -6.5507], [16.3183, -6.5317], [16.3269, -6.5166], [16.3351, -6.5063], [16.3535, -6.475], [16.3626, -6.443], [16.3616, -6.4308], [16.391, -6.3775], [16.394, -6.33], [16.3942, -6.3291], [16.3942, -6.3101], [16.3792, -6.2143], [16.322, -6.1316], [16.3209, -6.1313], [16.2527, -6.1213], [16.0487, -6.149], [15.9643, -6.1579], [15.816, -6.1263], [15.8141, -6.1264], [15.6896, -6.0905], [15.5217, -6.0428], [15.3657, -6.0211], [15.2989, -6.0165], [15.2496, -6.0345], [15.1974, -6.0586], [15.1472, -6.065], [15.0988, -6.0691], [15.0666, -6.0553], [15.0161, -6.0322], [15.0154, -6.0302], [15.0124, -6.0268], [14.995, -6.0094], [14.9943, -6.0081], [14.971, -5.984], [14.9696, -5.982], [14.9404, -5.9665], [14.9349, -5.9674], [14.9162, -5.9702], [14.9141, -5.9703], [14.8829, -5.9742], [14.8815, -5.9742], [14.876, -5.9744], [14.8146, -5.9705], [14.805, -5.9736], [14.7637, -5.9862], [14.7588, -5.9864], [14.7526, -5.9867], [14.7224, -5.9795], [14.7196, -5.9789], [14.7161, -5.9783], [14.698, -5.9783], [14.6961, -5.9812], [14.6935, -5.9861], [14.6887, -6.025], [14.6887, -6.0271], [14.6607, -6.0773], [14.6304, -6.1033], [14.6291, -6.1061], [14.6271, -6.109], [14.6133, -6.1296], [14.5623, -6.146], [14.5229, -6.1537], [14.4984, -6.1699], [14.4889, -6.1585], [14.4861, -6.1364], [14.4659, -6.1185], [14.453, -6.1294], [14.4467, -6.1462], [14.4118, -6.1672], [14.3718, -6.1784], [14.3698, -6.1799], [14.3115, -6.2034], [14.2557, -6.2373], [14.2421, -6.2634], [14.2385, -6.2372], [14.2273, -6.1978], [14.2192, -6.1706], [14.2188, -6.1688], [14.2082, -6.1361], [14.1878, -6.09], [14.1745, -6.0634], [14.1518, -6.0348], [14.1503, -6.0345], [14.1073, -5.9956], [14.0715, -5.969], [14.0512, -5.9656], [13.9885, -5.9657], [13.9482, -5.9682], [13.8903, -5.9796], [13.8699, -5.984], [13.7871, -5.9603], [13.7273, -5.9502], [13.7258, -5.9503], [13.724, -5.9503], [13.7072, -5.9524], [13.7065, -5.9524], [13.7032, -5.9537], [13.6628, -5.9756], [13.6618, -5.9763], [13.6562, -5.978], [13.6167, -5.9928], [13.6142, -5.9936], [13.6112, -5.9948], [13.5935, -6.0003], [13.5923, -6.0003], [13.5291, -5.9926], [13.4929, -5.9845], [13.4922, -5.9846], [13.4547, -5.9829], [13.4381, -5.9878], [13.4036, -6.0143], [13.381, -6.0318], [13.3473, -6.0508], [13.2884, -6.0617], [13.1352, -6.0905], [13.0297, -6.1183], [12.9326, -6.1536], [12.8667, -6.1919], [12.8059, -6.2077], [12.8033, -6.2085], [12.7204, -6.2291], [12.6989, -6.233], [12.6798, -6.2125], [12.6694, -6.2008], [12.6402, -6.1747], [12.6399, -6.174], [12.6316, -6.1522], [12.6309, -6.152], [12.6297, -6.1517], [12.612, -6.1472], [12.6111, -6.1467], [12.6102, -6.1463], [12.6014, -6.1436], [12.6002, -6.1436], [12.5899, -6.1474], [12.5682, -6.1442], [12.5425, -6.1388], [12.5419, -6.1387], [12.5248, -6.1344], [12.5242, -6.1342], [12.5012, -6.1335], [12.4876, -6.1393], [12.4721, -6.1458], [12.4715, -6.146], [12.4709, -6.1461], [12.4653, -6.148], [12.4552, -6.1617], [12.4419, -6.1779], [12.4207, -6.2038], [12.4101, -6.2129], [12.3835, -6.2037], [12.3832, -6.2032], [12.3694, -6.1881], [12.3686, -6.1687], [12.3757, -6.1536], [12.3809, -6.1375], [12.3702, -6.1306], [12.3696, -6.1303], [12.368, -6.1294], [12.3587, -6.1199], [12.3583, -6.1199]]}}, {"type": "Feature", "properties": {"country": "Angola", "operator": "AngolaTelecoms"}, "geometry": {"type": "LineString", "coordinates": [[13.249, -8.8397], [13.3887, -8.7657], [13.449, -8.71], [13.5459, -8.6316], [13.6554, -8.5907], [13.6613, -8.5893], [13.7357, -8.5582], [13.9042, -8.5809], [14.0086, -8.6189], [14.1002, -8.6123], [14.1837, -8.5165], [14.2557, -8.3931], [14.3132, -8.2854], [14.4028, -8.104], [14.5254, -7.9695], [14.6771, -7.8364], [14.7529, -7.7864], [14.7981, -7.7779], [14.9084, -7.82], [15.0137, -7.7598], [15.0301, -7.6949], [15.0538, -7.6358], [15.0671, -7.6048]]}}, {"type": "Feature", "properties": {"country": "Angola", "operator": "AngolaTelecoms"}, "geometry": {"type": "LineString", "coordinates": [[13.7291, -14.7893], [13.9152, -14.8568], [14.0709, -14.8713], [14.0721, -14.8713], [14.1272, -14.886], [14.1658, -14.8864], [14.2534, -14.8579], [14.3372, -14.8431], [14.4271, -14.8198], [14.4812, -14.8231], [14.677, -14.8001], [14.8317, -14.7838], [15.0191, -14.7414], [15.1172, -14.7348], [15.2614, -14.681], [15.39, -14.6392], [15.4771, -14.6143], [15.5714, -14.6185], [15.6015, -14.6306], [15.6534, -14.6035], [15.7717, -14.5784], [15.8872, -14.5261], [16.0126, -14.5113], [16.1579, -14.4872], [16.3092, -14.4619], [16.3993, -14.4637], [16.502, -14.5397], [16.5776, -14.5615], [16.7199, -14.6363], [16.855, -14.6559], [17.0584, -14.6689], [17.2182, -14.6951], [17.3333, -14.6964], [17.4577, -14.6966], [17.6029, -14.6907], [17.6776, -14.6751]]}}, {"type": "Feature", "properties": {"country": "Angola", "operator": "AngolaTelecoms"}, "geometry": {"type": "LineString", "coordinates": [[13.5016, -14.9168], [13.559, -14.9322], [13.6008, -15.0288], [13.6987, -15.1271], [13.6899, -15.193], [13.8316, -15.3027], [14.0492, -15.4374], [14.0432, -15.5486], [14.0707, -15.7385], [14.1454, -15.9382], [14.2553, -16.1847], [14.3062, -16.2834], [14.4504, -16.3566], [14.6213, -16.4202], [14.7499, -16.4735], [14.8438, -16.5367], [14.9004, -16.581], [14.913, -16.694], [14.9837, -16.7465], [15.1053, -16.7488], [15.2742, -16.7199], [15.3552, -16.7296], [15.4709, -16.8588], [15.6415, -17.0107], [15.727, -17.0671]]}}, {"type": "Feature", "properties": {"country": "Angola", "operator": "AngolaTelecoms"}, "geometry": {"type": "LineString", "coordinates": [[19.9136, -11.7858], [19.9038, -11.6758], [19.8998, -11.6651], [19.9301, -11.6084], [20.166, -11.4328], [20.1911, -11.2249], [20.2264, -11.1763], [20.1942, -10.9725], [20.2193, -10.831], [20.2498, -10.7731], [20.1766, -10.552], [20.1577, -10.4446], [20.1772, -10.3564], [20.2404, -10.2897], [20.3039, -10.0068], [20.3628, -9.9478], [20.408, -9.7434], [20.4004, -9.6663]]}}, {"type": "Feature", "properties": {"country": "Angola", "operator": "AngolaTelecoms"}, "geometry": {"type": "LineString", "coordinates": [[16.3422, -9.5415], [16.356, -9.5505], [16.3839, -9.5638], [16.4001, -9.6693], [16.4235, -9.7657], [16.4288, -9.7856], [16.3321, -9.8344], [16.2696, -9.899], [16.2134, -9.9761], [16.1438, -10.1305], [16.1166, -10.2682], [16.1061, -10.4194], [16.0138, -10.5081], [16.0661, -10.6306], [16.1158, -10.6944], [16.083, -10.8424], [16.1461, -11.008], [16.1734, -11.1217], [16.1804, -11.1788], [16.1605, -11.2213], [16.1833, -11.272], [16.2111, -11.3339], [16.268, -11.393], [16.3112, -11.4112], [16.3516, -11.461], [16.4144, -11.4897], [16.4422, -11.52], [16.4981, -11.4946], [16.6293, -11.4828], [16.7029, -11.4881], [16.6747, -11.6031], [16.6874, -11.7125], [16.6751, -11.8238], [16.6914, -11.9207], [16.721, -12.0169], [16.7083, -12.1194], [16.7487, -12.1663], [16.7655, -12.21], [16.8027, -12.2485], [16.8287, -12.3126], [16.878, -12.329], [16.9384, -12.3319]]}}, {"type": "Feature", "properties": {"country": "Angola", "operator": "AngolaTelecoms"}, "geometry": {"type": "LineString", "coordinates": [[15.247, -9.2662], [15.2526, -9.2813], [15.2797, -9.2899], [15.348, -9.3308], [15.3494, -9.3314], [15.3933, -9.3509], [15.3972, -9.3507], [15.4924, -9.3726], [15.5384, -9.3922], [15.5736, -9.3888], [15.6299, -9.4232], [15.724, -9.4244], [15.7423, -9.4249], [15.7457, -9.4286], [15.7707, -9.4488], [15.8453, -9.4636], [15.9074, -9.4789], [15.9681, -9.5092], [16.0132, -9.5085], [16.0676, -9.5139], [16.1111, -9.5082], [16.1529, -9.4928], [16.2104, -9.509], [16.2676, -9.5162], [16.3401, -9.5414], [16.4007, -9.5432], [16.4635, -9.5179], [16.5027, -9.5046], [16.5374, -9.4914], [16.6161, -9.4976], [16.6656, -9.4947], [16.7392, -9.4747], [16.8127, -9.4791], [16.8685, -9.4834], [16.9196, -9.4733], [16.9794, -9.4815], [17.0218, -9.4525], [17.0421, -9.4239], [17.0649, -9.3958], [17.1031, -9.4024], [17.1305, -9.414], [17.1446, -9.4082], [17.1522, -9.3885], [17.1708, -9.3799], [17.2329, -9.3997], [17.2712, -9.4076], [17.3261, -9.4206], [17.3771, -9.4214], [17.4206, -9.429], [17.4691, -9.4584], [17.505, -9.4863], [17.5265, -9.4975], [17.5694, -9.5193], [17.5997, -9.5378], [17.6542, -9.5571], [17.6731, -9.5685], [17.6978, -9.566], [17.7017, -9.5652], [17.7354, -9.5462], [17.748, -9.5346], [17.7824, -9.5432], [17.8026, -9.5403], [17.8032, -9.5397], [17.8128, -9.5205], [17.853, -9.4885], [17.9167, -9.4334], [18.0033, -9.4061], [18.0882, -9.4038], [18.1273, -9.3653], [18.195, -9.3291], [18.2316, -9.279], [18.2817, -9.3016], [18.3055, -9.3284], [18.4357, -9.4193], [18.4561, -9.4144], [18.5653, -9.4534], [18.6743, -9.5278], [18.6903, -9.553], [18.7744, -9.5911], [18.7955, -9.6026], [18.8546, -9.5918], [18.9308, -9.6275], [18.9789, -9.6848], [19.0594, -9.7067], [19.1212, -9.7604], [19.1441, -9.7843], [19.1417, -9.8287], [19.2103, -9.83], [19.211, -9.8966], [19.2116, -9.9449], [19.2297, -9.9903], [19.2648, -10.0048], [19.3026, -10.053], [19.2656, -10.1466], [19.3744, -10.1129], [19.4666, -10.0781], [19.5574, -10.0308], [19.6521, -10.028], [19.7651, -9.9786], [19.8821, -9.9562], [19.9979, -9.9088], [20.0948, -9.8531], [20.2266, -9.7497], [20.3338, -9.6587], [20.4008, -9.6662], [20.4281, -9.5822], [20.482, -9.4588], [20.4813, -9.2518], [20.4527, -9.1161], [20.45, -9.0121], [20.5643, -8.9726], [20.654, -8.8665], [20.6979, -8.7693], [20.7143, -8.721], [20.6788, -8.5761], [20.6585, -8.3925], [20.6527, -8.1814], [20.6791, -8.0031], [20.6977, -7.7744], [20.6996, -7.6417], [20.751, -7.511], [20.8139, -7.4126], [20.8355, -7.3734], [20.9503, -7.3984], [21.0459, -7.4228], [21.1201, -7.4042], [21.1838, -7.3703], [21.1886, -7.3701], [21.2711, -7.4649], [21.2866, -7.5653], [21.2586, -7.6619], [21.2508, -7.7731], [21.2095, -7.9115], [21.2001, -7.9168], [21.1822, -7.9907], [21.2053, -8.0274], [21.1485, -8.0837], [21.1005, -8.1167], [21.0833, -8.2649], [20.9354, -8.2593], [20.8897, -8.3283], [20.8851, -8.3318], [20.8159, -8.4068], [20.7356, -8.4287], [20.6708, -8.4687]]}}, {"type": "Feature", "properties": {"country": "Angola", "operator": "AngolaTelecoms"}, "geometry": {"type": "LineString", "coordinates": [[12.1657, -15.1844], [12.2272, -15.1215], [12.3609, -15.0276], [12.4722, -15.0163], [12.7104, -15.0235], [12.9123, -15.0428], [13.0338, -15.0452], [13.2307, -15.0545], [13.3119, -15.0887], [13.4757, -14.9508], [13.4964, -14.9211], [13.5839, -14.8671], [13.7304, -14.7864], [13.7272, -14.7897], [13.8446, -14.7742], [13.9056, -14.6722], [13.9797, -14.6082], [14.0497, -14.6087], [14.1216, -14.4834], [14.3296, -14.268], [14.5382, -14.1006], [14.628, -13.9423], [14.6961, -13.7781], [14.9205, -13.7715], [15.0532, -13.7509], [15.0858, -13.6861], [15.1201, -13.6721], [15.1595, -13.5531], [15.2193, -13.4863], [15.2882, -13.44], [15.3366, -13.4491], [15.4021, -13.4013], [15.5038, -13.3873], [15.5625, -13.3702], [15.6498, -13.2217], [15.6498, -13.1494], [15.6496, -13.0738], [15.6321, -12.9796], [15.5636, -12.8537]]}}, {"type": "Feature", "properties": {"country": "Angola", "operator": "AngolaTelecoms"}, "geometry": {"type": "LineString", "coordinates": [[15.7293, -17.0676], [15.8413, -17.0629], [16.0032, -17.0822], [16.2349, -17.0986], [16.4107, -17.1264], [16.5781, -17.14], [16.6165, -16.9841], [16.7494, -16.9539], [16.8922, -16.9082], [17.0606, -16.864], [17.1878, -16.8231], [17.3794, -16.7718], [17.4955, -16.7413], [17.6597, -16.6864], [17.7575, -16.6527], [17.8892, -16.6719], [18.0518, -16.8634], [18.1591, -16.9907], [18.2716, -17.1727], [18.3759, -17.3239], [18.4259, -17.3737], [18.5162, -17.4772], [18.6599, -17.5508], [18.6699, -17.5516], [18.8444, -17.5964], [19.0339, -17.6433], [19.316, -17.6751], [19.6615, -17.7273], [19.9024, -17.7389], [20.1107, -17.7499], [20.4554, -17.7751], [20.6975, -17.782], [20.8622, -17.7808], [21.1219, -17.7998], [21.6188, -17.8316], [22.0711, -17.8961]]}}, {"type": "Feature", "properties": {"country": "Angola", "operator": "AngolaTelecoms"}, "geometry": {"type": "LineString", "coordinates": [[12.1584, -15.1848], [11.8467, -14.9691], [11.7244, -14.7638], [11.7374, -14.4358], [11.8978, -14.2073], [11.9095, -14.2041], [12.1827, -14.0648], [12.4042, -14.0467], [12.2485, -13.8905], [12.0215, -13.6132], [12.0321, -13.4962], [12.1557, -13.0388], [12.3264, -12.7904], [12.7111, -12.5856], [13.0627, -12.5483], [13.4085, -12.5732], [12.9929, -12.3637], [12.9896, -12.3637], [12.8099, -12.0775], [12.8514, -11.6306], [13.0737, -11.3368], [13.543, -11.2429], [13.8492, -11.212], [13.543, -11.0592], [13.5314, -11.0569], [13.2015, -10.9112], [12.8797, -10.6818], [12.6851, -10.371], [12.5874, -9.8912], [12.5928, -9.3568], [12.7817, -9.113], [12.9839, -8.9573], [13.2412, -8.8328], [12.9706, -8.8278], [12.6016, -8.6736], [12.5765, -8.5662], [12.6087, -8.2262], [12.8288, -8.0616], [13.1185, -7.8331], [12.7518, -7.9096], [12.4258, -7.8859], [12.2522, -7.6486], [12.1712, -7.3473], [12.1061, -7.0436], [12.0479, -6.7587], [12.0899, -6.5592], [12.2502, -6.2968], [12.3517, -6.144], [12.1011, -6.2062], [11.9235, -6.1562], [11.8626, -6.0024], [11.8775, -5.899], [12.0296, -5.709], [12.1937, -5.5574]]}}, {"type": "Feature", "properties": {"country": "Angola", "operator": "AngolaTelecoms"}, "geometry": {"type": "LineString", "coordinates": [[15.9356, -7.3884], [15.9992, -7.4293], [16.064, -7.4616], [16.1312, -7.5062], [16.2415, -7.5653], [16.3348, -7.6226], [16.4191, -7.6798], [16.5323, -7.7446], [16.6023, -7.7846], [16.7111, -7.8696], [16.819, -7.9516], [16.9135, -8.0194], [16.9662, -8.0752], [17.0226, -8.1492], [17.0655, -8.2136], [17.0508, -8.2747], [17.0314, -8.3601], [17.1955, -8.3641], [17.2192, -8.3634], [17.2816, -8.3203], [17.367, -8.2666], [17.4844, -8.2678], [17.5966, -8.3524], [17.7939, -8.4579], [17.8403, -8.5366], [17.8976, -8.6788], [17.9682, -8.746], [17.9689, -8.7474], [18.0038, -8.7898], [18.0294, -8.8915], [18.0294, -8.8935], [18.0242, -8.9738], [18.0242, -8.9765], [18.0518, -9.0506], [18.0629, -9.0911], [18.0413, -9.1526], [18.0378, -9.1526], [17.9813, -9.204], [17.9806, -9.2074], [17.9793, -9.2108], [17.9372, -9.2878], [17.9372, -9.2885], [17.906, -9.3581], [17.8931, -9.4013], [17.9062, -9.4428]]}}, {"type": "Feature", "properties": {"country": "Angola", "operator": "AngolaTelecoms"}, "geometry": {"type": "LineString", "coordinates": [[20.4049, -9.6607], [20.6083, -9.6644], [20.6732, -9.7095], [20.7793, -9.7048], [20.868, -9.7097], [20.9463, -9.7264], [21.0293, -9.7896], [21.0554, -9.8424], [21.2108, -9.905], [21.2306, -9.9837], [21.216, -10.0597], [21.2015, -10.1405], [21.1668, -10.2171], [21.1766, -10.3604], [21.2019, -10.4466], [21.2573, -10.4731], [21.2756, -10.5274], [21.3195, -10.5935], [21.3767, -10.5994], [21.4798, -10.5803], [21.6046, -10.5748], [21.722, -10.5294], [21.8612, -10.5453], [21.9539, -10.5862], [21.9571, -10.5882], [21.9687, -10.6241], [22.0406, -10.6687], [22.1245, -10.7183], [22.1867, -10.7252]]}}, {"type": "Feature", "properties": {"country": "Botswana", "operator": "Botswana Gov"}, "geometry": {"type": "LineString", "coordinates": [[21.6557, -21.6981], [21.6065, -21.699], [21.5581, -21.6948], [21.4929, -21.7017], [21.4329, -21.7072], [21.4109, -21.7123], [21.3809, -21.734], [21.333, -21.7372], [21.2706, -21.7492], [21.2093, -21.7604], [21.1848, -21.7674], [21.1243, -21.775], [21.0368, -21.9021], [21.0309, -21.9266], [21.0298, -21.9398], [21.0245, -21.9461], [20.9994, -21.948]]}}, {"type": "Feature", "properties": {"country": "Botswana", "operator": "Botswana Gov"}, "geometry": {"type": "LineString", "coordinates": [[25.8682, -24.6594], [25.8391, -24.6364], [25.8305, -24.6394], [25.7647, -24.6524], [25.6691, -24.6586], [25.6218, -24.6908], [25.5253, -24.6882], [25.4398, -24.7627], [25.388, -24.8342], [25.3484, -24.907], [25.2954, -24.9553], [25.0413, -24.8246], [24.8817, -24.7183], [24.7689, -24.5918], [24.6721, -24.6172], [24.5586, -24.6122], [24.4619, -24.5859], [24.3497, -24.593], [24.2085, -24.5646], [24.1168, -24.556], [23.9459, -24.5224], [23.8222, -24.4735], [23.6057, -24.3894], [23.329, -24.2685], [23.1784, -24.1748], [23.0787, -24.0782], [22.818, -23.703], [22.7537, -23.6785], [22.4373, -23.3084], [21.9642, -22.7196], [21.9266, -22.6594], [21.8823, -22.5665], [21.7942, -22.4885], [21.7005, -22.3583], [21.5843, -22.1639], [21.5304, -22.058], [21.5418, -21.9949], [21.5936, -21.9377], [21.6149, -21.8611], [21.6425, -21.7937], [21.6556, -21.6979], [21.7592, -21.5926], [21.8063, -21.5781], [21.9028, -21.548], [22.0313, -21.4881], [22.1246, -21.3885], [22.201, -21.2921], [22.3324, -21.1474], [22.3961, -21.0777], [22.4225, -21.0035], [22.4322, -20.88], [22.4916, -20.7544], [22.5353, -20.6678], [22.5409, -20.5867], [22.5543, -20.5292], [22.6512, -20.4876], [22.7393, -20.4521], [22.7632, -20.4107], [22.882, -20.3693], [22.9749, -20.3472], [23.1695, -20.2385], [23.3072, -20.1208], [23.3666, -20.037], [23.4306, -19.9919], [23.4393, -20.0311], [23.5056, -20.0744], [23.6351, -20.1374], [23.7058, -20.1676], [23.7857, -20.1631], [23.8567, -20.1876], [24.1153, -20.19], [24.1271, -20.212], [24.1859, -20.2218], [24.213, -20.2502], [24.2485, -20.2588], [24.2633, -20.3136], [24.3147, -20.3583], [24.4007, -20.4284], [24.4531, -20.4242], [24.5026, -20.4722], [24.4026, -20.651], [24.387, -20.7666], [24.3576, -20.8393], [24.3616, -21.0252], [24.418, -21.0711], [24.4386, -21.0924], [24.4749, -21.0909], [24.5915, -21.1457], [24.6488, -21.1248], [24.7008, -21.1341], [24.7384, -21.141], [24.8078, -21.1967], [24.8773, -21.2168], [24.9791, -21.2772], [25.0889, -21.2951], [25.2683, -21.3135], [25.4309, -21.3309], [25.4333, -21.3562], [25.579, -21.4278], [25.666, -21.5636], [25.7989, -21.641], [25.9045, -21.7254], [25.9973, -21.7793], [26.1265, -21.786], [26.2003, -21.7855], [26.442, -21.87], [26.5091, -21.9927], [26.6135, -22.1438], [26.7096, -22.2258], [26.7626, -22.2527], [26.7966, -22.2589], [26.7792, -22.2883], [26.7544, -22.3209], [26.7464, -22.4209], [26.8217, -22.4333], [26.9298, -22.4889], [27.0279, -22.5257], [27.0817, -22.5375], [27.1002, -22.6218], [27.0043, -22.809], [26.8988, -22.9541], [26.8251, -23.1083], [26.7185, -23.3518], [26.6193, -23.4955], [26.474, -23.7464], [26.3793, -23.905], [26.2679, -24.1031], [26.151, -24.2508], [26.1383, -24.2871], [26.0833, -24.3619], [26.0823, -24.4198], [25.9965, -24.5252], [25.9207, -24.6124], [25.8682, -24.6594], [25.8774, -24.6791], [25.8597, -24.7186], [25.8156, -24.7963], [25.7881, -24.8765], [25.743, -25.0138], [25.7346, -25.0604], [25.7051, -25.1217], [25.6801, -25.1929], [25.6752, -25.2292], [25.7123, -25.2745], [25.6751, -25.2284], [25.6802, -25.1923], [25.7052, -25.1197], [25.735, -25.061], [25.7433, -25.0142], [25.788, -24.8769], [25.8162, -24.796], [25.8597, -24.719], [25.8772, -24.6791], [25.8682, -24.6594], [25.8854, -24.6436], [25.8527, -24.5984], [25.8041, -24.5438], [25.7675, -24.5341], [25.7533, -24.5005], [25.7198, -24.4745], [25.6575, -24.4625], [25.6162, -24.4397], [25.5776, -24.3971], [25.5454, -24.3993], [25.5414, -24.3561], [25.5512, -24.271], [25.5806, -24.2232], [25.5878, -24.1435], [25.6434, -24.0051], [25.6761, -23.8803], [25.6893, -23.8041], [25.7384, -23.7551], [25.761, -23.6669], [25.8173, -23.6071], [25.813, -23.5789], [25.7763, -23.52], [25.7597, -23.4485], [25.7921, -23.4101], [25.8566, -23.3429], [25.9516, -23.272], [26.0651, -23.2194], [26.1124, -23.2005], [26.1435, -23.1566], [26.199, -23.1238], [26.2668, -23.1514], [26.3218, -23.1585], [26.3982, -23.1538], [26.422, -23.1249], [26.4224, -23.0807], [26.3901, -23.0361], [26.3739, -23.0123], [26.3846, -22.9855], [26.4135, -23.0025], [26.4712, -23.0155], [26.5179, -23.0335], [26.5386, -23.0871], [26.5445, -23.0991], [26.5955, -23.1357], [26.6126, -23.1391], [26.6622, -23.1242], [26.7026, -23.1194], [26.7213, -23.1238], [26.7634, -23.1171], [26.8243, -23.1093], [26.8903, -23.1089], [26.9626, -23.127], [27.0487, -23.1213], [27.132, -23.1134], [27.1589, -23.1065], [27.1643, -23.105], [27.2418, -23.0845], [27.2739, -23.0466], [27.2905, -23.0161], [27.3229, -22.9837], [27.3588, -22.9639], [27.3984, -22.9438], [27.4042, -22.9385], [27.4093, -22.9235], [27.4084, -22.904], [27.4045, -22.8891], [27.4038, -22.8723], [27.4214, -22.864], [27.4495, -22.8692], [27.4799, -22.8716], [27.5312, -22.882], [27.5468, -22.8785], [27.5643, -22.8766], [27.5891, -22.8683], [27.5913, -22.8611], [27.6077, -22.8486], [27.625, -22.8297], [27.655, -22.8391], [27.6842, -22.848], [27.7176, -22.8515], [27.7304, -22.8535], [27.7522, -22.8004], [27.763, -22.792], [27.7752, -22.7926], [27.7745, -22.7704], [27.7715, -22.7539], [27.7735, -22.7364], [27.7596, -22.7155], [27.7456, -22.6836], [27.7358, -22.6693], [27.7142, -22.6571], [27.6834, -22.6281], [27.6591, -22.6012], [27.6567, -22.578], [27.6395, -22.559], [27.6351, -22.5427], [27.6443, -22.5169], [27.6372, -22.491], [27.6325, -22.4673], [27.6556, -22.4302], [27.6937, -22.423], [27.7209, -22.4116], [27.7456, -22.4048], [27.7777, -22.3985], [27.7976, -22.3873], [27.8149, -22.3543], [27.8365, -22.33], [27.8486, -22.3069], [27.8939, -22.2653], [27.9391, -22.2285], [27.9759, -22.2022], [27.9787, -22.1848], [27.9634, -22.1696], [27.9067, -22.0867], [27.8556, -22.0096], [27.839, -21.9836], [27.8275, -21.9801], [27.8194, -21.9794], [27.8232, -21.9703], [27.8226, -21.9683], [27.8033, -21.9716], [27.7858, -21.9748], [27.7725, -21.978], [27.7483, -21.9685], [27.7464, -21.9834], [27.7341, -22.0001], [27.6301, -22.0873], [27.4912, -22.2056], [27.4747, -22.2119], [27.4664, -22.2269], [27.4529, -22.2425], [27.2964, -22.3859], [27.2837, -22.3983], [27.2254, -22.4683], [27.1745, -22.5343], [27.1694, -22.5416], [27.1499, -22.5402], [27.1311, -22.5545], [27.0815, -22.5376], [27.1066, -22.512], [27.1539, -22.4852], [27.1719, -22.4688], [27.1893, -22.4471], [27.2079, -22.4057], [27.2384, -22.3275], [27.2644, -22.1297], [27.3146, -21.9293], [27.3376, -21.8665], [27.3723, -21.6541], [27.3716, -21.6042], [27.4739, -21.351], [27.5117, -21.1709], [27.5145, -21.1544], [27.545, -21.1179], [27.5966, -20.9813], [27.6235, -20.8668], [27.6064, -20.786], [27.583, -20.7412], [27.6025, -20.6878], [27.6376, -20.6439], [27.6438, -20.5907], [27.6598, -20.5677], [27.6976, -20.5561], [27.7249, -20.548], [27.7299, -20.5446], [27.7239, -20.5464], [27.6716, -20.5601], [27.6628, -20.5485], [27.657, -20.5391], [27.6513, -20.5371], [27.6513, -20.5326], [27.6421, -20.5296], [27.6202, -20.5287], [27.596, -20.5327], [27.5884, -20.5337], [27.5795, -20.5358], [27.5686, -20.5294], [27.5641, -20.5253], [27.5426, -20.5215], [27.5332, -20.518], [27.5259, -20.5172], [27.5208, -20.5138], [27.5165, -20.5144], [27.5052, -20.5116], [27.4957, -20.5105], [27.485, -20.5083], [27.4796, -20.5071], [27.4686, -20.5076], [27.4527, -20.5037], [27.4451, -20.5029], [27.4389, -20.5044], [27.4362, -20.5046], [27.4357, -20.517], [27.4358, -20.5255], [27.4395, -20.5313], [27.4404, -20.5386], [27.3872, -20.5798], [27.3103, -20.6155], [27.2743, -20.6935], [27.2225, -20.7705], [27.2261, -20.8539], [27.2298, -20.9041], [27.26, -20.9388], [27.3256, -20.9839], [27.4043, -21.0471], [27.4374, -21.1052], [27.455, -21.1384], [27.485, -21.1578], [27.5122, -21.1661], [27.3468, -21.1118], [27.169, -21.0872], [27.0411, -21.0911], [26.8292, -21.0643], [26.7618, -21.0777], [26.558, -21.1952], [26.3843, -21.2556], [26.2826, -21.3028], [25.9746, -21.3284], [25.7451, -21.3134], [25.6977, -21.3095], [25.5419, -21.3271], [25.4308, -21.331]]}}, {"type": "Feature", "properties": {"country": "Botswana", "operator": "Botswana Gov"}, "geometry": {"type": "LineString", "coordinates": [[27.2306, -20.9033], [27.1136, -20.8397], [27.0149, -20.7926], [26.9349, -20.7589], [26.7266, -20.6857], [26.4767, -20.5666], [26.409, -20.5193], [26.391, -20.4293], [26.3233, -20.3662], [26.3029, -20.3035], [26.2814, -20.2351], [26.2424, -20.2164], [26.2384, -20.2165], [26.1786, -20.2086], [26.1723, -20.0814], [26.1496, -19.9526], [26.1105, -19.7953], [26.0421, -19.6789], [25.8781, -19.3738], [25.6996, -19.0387], [25.5963, -18.8456], [25.5961, -18.7419], [25.6334, -18.5736], [25.5973, -18.4935], [25.5225, -18.4374], [25.4715, -18.3661], [25.4446, -18.2884], [25.4072, -18.1847], [25.357, -18.134], [25.2853, -18.075], [25.2327, -17.9491], [25.2105, -17.8913], [25.2322, -17.8411], [25.2415, -17.8075], [25.2615, -17.7931]]}}, {"type": "Feature", "properties": {"country": "Botswana", "operator": "Botswana Gov"}, "geometry": {"type": "LineString", "coordinates": [[26.1787, -20.2086], [26.1801, -20.2111], [26.1736, -20.2127], [26.1627, -20.2143], [26.1517, -20.2128], [26.1351, -20.2049], [26.1095, -20.1988], [26.0921, -20.1941], [26.0618, -20.1843], [26.0375, -20.1813], [26.0154, -20.1758], [25.9908, -20.1683], [25.9797, -20.1679], [25.9617, -20.1679], [25.9428, -20.1663], [25.9134, -20.1605], [25.901, -20.1593], [25.8795, -20.1593], [25.8665, -20.1599], [25.8526, -20.1595], [25.8365, -20.1572], [25.8201, -20.1533], [25.8013, -20.1502], [25.7842, -20.1496], [25.7662, -20.151], [25.7432, -20.1509], [25.7187, -20.1425], [25.692, -20.1415], [25.6628, -20.1361], [25.6314, -20.1307], [25.6079, -20.1308], [25.5806, -20.1342], [25.5158, -20.1391], [25.4298, -20.1665], [25.3393, -20.1814], [25.2466, -20.1921], [25.1648, -20.2048], [25.0123, -20.2218], [24.8551, -20.2448], [24.7642, -20.2552], [24.6331, -20.2241], [24.5463, -20.2053], [24.455, -20.1885], [24.4082, -20.1821], [24.3189, -20.1902], [24.216, -20.1857], [24.1471, -20.1842], [24.1151, -20.19]]}}, {"type": "Feature", "properties": {"country": "Burundi", "operator": "Burundi Backbone System"}, "geometry": {"type": "LineString", "coordinates": [[30.4093, -2.666], [30.4037, -2.6944], [30.4152, -2.7131], [30.4091, -2.7292], [30.3966, -2.7377], [30.3669, -2.781], [30.355, -2.8084], [30.3618, -2.8283], [30.3501, -2.8408], [30.3312, -2.8598], [30.3183, -2.8903], [30.3015, -2.9116], [30.3008, -2.9116], [30.279, -2.9166], [30.2559, -2.9367], [30.2366, -2.9477], [30.2047, -2.9596], [30.1956, -2.9881], [30.1791, -3.0202], [30.1594, -3.034], [30.1516, -3.0616], [30.1412, -3.0903], [30.1314, -3.1022], [30.1379, -3.1177], [30.1491, -3.1278], [30.0961, -3.1971], [30.0643, -3.2407], [30.0458, -3.286], [30.0421, -3.3168], [30.0208, -3.3365], [30.0219, -3.3504], [30.0053, -3.3543], [29.9839, -3.3497], [29.9637, -3.3674], [29.9417, -3.4048], [29.9276, -3.4206], [29.9385, -3.4385], [29.9538, -3.4659], [29.9365, -3.4781], [29.9355, -3.496], [29.8916, -3.5117], [29.8363, -3.509], [29.7886, -3.51], [29.744, -3.5084], [29.7062, -3.5149], [29.6871, -3.5091], [29.6538, -3.5069], [29.6296, -3.5088], [29.6073, -3.5196], [29.597, -3.5267], [29.5796, -3.523], [29.5766, -3.5046], [29.569, -3.4998], [29.5636, -3.482], [29.4951, -3.4789], [29.4829, -3.4729], [29.4749, -3.4799], [29.4674, -3.4732], [29.4699, -3.4622], [29.4516, -3.4425], [29.4361, -3.4325], [29.4265, -3.4331], [29.4135, -3.4351], [29.409, -3.4287], [29.4059, -3.4249], [29.3846, -3.4219], [29.3757, -3.4193], [29.3652, -3.3921], [29.35, -3.3683], [29.3904, -3.3493], [29.4192, -3.3372], [29.443, -3.3213], [29.474, -3.3288], [29.5047, -3.3285], [29.5138, -3.3077], [29.5256, -3.3127], [29.5348, -3.3102], [29.5361, -3.3094], [29.5512, -3.2805], [29.5661, -3.2435], [29.6092, -3.2213], [29.6355, -3.195], [29.604, -3.1313], [29.6185, -3.0389], [29.6103, -3.027], [29.6339, -3.0006], [29.638, -2.9593], [29.6278, -2.9209], [29.5984, -2.9057], [29.5836, -2.8675], [29.6131, -2.8421], [29.6219, -2.8141], [29.6565, -2.8031], [29.6667, -2.7837]]}}, {"type": "Feature", "properties": {"country": "Burundi", "operator": "Burundi Backbone System"}, "geometry": {"type": "LineString", "coordinates": [[29.6195, -2.9165], [29.6265, -2.9109], [29.6293, -2.9023], [29.6329, -2.8953], [29.6589, -2.8959], [29.6783, -2.8978], [29.703, -2.9008], [29.7176, -2.9077], [29.7219, -2.9099], [29.7223, -2.9099], [29.7272, -2.9036], [29.7361, -2.9007], [29.7393, -2.9051], [29.7593, -2.9039], [29.7647, -2.8903], [29.7651, -2.8903], [29.7787, -2.8909], [29.7958, -2.8991], [29.811, -2.9122], [29.8244, -2.911], [29.8341, -2.9042], [29.8431, -2.907], [29.8422, -2.9137], [29.8521, -2.9122], [29.8571, -2.9176], [29.8859, -2.9122], [29.8976, -2.9089], [29.9027, -2.8969], [29.9238, -2.8884], [29.924, -2.8878], [29.9275, -2.8755], [29.9492, -2.8628], [29.971, -2.8584], [29.9793, -2.8596], [29.998, -2.869], [30.0048, -2.8715], [30.0179, -2.8575], [30.0307, -2.8507], [30.045, -2.8535], [30.058, -2.8417], [30.0637, -2.8364], [30.0695, -2.835], [30.0738, -2.8327], [30.0759, -2.8412], [30.1007, -2.8095], [30.1058, -2.7969], [30.0964, -2.7902], [30.0962, -2.79], [30.0892, -2.7791], [30.0875, -2.7654], [30.0933, -2.7561], [30.1021, -2.7532], [30.1005, -2.7279], [30.1037, -2.7055], [30.1044, -2.6948], [30.1018, -2.6876], [30.1039, -2.6763], [30.0983, -2.6628], [30.0977, -2.6563], [30.0933, -2.6498], [30.0961, -2.6313], [30.0813, -2.6152], [30.078, -2.6099], [30.0882, -2.5958], [30.0989, -2.5789], [30.1089, -2.5703], [30.1278, -2.5685], [30.1314, -2.5654], [30.1315, -2.5646], [30.1325, -2.5584], [30.1406, -2.5569], [30.1432, -2.5594], [30.1463, -2.557], [30.1518, -2.5534], [30.169, -2.5498], [30.1712, -2.5264], [30.1757, -2.5171], [30.1818, -2.5136], [30.1804, -2.5084], [30.1878, -2.5014], [30.1909, -2.4897], [30.1804, -2.4725], [30.1814, -2.4642], [30.1775, -2.4598], [30.1811, -2.4444], [30.1873, -2.4414], [30.2038, -2.4175], [30.217, -2.4111], [30.2206, -2.403], [30.2187, -2.3762], [30.2202, -2.3705]]}}, {"type": "Feature", "properties": {"country": "Burundi", "operator": "Burundi Backbone System"}, "geometry": {"type": "LineString", "coordinates": [[30.1009, -2.8115], [30.1116, -2.8185], [30.1207, -2.8179], [30.1277, -2.8173], [30.1399, -2.8208], [30.1467, -2.8308], [30.1498, -2.83], [30.1546, -2.8344], [30.167, -2.8313], [30.185, -2.8345], [30.1976, -2.8325], [30.2068, -2.8383], [30.2045, -2.8483], [30.2159, -2.846], [30.2225, -2.8526], [30.2318, -2.8458], [30.2423, -2.8511], [30.2508, -2.8539], [30.2568, -2.8572], [30.2577, -2.8674], [30.2668, -2.8589], [30.2828, -2.8599], [30.2919, -2.8713], [30.3157, -2.8681], [30.3311, -2.8599]]}}, {"type": "Feature", "properties": {"country": "Burundi", "operator": "Burundi Backbone System"}, "geometry": {"type": "LineString", "coordinates": [[29.5459, -3.2907], [29.5537, -3.2967], [29.56, -3.2988], [29.5685, -3.293], [29.5793, -3.2952], [29.5905, -3.3021], [29.5974, -3.2976], [29.6091, -3.2954], [29.6135, -3.2792], [29.6158, -3.2711], [29.6179, -3.2675], [29.634, -3.2655], [29.6396, -3.264], [29.6553, -3.2711], [29.6707, -3.2679], [29.6859, -3.2687], [29.6958, -3.2753], [29.7079, -3.2832], [29.7258, -3.2945], [29.7377, -3.2984], [29.751, -3.304], [29.7515, -3.3046], [29.7551, -3.3042], [29.7576, -3.2981], [29.7619, -3.2962], [29.7661, -3.2987], [29.7775, -3.2951], [29.781, -3.2939], [29.7854, -3.2973], [29.7891, -3.2926], [29.8007, -3.2926], [29.8071, -3.2939], [29.8238, -3.3031], [29.8289, -3.3145], [29.8355, -3.329], [29.843, -3.3332], [29.8516, -3.3369], [29.8595, -3.3573], [29.8624, -3.3752], [29.8724, -3.3843], [29.8867, -3.4039], [29.9035, -3.4157], [29.9148, -3.4192], [29.9219, -3.4258], [29.9263, -3.4267], [29.9291, -3.423]]}}, {"type": "Feature", "properties": {"country": "Burundi", "operator": "Burundi Backbone System"}, "geometry": {"type": "LineString", "coordinates": [[29.9537, -3.467], [29.9603, -3.5008], [29.9832, -3.5272], [29.9778, -3.5593], [29.9778, -3.5605], [29.978, -3.6065], [29.9801, -3.6234], [30.0127, -3.6151], [30.046, -3.6155], [30.0674, -3.6142], [30.0677, -3.6142], [30.0904, -3.6028], [30.1234, -3.5781], [30.1517, -3.5541], [30.1727, -3.5265], [30.1914, -3.5065], [30.2027, -3.4733], [30.2303, -3.4762], [30.2496, -3.4647], [30.2859, -3.4531], [30.2969, -3.4404], [30.3087, -3.4354], [30.3333, -3.4287], [30.3342, -3.4278], [30.3479, -3.4145], [30.3548, -3.3909], [30.3824, -3.3756], [30.4091, -3.3739], [30.4281, -3.3553], [30.4717, -3.322], [30.4753, -3.3092], [30.4867, -3.3094], [30.4888, -3.2758], [30.5081, -3.2565], [30.5332, -3.2454], [30.5461, -3.2299], [30.5483, -3.2142], [30.5657, -3.2094], [30.5779, -3.2266], [30.5715, -3.2883]]}}, {"type": "Feature", "properties": {"country": "Burundi", "operator": "Burundi Backbone System"}, "geometry": {"type": "LineString", "coordinates": [[29.597, -3.5267], [29.6, -3.5287], [29.6011, -3.5313], [29.5947, -3.544], [29.5938, -3.5535], [29.598, -3.5751], [29.594, -3.5807], [29.594, -3.5814], [29.5966, -3.5873], [29.591, -3.5925], [29.5933, -3.6019], [29.599, -3.6116], [29.5933, -3.6181], [29.592, -3.623], [29.5935, -3.6321], [29.5986, -3.6339], [29.6018, -3.6475], [29.6074, -3.6507], [29.6184, -3.6489], [29.6184, -3.6492], [29.6259, -3.6537], [29.6368, -3.6546], [29.6462, -3.6646], [29.6564, -3.6672], [29.6617, -3.6764], [29.6628, -3.7035], [29.6593, -3.7175], [29.6593, -3.7177], [29.6595, -3.7269], [29.6575, -3.7368], [29.6725, -3.752], [29.6794, -3.7576], [29.69, -3.7582], [29.6937, -3.7704], [29.7157, -3.7754], [29.7212, -3.7778], [29.7221, -3.7884], [29.7278, -3.7923], [29.7377, -3.7951], [29.7512, -3.8072], [29.7624, -3.819], [29.7673, -3.8215], [29.7866, -3.8419], [29.7933, -3.8538], [29.798, -3.8515], [29.8087, -3.855], [29.8141, -3.8554], [29.8146, -3.8558], [29.8298, -3.8663], [29.8363, -3.8706], [29.8544, -3.8596], [29.8582, -3.8665], [29.8638, -3.8649], [29.8837, -3.8637], [29.9009, -3.8502], [29.9288, -3.8535], [29.9416, -3.857], [29.958, -3.8705], [29.9679, -3.8799], [29.9656, -3.9015], [29.9837, -3.9193], [29.9856, -3.9233], [29.9852, -3.9335], [29.9901, -3.9458], [30.0232, -3.9722], [30.0321, -3.9803], [30.0329, -3.9875], [30.0234, -3.9864], [30.0231, -3.9864], [30.0062, -3.9893], [30.0058, -3.9894], [29.9875, -3.9917], [29.9719, -4.0028], [29.961, -4.0104], [29.9564, -4.0235], [29.9571, -4.0378], [29.9521, -4.0577], [29.9563, -4.0705], [29.9506, -4.0925], [29.9501, -4.093], [29.9456, -4.1095], [29.9439, -4.1178], [29.9273, -4.1175], [29.9188, -4.1131], [29.909, -4.1262], [29.9001, -4.1384], [29.8764, -4.1461], [29.8751, -4.1465], [29.8469, -4.1471], [29.8224, -4.149], [29.8037, -4.1357], [29.7912, -4.1522], [29.7951, -4.1624], [29.7967, -4.1838], [29.7965, -4.1842], [29.7916, -4.194], [29.7927, -4.2144], [29.7994, -4.2255], [29.7962, -4.2395], [29.7852, -4.2549], [29.7845, -4.2556], [29.7761, -4.2662], [29.7765, -4.3042], [29.7753, -4.3262], [29.7706, -4.3429], [29.7702, -4.3436], [29.7631, -4.3832], [29.7557, -4.4142], [29.7572, -4.4218], [29.7626, -4.4352], [29.7639, -4.4383]]}}, {"type": "Feature", "properties": {"country": "Burundi", "operator": "Burundi Backbone System"}, "geometry": {"type": "LineString", "coordinates": [[29.0402, -2.7372], [29.1032, -2.8552], [29.1869, -2.9589], [29.2412, -3.0072], [29.2577, -3.0401], [29.2694, -3.1094], [29.3402, -3.3598], [29.3519, -3.3689], [29.3609, -3.3923], [29.3434, -3.53], [29.3434, -3.5336], [29.3551, -3.5813], [29.3405, -3.6444], [29.3134, -3.7192], [29.343, -3.793], [29.378, -3.8697], [29.4185, -3.9436], [29.4463, -4.0039], [29.4581, -4.0067], [29.4904, -4.0715], [29.4949, -4.0913], [29.5416, -4.1903], [29.5577, -4.2595], [29.5758, -4.2986], [29.6029, -4.3248], [29.6038, -4.3428], [29.6876, -4.3075], [29.7323, -4.2739], [29.7368, -4.271], [29.748, -4.2758], [29.7584, -4.2764], [29.7694, -4.2766], [29.7763, -4.2704]]}}, {"type": "Feature", "properties": {"country": "Burundi", "operator": "Burundi Backbone System"}, "geometry": {"type": "LineString", "coordinates": [[29.4535, -4.006], [29.4737, -4.002], [29.4856, -4.0077], [29.4987, -4.0112], [29.5088, -4.0001], [29.5279, -3.9893], [29.5594, -3.9857], [29.587, -3.9866], [29.6009, -3.9787], [29.6178, -3.9496], [29.6199, -3.946], [29.6299, -3.95], [29.6482, -3.938], [29.6587, -3.9416], [29.6699, -3.9242], [29.6766, -3.9059], [29.6895, -3.9014], [29.7073, -3.902], [29.7113, -3.8949], [29.7081, -3.8862], [29.7255, -3.8489], [29.735, -3.8309], [29.7467, -3.8266], [29.7664, -3.8205]]}}, {"type": "Feature", "properties": {"country": "Burundi", "operator": "Burundi Backbone System"}, "geometry": {"type": "LineString", "coordinates": [[29.2136, -3.3389], [29.247, -3.3346], [29.2681, -3.339], [29.2848, -3.3455], [29.3054, -3.3481], [29.3235, -3.3528], [29.3405, -3.3605], [29.3604, -3.3821], [29.366, -3.3575], [29.3755, -3.3268], [29.3981, -3.3128], [29.4172, -3.269], [29.4138, -3.2529], [29.4129, -3.2515], [29.4007, -3.2167], [29.4048, -3.1884], [29.4007, -3.1679], [29.3665, -3.1585], [29.3634, -3.1347], [29.3779, -3.1045], [29.3876, -3.0915], [29.4004, -3.0828]]}}, {"type": "Feature", "properties": {"country": "Cameroon", "operator": "Camtel"}, "geometry": {"type": "LineString", "coordinates": [[9.6996, 4.0633], [9.6899, 4.0529], [9.6929, 4.0203], [9.7129, 4.0141], [9.7195, 4.0194], [9.7376, 4.0109], [9.7776, 3.9984], [9.7948, 3.9927], [9.8117, 4.0008], [9.8308, 3.9966], [9.8671, 4.0068], [9.8812, 4.0043], [9.9054, 3.9872], [9.9241, 3.9697], [9.9395, 3.9694], [9.9786, 3.9492], [9.9987, 3.9499], [10.0366, 3.947], [10.0544, 3.9315], [10.0628, 3.9022], [10.0747, 3.8717], [10.0917, 3.8388], [10.0912, 3.8255], [10.1055, 3.8112], [10.1294, 3.7982], [10.1369, 3.7806], [10.1309, 3.767], [10.1187, 3.7491], [10.1075, 3.7193], [10.1028, 3.6917], [10.1143, 3.6569], [10.1122, 3.6163], [10.1144, 3.5842], [10.1055, 3.5704], [10.1114, 3.5567], [10.1167, 3.5513], [10.112, 3.5361], [10.1113, 3.5336], [10.111, 3.5154], [10.1183, 3.5044], [10.119, 3.4945], [10.1342, 3.4782], [10.1344, 3.4758], [10.1305, 3.4606], [10.1254, 3.4388], [10.1249, 3.4107], [10.1164, 3.4027], [10.1097, 3.3923], [10.1042, 3.3762], [10.1021, 3.3588], [10.0972, 3.3336], [10.0909, 3.3183], [10.082, 3.2921], [10.0703, 3.2698], [10.055, 3.2531], [10.0316, 3.2316], [10.0176, 3.2199], [10.0287, 3.191], [10.0236, 3.1584], [10.0159, 3.1381], [10.0047, 3.1331], [9.9991, 3.1179], [9.987, 3.0906], [9.9765, 3.075], [9.974, 3.0633], [9.9649, 3.0519], [9.9704, 3.0325], [9.9702, 3.0242], [9.9588, 3.0218], [9.9499, 3.0071], [9.9369, 2.9922], [9.9227, 2.9829], [9.9118, 2.9615], [9.9147, 2.9436], [9.9398, 2.9617], [9.9684, 2.9786], [9.9848, 2.9806], [10.0074, 2.9888], [10.0241, 2.9991], [10.0312, 3.0037], [10.0493, 3.005], [10.0675, 3.0085], [10.0776, 3.0053], [10.0928, 3.0163], [10.1025, 3.018], [10.1092, 3.0328], [10.1118, 3.0428], [10.1213, 3.0473], [10.1281, 3.0527], [10.1395, 3.0475], [10.1466, 3.048], [10.1513, 3.0511], [10.157, 3.0482], [10.1651, 3.0493], [10.1784, 3.0562], [10.1886, 3.0575], [10.2027, 3.0601], [10.2121, 3.052], [10.227, 3.0432], [10.2469, 3.0495], [10.2646, 3.048], [10.2739, 3.0564], [10.3103, 3.054], [10.3196, 3.0617], [10.3241, 3.0599], [10.3356, 3.0678], [10.3684, 3.0706], [10.3777, 3.0707], [10.3858, 3.0735], [10.4016, 3.0735], [10.4144, 3.0798], [10.436, 3.0929], [10.4545, 3.1035], [10.4766, 3.1176], [10.5033, 3.136], [10.523, 3.1521], [10.5406, 3.1682], [10.5503, 3.1705], [10.5622, 3.1806], [10.5765, 3.1877], [10.5809, 3.1956], [10.5919, 3.2035], [10.599, 3.2117], [10.6119, 3.2153], [10.6301, 3.2308], [10.6446, 3.2269], [10.6592, 3.2274], [10.679, 3.2271], [10.6959, 3.2299], [10.7083, 3.2325], [10.7146, 3.2367], [10.7279, 3.236], [10.8232, 3.294], [10.9283, 3.3446], [11.0598, 3.4114], [11.1606, 3.4533], [11.278, 3.5254], [11.3492, 3.5773], [11.3521, 3.6082], [11.3521, 3.6092], [11.3512, 3.6387], [11.3512, 3.6396], [11.363, 3.6818], [11.3743, 3.7057], [11.3946, 3.732], [11.3955, 3.7334], [11.4121, 3.7756], [11.4182, 3.7902], [11.4375, 3.8365], [11.4513, 3.8746], [11.4945, 3.9801], [11.5492, 4.0498], [11.5448, 4.0858], [11.5302, 4.1295], [11.5385, 4.1692], [11.5783, 4.1984], [11.6127, 4.2401], [11.6546, 4.2734], [11.6605, 4.2898], [11.6815, 4.3116], [11.6913, 4.3251], [11.6917, 4.326], [11.6982, 4.346], [11.7071, 4.3609], [11.7281, 4.3725], [11.756, 4.3925], [11.7808, 4.3883], [11.8082, 4.3953], [11.8246, 4.4037], [11.8376, 4.4125], [11.8525, 4.4218], [11.8707, 4.4339], [11.8884, 4.4432], [11.914, 4.4488], [11.9374, 4.4614], [11.964, 4.4679], [11.9784, 4.4935], [11.9937, 4.4969], [12.0165, 4.5038], [12.0323, 4.5066], [12.0403, 4.5122], [12.0701, 4.5024], [12.0981, 4.5034], [12.127, 4.5061], [12.1433, 4.535], [12.1662, 4.5578], [12.1982, 4.5703], [12.2196, 4.594], [12.2303, 4.6061], [12.2453, 4.6108], [12.2569, 4.6159], [12.2551, 4.6256], [12.2639, 4.6289], [12.2788, 4.6303], [12.3049, 4.6349], [12.3217, 4.6442], [12.3395, 4.6488], [12.3423, 4.6488], [12.3493, 4.6512], [12.3567, 4.6661], [12.368, 4.6744], [12.3753, 4.6915], [12.3884, 4.6982], [12.3962, 4.7164], [12.4083, 4.715], [12.4204, 4.7175], [12.4488, 4.7464], [12.4838, 4.7907], [12.4934, 4.8033], [12.5117, 4.8314], [12.5407, 4.8557], [12.5417, 4.8565], [12.5519, 4.8603], [12.5589, 4.8715], [12.5777, 4.8809], [12.6011, 4.8844], [12.6051, 4.8877], [12.604, 4.8949], [12.6223, 4.9005], [12.629, 4.897], [12.6446, 4.8978], [12.6804, 4.8952], [12.7046, 4.9], [12.7164, 4.9014], [12.7226, 4.9129], [12.7406, 4.9222], [12.7406, 4.9292], [12.7575, 4.9359], [12.7779, 4.9501], [12.808, 4.9399], [12.8399, 4.9485], [12.8544, 4.9477], [12.8549, 4.9482], [12.8786, 4.9573], [12.9086, 4.9709], [12.921, 4.9664], [12.9462, 4.9763], [12.9475, 4.9757], [12.9698, 4.9704], [12.9989, 4.9541], [13.014, 4.9458], [13.0223, 4.9396], [13.0226, 4.9396], [13.0467, 4.9209], [13.0534, 4.915], [13.0634, 4.9137], [13.0736, 4.9059], [13.0822, 4.9075], [13.0891, 4.9126], [13.0902, 4.9126], [13.0991, 4.912], [13.1053, 4.9193], [13.1144, 4.9144], [13.1243, 4.9203], [13.1383, 4.9155], [13.1385, 4.9045], [13.157, 4.8957], [13.1587, 4.8957], [13.1686, 4.8965], [13.1772, 4.8882], [13.197, 4.8866], [13.2035, 4.8927], [13.2156, 4.8959], [13.2328, 4.9082], [13.2483, 4.916], [13.2639, 4.917], [13.2693, 4.9141], [13.3019, 4.9338], [13.3053, 4.9411], [13.3047, 4.9551], [13.3105, 4.9632], [13.3118, 4.9768], [13.3135, 4.984], [13.3151, 4.9937], [13.3229, 5.0041], [13.3233, 5.0168], [13.3383, 5.0258], [13.3441, 5.0391], [13.3585, 5.0479], [13.3601, 5.0547], [13.367, 5.0612], [13.3755, 5.0729], [13.3905, 5.0842], [13.397, 5.0845], [13.4015, 5.0897], [13.4025, 5.0988], [13.3996, 5.1095], [13.399, 5.1189], [13.3928, 5.1223], [13.3895, 5.1337], [13.3925, 5.1408], [13.3912, 5.1545], [13.3912, 5.1658], [13.3876, 5.1739], [13.388, 5.1915], [13.386, 5.2028], [13.5714, 5.2555], [13.7038, 5.2995], [13.8863, 5.3641], [14.0393, 5.408], [14.0864, 5.493], [14.1365, 5.5136], [14.1483, 5.5136], [14.1571, 5.5165], [14.2691, 5.5136], [14.3222, 5.5224], [14.3784, 5.6515], [14.4493, 5.7161], [14.5203, 5.7866], [14.5766, 5.8219], [14.5472, 5.8983], [14.494, 5.8895], [14.4586, 5.9306], [14.3851, 6.0806], [14.3824, 6.169], [14.3796, 6.2309], [14.3737, 6.2398], [14.3503, 6.3342], [14.2913, 6.4051], [14.2262, 6.4316]]}}, {"type": "Feature", "properties": {"country": "Congo", "operator": "Congo National Backbone"}, "geometry": {"type": "LineString", "coordinates": [[12.8735, -2.091], [12.7985, -2.2014], [12.799, -2.2908], [12.7031, -2.3464], [12.7173, -2.4493], [12.6559, -2.5253], [12.7112, -2.5936], [12.691, -2.6693], [12.7049, -2.7036], [12.6914, -2.7518], [12.7124, -2.8272], [12.7059, -2.9096], [12.6444, -2.9787], [12.6522, -3.164], [12.6799, -3.1982], [12.6667, -3.3081], [12.6808, -3.3904], [12.6124, -3.4458], [12.599, -3.5076], [12.6405, -3.5622], [12.6408, -3.624], [12.807, -3.9042], [12.9115, -4.1337], [12.9107, -4.1496]]}}, {"type": "Feature", "properties": {"country": "Congo", "operator": "Congo National Backbone"}, "geometry": {"type": "LineString", "coordinates": [[12.9088, -4.1477], [13.015, -4.1796], [13.0558, -4.1741], [13.0884, -4.1777], [13.1547, -4.1886], [13.2256, -4.1592], [13.2694, -4.163], [13.3006, -4.1738], [13.3032, -4.1733], [13.3417, -4.164], [13.3606, -4.1585], [13.3735, -4.1683], [13.401, -4.1672], [13.4203, -4.1854], [13.4328, -4.1845], [13.4455, -4.1758], [13.4981, -4.1715], [13.5505, -4.1612], [13.5822, -4.1638], [13.6126, -4.1725], [13.6276, -4.1779], [13.6508, -4.1727], [13.6875, -4.1932], [13.7037, -4.1955], [13.7275, -4.1859], [13.7348, -4.1848], [13.7454, -4.1995], [13.7813, -4.2006], [13.7987, -4.202], [13.8419, -4.1858], [13.8539, -4.1594], [13.8635, -4.1169], [13.8924, -4.11], [13.9178, -4.1139], [13.9437, -4.112], [13.9653, -4.184], [13.9812, -4.1947], [14.0235, -4.197], [14.0663, -4.2301], [14.0925, -4.2938], [14.108, -4.3151], [14.1529, -4.2995], [14.1885, -4.277], [14.2238, -4.2496], [14.2794, -4.2359], [14.3152, -4.2571], [14.3377, -4.2513], [14.3635, -4.2656], [14.4271, -4.2508], [14.4861, -4.2832], [14.5493, -4.2992], [14.6222, -4.293], [14.65, -4.2764], [14.6767, -4.3134], [14.6951, -4.3319], [14.7309, -4.332], [14.7505, -4.3353], [14.766, -4.3743], [14.8041, -4.3719], [14.857, -4.3567], [14.8933, -4.3495], [14.9281, -4.357], [14.9693, -4.3722], [14.9964, -4.3962], [15.0155, -4.3873], [15.034, -4.3638], [15.0536, -4.3468], [15.0689, -4.3267], [15.0859, -4.3252], [15.1131, -4.3337], [15.1574, -4.3238], [15.1879, -4.3103], [15.23, -4.3069], [15.2463, -4.29], [15.2818, -4.2658], [15.2917, -4.2567], [15.2713, -4.2187], [15.2543, -4.1806], [15.2811, -4.1438], [15.2827, -4.1437], [15.3368, -4.1349], [15.3589, -4.1194], [15.3718, -4.0775], [15.3685, -4.0387], [15.36, -4.0107], [15.383, -3.9916], [15.3994, -3.9196], [15.4419, -3.8319], [15.4829, -3.7459], [15.5117, -3.6218], [15.5106, -3.5408], [15.5224, -3.4763], [15.5421, -3.4042], [15.5529, -3.3534], [15.5841, -3.3071], [15.5945, -3.228], [15.6181, -3.1735], [15.6244, -3.1117], [15.6399, -3.0575], [15.6657, -3.0159], [15.6453, -2.9392], [15.6355, -2.9186], [15.6225, -2.8989], [15.6163, -2.8862], [15.609, -2.906], [15.5537, -2.8646], [15.536, -2.8119], [15.5171, -2.7503], [15.5794, -2.6648], [15.64, -2.6023], [15.6857, -2.5525], [15.7501, -2.4865], [15.7586, -2.4291], [15.809, -2.3386], [15.8374, -2.2466], [15.8592, -2.1509], [15.8827, -2.0737], [15.8663, -2.0136], [15.8728, -1.9396], [15.8686, -1.8799], [15.895, -1.8536], [15.9072, -1.8158], [15.9263, -1.7807], [15.9273, -1.7466], [15.8971, -1.705], [15.8809, -1.6871], [15.8786, -1.5963], [15.8902, -1.5269], [15.9242, -1.4882], [15.9323, -1.4327], [15.9341, -1.3808], [15.8995, -1.3657], [15.9006, -1.317], [15.8984, -1.266], [15.9572, -1.1841], [15.9636, -1.1433], [15.9389, -1.0966], [15.8892, -1.0535], [15.8134, -1.0057], [15.7259, -0.9301], [15.7913, -0.869], [15.8419, -0.802], [15.8869, -0.7707], [15.864, -0.7257], [15.9197, -0.6583], [15.8838, -0.5551], [15.9214, -0.5052], [15.9212, -0.501], [15.8812, -0.3999], [15.783, -0.3579], [15.7538, -0.2585], [15.6929, -0.1082], [15.5971, 0.0258], [15.5024, 0.2268], [15.407, 0.3924], [15.3944, 0.4401], [15.3947, 0.5282], [15.3623, 0.6403], [15.3379, 0.7149], [15.3447, 0.7952], [15.3645, 0.8213], [15.4863, 0.8241], [15.5481, 0.8498], [15.6162, 0.9384], [15.7008, 1.0677], [15.7652, 1.1773], [15.8248, 1.2991], [15.8663, 1.4035], [15.8979, 1.4949], [15.9552, 1.5749], [16.06, 1.6192], [16.0717, 1.6528]]}}, {"type": "Feature", "properties": {"country": "Congo", "operator": "Congo National Backbone"}, "geometry": {"type": "LineString", "coordinates": [[11.8397, -4.7933], [11.8539, -4.8132], [11.8828, -4.7974], [11.9089, -4.8041], [11.9352, -4.7949], [11.9381, -4.7699], [12.018, -4.642], [12.0404, -4.6315], [12.0394, -4.6038], [12.0605, -4.5841], [12.0763, -4.5762], [12.0713, -4.5537], [12.0898, -4.5393], [12.0899, -4.5248], [12.107, -4.5195], [12.1863, -4.5606], [12.2195, -4.5132], [12.2197, -4.4921], [12.2435, -4.4657], [12.258, -4.4605], [12.2701, -4.4302], [12.2663, -4.417], [12.3191, -4.3709], [12.3519, -4.3604], [12.3665, -4.3367], [12.3978, -4.3433], [12.4293, -4.3276], [12.4452, -4.3091], [12.4455, -4.2827], [12.4732, -4.2603], [12.4927, -4.2657], [12.5479, -4.2341], [12.552, -4.2156], [12.5714, -4.2341], [12.5717, -4.2025], [12.5861, -4.2025], [12.6005, -4.2038], [12.6175, -4.1986], [12.6253, -4.2078], [12.6696, -4.2171], [12.6894, -4.1947], [12.7104, -4.1868], [12.7247, -4.1935], [12.7824, -4.1764], [12.8021, -4.1619], [12.8128, -4.1395], [12.8324, -4.1395], [12.8494, -4.1329], [12.9052, -4.1481], [12.9107, -4.1496]]}}, {"type": "Feature", "properties": {"country": "DRC", "operator": "DRC National Backbone"}, "geometry": {"type": "LineString", "coordinates": [[12.3579, -5.9437], [12.4415, -5.8692], [12.5366, -5.8435], [12.6041, -5.8499], [12.6383, -5.8765], [12.7396, -5.8301], [12.8057, -5.811], [12.8101, -5.8109], [12.8616, -5.8071], [12.8641, -5.8082], [12.932, -5.8328], [13.0086, -5.8465], [13.0105, -5.8477], [13.0541, -5.8497], [13.0592, -5.827], [13.0566, -5.8239], [13.0366, -5.78], [13.0486, -5.7527], [13.1579, -5.6746], [13.2343, -5.6151], [13.2904, -5.4934], [13.3501, -5.4893], [13.3922, -5.5351], [13.443, -5.5776], [13.437, -5.6436], [13.4403, -5.7724], [13.4487, -5.8047], [13.4347, -5.8238], [13.4597, -5.8401], [13.4913, -5.8398], [13.5488, -5.8515], [13.5494, -5.8514], [13.5987, -5.8364], [13.5999, -5.8351], [13.6438, -5.7846], [13.6819, -5.753], [13.6837, -5.7523], [13.7343, -5.7385], [13.7853, -5.7077], [13.8763, -5.7022], [13.9271, -5.6784], [14.0456, -5.6895], [14.1128, -5.6902], [14.1653, -5.675], [14.2678, -5.6135], [14.4249, -5.5672], [14.5094, -5.531], [14.6352, -5.4567], [14.7034, -5.3823], [14.82, -5.2691], [14.8594, -5.2617], [14.9083, -5.2389], [14.9547, -5.1913], [15.0347, -5.1578], [15.0742, -5.1341], [15.0754, -5.1322], [15.1257, -5.0695], [15.1276, -5.0669], [15.1537, -5.0136], [15.1537, -5.0117], [15.1506, -4.9341], [15.1876, -4.8455], [15.1851, -4.7805], [15.2003, -4.7266], [15.21, -4.6707], [15.1767, -4.6036], [15.1652, -4.577], [15.1798, -4.5397], [15.1933, -4.5055], [15.2184, -4.4835], [15.2358, -4.458], [15.2531, -4.4475], [15.2585, -4.4073], [15.28, -4.393], [15.2979, -4.3387], [15.314, -4.3326]]}}, {"type": "Feature", "properties": {"country": "Ethiopia", "operator": "Ethiopia Telecoms"}, "geometry": {"type": "LineString", "coordinates": [[35.3882, 13.9907], [35.4771, 13.7332], [35.6282, 13.5593], [35.7526, 13.5131], [35.8258, 13.2966], [35.8767, 13.2007], [36.1163, 12.9828], [36.4204, 12.7831], [36.5569, 12.6416], [36.7208, 12.6176], [36.756, 12.5747], [36.7963, 12.5925], [36.9349, 12.5505], [36.9855, 12.5176], [37.0461, 12.5124], [37.0621, 12.5595], [37.082, 12.5675], [37.1175, 12.559], [37.1651, 12.5281], [37.1886, 12.5442], [37.1968, 12.5278], [37.3417, 12.531], [37.4269, 12.5466], [37.4637, 12.6147], [37.4279, 12.5468], [37.4424, 12.4898], [37.481, 12.4769], [37.5246, 12.4062], [37.5558, 12.3887], [37.5709, 12.3537], [37.599, 12.3249], [37.6291, 12.2533], [37.635, 12.2154], [37.6758, 12.1983], [37.6735, 12.1874], [37.7185, 12.1706], [37.7456, 12.1539], [37.745, 12.14], [37.7625, 12.144], [37.7754, 12.1212], [37.7371, 12.0598], [37.7124, 11.996], [37.7086, 11.9497], [37.713, 11.9413], [37.6968, 11.9237], [37.6643, 11.8808], [37.6604, 11.8637], [37.6292, 11.8343], [37.6068, 11.8251], [37.5725, 11.802], [37.5364, 11.7561], [37.5057, 11.7262], [37.4949, 11.7045], [37.4746, 11.6948], [37.4605, 11.6757], [37.4647, 11.6564], [37.4613, 11.6424], [37.4612, 11.6315], [37.4432, 11.5978], [37.3844, 11.596], [37.3653, 11.5978], [37.3436, 11.5764], [37.3264, 11.5572], [37.3128, 11.5359], [37.3046, 11.5094], [37.283, 11.467], [37.2521, 11.4522], [37.2074, 11.435], [37.1697, 11.4244], [37.15, 11.4132], [37.125, 11.4113], [37.0745, 11.3923], [37.0329, 11.3656], [36.993, 11.3576], [36.9687, 11.362], [36.9278, 11.3372], [36.8862, 11.2773], [36.8639, 11.2754], [36.8479, 11.2548], [36.8594, 11.1965], [36.8671, 11.1478], [36.8925, 11.0554], [36.9184, 11.0199], [36.9318, 10.9659], [36.9382, 10.9458], [36.9609, 10.9166], [36.9999, 10.8729], [37.026, 10.8485], [37.0478, 10.8363], [37.0534, 10.8064], [37.0517, 10.7571], [37.0682, 10.717], [37.0979, 10.7093], [37.1268, 10.7049], [37.192, 10.7009], [37.241, 10.6774], [37.2775, 10.681], [37.3075, 10.6818], [37.337, 10.671], [37.3733, 10.6771], [37.3968, 10.6348], [37.4173, 10.6208], [37.4238, 10.5998], [37.4474, 10.5738], [37.4958, 10.5597], [37.5143, 10.5311], [37.5395, 10.4989], [37.5708, 10.4749], [37.5661, 10.4291], [37.566, 10.4267], [37.5787, 10.3936], [37.6178, 10.3616], [37.6701, 10.349], [37.6933, 10.3575], [37.7284, 10.3393], [37.7354, 10.3055], [37.7655, 10.2955], [37.7858, 10.2807], [37.7917, 10.2911], [37.8143, 10.2732], [37.846, 10.2479], [37.8826, 10.2386], [37.9081, 10.2488], [37.9284, 10.2357], [37.9432, 10.25], [37.9887, 10.2261], [38.0527, 10.2342], [38.0832, 10.2491], [38.1218, 10.2414], [38.1369, 10.2195], [38.1454, 10.1767], [38.1663, 10.1416], [38.1493, 10.1142], [38.1848, 10.0871], [38.1952, 10.0681], [38.2302, 10.0596], [38.2505, 10.0542], [38.2361, 10.0427], [38.2506, 10.0047], [38.2999, 9.9646], [38.3505, 9.8996], [38.381, 9.8631], [38.3823, 9.8405], [38.4251, 9.7973], [38.4639, 9.7732], [38.4933, 9.7743], [38.5206, 9.7791], [38.5356, 9.7939], [38.5562, 9.8135], [38.5856, 9.8243], [38.6025, 9.808], [38.6456, 9.8121], [38.6707, 9.8037], [38.6932, 9.7892], [38.7289, 9.7762], [38.754, 9.7608], [38.7759, 9.7518], [38.7953, 9.734], [38.8116, 9.7274], [38.8204, 9.7208], [38.8217, 9.7054], [38.8254, 9.6813], [38.8193, 9.6524], [38.8472, 9.6087], [38.8615, 9.586], [38.8719, 9.5508], [38.8758, 9.4817], [38.8821, 9.4655], [38.8697, 9.4521], [38.8587, 9.4265], [38.8438, 9.4139], [38.8428, 9.3977], [38.8305, 9.3947], [38.816, 9.4005], [38.7945, 9.3799], [38.7773, 9.3697], [38.7587, 9.3258], [38.7552, 9.305], [38.7611, 9.2671], [38.754, 9.2321], [38.7593, 9.1998], [38.7539, 9.1644], [38.7528, 9.1403], [38.7445, 9.1299], [38.7298, 9.1172], [38.7101, 9.1054], [38.7373, 9.0737], [38.7528, 9.0352], [38.7597, 9.011], [38.7941, 9.0177], [38.8294, 9.0365], [38.8644, 9.0408], [38.8769, 9.0583], [38.9197, 9.0875], [38.9811, 9.1051], [39.0018, 9.1313], [39.0282, 9.1566], [39.0482, 9.1589], [39.0825, 9.168], [39.1273, 9.1666], [39.1613, 9.2092], [39.1893, 9.2376], [39.2342, 9.2743], [39.2673, 9.3123], [39.3053, 9.3421], [39.3377, 9.3849], [39.3495, 9.4079], [39.3597, 9.4382], [39.3942, 9.4634], [39.4173, 9.4904], [39.4356, 9.5166], [39.4653, 9.5427], [39.4886, 9.5732], [39.503, 9.6042], [39.4941, 9.6132], [39.5136, 9.6636], [39.5374, 9.6797], [39.5664, 9.7], [39.5933, 9.7004], [39.6177, 9.6919], [39.631, 9.7117], [39.6397, 9.7348], [39.6602, 9.7464], [39.6722, 9.7814], [39.6833, 9.8117], [39.708, 9.8214], [39.7373, 9.8256], [39.7474, 9.848], [39.7683, 9.8488], [39.801, 9.8574], [39.8112, 9.876], [39.8276, 9.8847], [39.8367, 9.8993], [39.8575, 9.9244], [39.8561, 9.9481], [39.8648, 9.9673], [39.8939, 9.9883], [39.9242, 10.0188], [39.9431, 10.0516], [39.9758, 10.0828], [39.9714, 10.1146], [39.9687, 10.1456], [39.981, 10.1787], [39.9849, 10.2069], [40.0021, 10.2464], [39.9844, 10.2686], [39.9848, 10.2971], [39.9885, 10.3202], [39.9684, 10.3425], [39.9339, 10.3536], [39.9324, 10.3999], [39.9348, 10.4282], [39.9384, 10.4581], [39.9328, 10.4705], [39.9439, 10.4913], [39.9501, 10.5197], [39.9463, 10.5434], [39.9149, 10.5846], [39.9225, 10.5975], [39.924, 10.634], [39.8977, 10.6889], [39.866, 10.717], [39.851, 10.7157], [39.8275, 10.751], [39.8364, 10.7882], [39.827, 10.8151], [39.8084, 10.8382], [39.8129, 10.8608], [39.8084, 10.886], [39.802, 10.8983], [39.7897, 10.9075], [39.7751, 10.9658], [39.7585, 11.0056], [39.7494, 11.0524], [39.7408, 11.0835], [39.7056, 11.0896], [39.6964, 11.0849], [39.6755, 11.1007], [39.6608, 11.1002], [39.6339, 11.0975], [39.6347, 11.1345], [39.6689, 11.1685], [39.681, 11.1635], [39.6881, 11.2013], [39.6934, 11.2229], [39.6799, 11.2645], [39.6781, 11.3164], [39.6751, 11.3425], [39.6449, 11.3767], [39.6183, 11.4152], [39.6103, 11.4356], [39.6172, 11.4476], [39.622, 11.4905], [39.6115, 11.5035], [39.6102, 11.5212], [39.6097, 11.5405], [39.6429, 11.5533], [39.6647, 11.5709], [39.6627, 11.5961], [39.6727, 11.6055], [39.6774, 11.636], [39.6744, 11.6515], [39.6572, 11.6623], [39.6535, 11.6916], [39.6572, 11.7125], [39.6444, 11.7394], [39.6108, 11.7545], [39.5814, 11.7735], [39.5916, 11.7878], [39.6076, 11.8069], [39.6102, 11.818], [39.6055, 11.8334], [39.6442, 11.8505], [39.6606, 11.8511], [39.6873, 11.8788], [39.6748, 11.9159], [39.6656, 11.9534], [39.6417, 11.9909], [39.6282, 12.0184], [39.6304, 12.0521], [39.6174, 12.1125], [39.6275, 12.1252], [39.6323, 12.1677], [39.6044, 12.2648], [39.5976, 12.2994], [39.6004, 12.3203], [39.5601, 12.4147], [39.5412, 12.4415], [39.5217, 12.4631], [39.5201, 12.5083], [39.5099, 12.528], [39.5253, 12.5714], [39.5346, 12.5888], [39.5225, 12.6009], [39.517, 12.6113], [39.527, 12.6198], [39.5341, 12.6515], [39.5395, 12.6929], [39.5446, 12.7084], [39.52, 12.7446], [39.5319, 12.7754], [39.5484, 12.796], [39.5478, 12.8328], [39.5654, 12.8471], [39.5615, 12.8698], [39.5279, 12.8981], [39.5041, 12.901], [39.4856, 12.9203], [39.4938, 12.9282], [39.5213, 12.9214], [39.5205, 12.9238], [39.5247, 12.9609], [39.5454, 12.9892], [39.5279, 13.0231], [39.497, 13.0607], [39.4922, 13.0826], [39.4991, 13.113], [39.4971, 13.1391], [39.5188, 13.197], [39.5143, 13.2354], [39.5163, 13.2968], [39.526, 13.3292], [39.5319, 13.3937], [39.5521, 13.4187], [39.5516, 13.4476], [39.5553, 13.4683], [39.5414, 13.4749], [39.5557, 13.4996], [39.5586, 13.5152], [39.5531, 13.5272], [39.5651, 13.5565], [39.5702, 13.6242], [39.572, 13.6377], [39.5778, 13.6416], [39.5667, 13.6682], [39.5843, 13.6976], [39.5915, 13.7367], [39.6014, 13.791], [39.6021, 13.8652], [39.5944, 13.9371], [39.5973, 14.0111], [39.5863, 14.0407], [39.5652, 14.0914], [39.578, 14.112], [39.5761, 14.113], [39.564, 14.1547], [39.5604, 14.1915], [39.5231, 14.2149], [39.4799, 14.2487], [39.4657, 14.2745], [39.4253, 14.2661], [39.3996, 14.2447], [39.3643, 14.221], [39.3367, 14.2547], [39.2989, 14.2765], [39.2663, 14.3176], [39.2432, 14.3398], [39.2286, 14.3278], [39.2178, 14.3141], [39.2013, 14.325], [39.2001, 14.3245], [39.1718, 14.3095], [39.151, 14.2826], [39.1221, 14.2756], [39.0964, 14.2695], [39.0611, 14.2716], [39.0512, 14.275], [39.0273, 14.253], [39.0128, 14.2325], [38.9986, 14.2343], [38.9809, 14.2254], [38.9566, 14.2165], [38.9575, 14.2038], [38.9409, 14.1913], [38.9293, 14.1919], [38.9227, 14.1925], [38.9131, 14.1765], [38.9007, 14.1663], [38.8875, 14.1681], [38.8883, 14.1805], [38.8846, 14.1869], [38.8711, 14.1668], [38.8139, 14.1505], [38.7574, 14.1251], [38.7159, 14.1257], [38.6797, 14.1109], [38.6661, 14.1032], [38.626, 14.1181], [38.6013, 14.1132], [38.5722, 14.1232], [38.5269, 14.1157], [38.4804, 14.1104], [38.4408, 14.0955], [38.4353, 14.0935], [38.4078, 14.0717], [38.3829, 14.0772], [38.358, 14.0785], [38.3319, 14.0776], [38.3208, 14.0918], [38.3358, 14.105], [38.3212, 14.116], [38.2802, 14.0998], [38.2503, 14.0791], [38.2332, 14.0792], [38.2238, 14.0507], [38.2093, 14.0098], [38.1817, 13.9533], [38.179, 13.9088], [38.1774, 13.8652], [38.2073, 13.83], [38.2091, 13.7841], [38.2133, 13.7611], [38.1983, 13.7361], [38.1757, 13.7166], [38.1733, 13.6959], [38.1561, 13.6731], [38.1523, 13.6348], [38.1442, 13.6108], [38.1301, 13.5584], [38.115, 13.5222], [38.1228, 13.4983], [38.0945, 13.4876], [38.0822, 13.4792], [38.0548, 13.4411], [38.0238, 13.4146], [37.9817, 13.3799], [37.9396, 13.366], [37.8991, 13.3389], [37.8763, 13.3377], [37.8549, 13.3183], [37.8626, 13.2812], [37.8914, 13.2411], [37.8862, 13.2011], [37.8985, 13.1658], [37.888, 13.1281], [37.8486, 13.096], [37.8193, 13.054], [37.7934, 13.0315], [37.7762, 12.9915], [37.7526, 12.9722], [37.741, 12.9061], [37.7318, 12.8585], [37.7093, 12.838], [37.689, 12.7959], [37.64, 12.7746], [37.5825, 12.7656], [37.5301, 12.7497], [37.5021, 12.7239], [37.4899, 12.724], [37.4979, 12.6781], [37.5023, 12.6705], [37.4859, 12.6534], [37.4637, 12.6145]]}}, {"type": "Feature", "properties": {"country": "Ethiopia", "operator": "Ethiopia Telecoms"}, "geometry": {"type": "LineString", "coordinates": [[36.5472, 9.0897], [36.5695, 9.092], [36.579, 9.088], [36.5872, 9.0794], [36.6019, 9.0769], [36.6041, 9.0555], [36.6128, 9.0359], [36.6368, 9.0279], [36.6582, 9.0332], [36.6736, 9.0318], [36.6824, 9.0317], [36.6977, 9.0447], [36.7224, 9.0449], [36.744, 9.0463], [36.7787, 9.0506], [36.7961, 9.0526], [36.8233, 9.039], [36.8368, 9.0449], [36.8461, 9.0353], [36.8632, 9.0347], [36.902, 9.0528], [36.9273, 9.0783], [36.9735, 9.1005], [37.0216, 9.1192], [37.0703, 9.1229], [37.1044, 9.1], [37.1273, 9.0894], [37.1548, 9.0946], [37.179, 9.0695], [37.1938, 9.0433], [37.2116, 9.0267], [37.2288, 9.024], [37.2736, 9.0177], [37.3125, 9.0048], [37.3449, 8.994], [37.3713, 8.9969], [37.4068, 9.013], [37.4146, 9.0231], [37.4401, 9.0207], [37.4668, 9.0132], [37.467, 8.9821], [37.4807, 8.9763], [37.505, 8.968], [37.5367, 8.9677], [37.539, 8.9689], [37.5739, 8.9733], [37.5985, 8.9819], [37.6197, 8.9915], [37.6368, 8.9784], [37.6397, 8.9779], [37.6699, 8.9723], [37.6924, 8.9842], [37.7188, 8.9913], [37.7243, 8.9985], [37.7517, 8.972], [37.756, 8.967], [37.7792, 8.986], [37.812, 8.9909], [37.8369, 8.9849], [37.8717, 8.9799], [37.9114, 8.9694], [37.9438, 8.973], [37.9479, 8.9732], [37.9698, 8.9787], [38.0004, 8.9724], [38.0231, 8.9757], [38.0637, 8.9965], [38.1067, 9.0163], [38.1419, 9.0299], [38.1703, 9.0237], [38.2028, 9.0181], [38.2253, 9.0139], [38.2424, 8.9989], [38.2749, 9.0072], [38.3183, 9.0189], [38.3645, 9.0231], [38.3842, 9.0475], [38.4352, 9.05], [38.4883, 9.0671], [38.5236, 9.0899], [38.5452, 9.0625], [38.5613, 9.0549], [38.5984, 9.0724], [38.6069, 9.0636], [38.6182, 9.0727], [38.6345, 9.0739], [38.646, 9.064], [38.6694, 9.0759], [38.6901, 9.0699], [38.7101, 9.0581], [38.7328, 9.0469], [38.7416, 9.0473], [38.7604, 9.0141], [38.7237, 9.0086], [38.706, 8.9865], [38.6818, 8.9763], [38.6686, 8.9416], [38.6575, 8.9273], [38.6011, 8.9059], [38.561, 8.8851], [38.536, 8.866], [38.5349, 8.8654], [38.5206, 8.8544], [38.4811, 8.8464], [38.4188, 8.8467], [38.3858, 8.8446], [38.3333, 8.7943], [38.2667, 8.7179], [38.1945, 8.6391], [38.176, 8.6348], [38.1457, 8.6452], [38.111, 8.6397], [38.0585, 8.6416], [38.0382, 8.6264], [37.9992, 8.5726], [37.9692, 8.5349], [37.9677, 8.5019], [37.9671, 8.5007], [37.9441, 8.4632], [37.8993, 8.4253], [37.8587, 8.3858], [37.8253, 8.3663], [37.8128, 8.3564], [37.7976, 8.3523], [37.7791, 8.3091], [37.7815, 8.2854], [37.7642, 8.2783], [37.7502, 8.2748], [37.729, 8.2622], [37.7118, 8.279], [37.6859, 8.2796], [37.6644, 8.2735], [37.6432, 8.2564], [37.6108, 8.2516], [37.5782, 8.2286], [37.5631, 8.2027], [37.5611, 8.1886], [37.5696, 8.1773], [37.5775, 8.1713], [37.5729, 8.1458], [37.571, 8.123], [37.5479, 8.0937], [37.5437, 8.0804], [37.5478, 8.0508], [37.5358, 8.0336], [37.5173, 8.013], [37.5114, 7.9732], [37.5097, 7.9703], [37.4923, 7.9429], [37.4607, 7.9306], [37.4217, 7.9068], [37.3892, 7.8874], [37.3626, 7.8739], [37.3457, 7.849], [37.3294, 7.8343], [37.33, 7.8192], [37.3151, 7.7841], [37.2677, 7.7786], [37.232, 7.7612], [37.2292, 7.7594], [37.1859, 7.7545], [37.1647, 7.7437], [37.1418, 7.727], [37.1141, 7.7274], [37.0772, 7.7095], [37.0755, 7.7094], [37.0442, 7.7121], [37.0327, 7.7069], [36.9873, 7.7113], [36.9503, 7.698], [36.9193, 7.6949], [36.894, 7.6735], [36.8799, 7.6613], [36.8564, 7.6748], [36.8396, 7.6694]]}}, {"type": "Feature", "properties": {"country": "Ethiopia", "operator": "Ethiopia Telecoms"}, "geometry": {"type": "LineString", "coordinates": [[41.86, 9.5865], [41.8755, 9.544], [41.8862, 9.5068], [41.905, 9.4903], [41.9053, 9.4903], [41.9067, 9.4896], [41.9155, 9.4846], [41.9187, 9.457], [41.9021, 9.4574], [41.9011, 9.4578], [41.8843, 9.4618], [41.8573, 9.4482], [41.8212, 9.4477], [41.7878, 9.4388], [41.749, 9.4376], [41.7311, 9.4449], [41.6892, 9.4296], [41.6594, 9.4295], [41.643, 9.4303], [41.6077, 9.4098], [41.5713, 9.3963], [41.5589, 9.3919], [41.5494, 9.4013], [41.5164, 9.388], [41.4937, 9.3788], [41.4588, 9.3822], [41.4453, 9.3903], [41.4278, 9.3844], [41.3911, 9.3831], [41.3707, 9.3714], [41.3514, 9.3747], [41.3267, 9.3648], [41.2959, 9.3444], [41.2883, 9.3343], [41.2589, 9.3304], [41.2508, 9.3211], [41.2325, 9.2974], [41.2018, 9.2775], [41.172, 9.2819], [41.1383, 9.2729], [41.1428, 9.2582], [41.1405, 9.2433], [41.1314, 9.2542], [41.1209, 9.2494], [41.1089, 9.2251], [41.0987, 9.2105], [41.1047, 9.1918], [41.1006, 9.1754], [41.0702, 9.1698], [41.0566, 9.1738], [41.0547, 9.1783], [41.0367, 9.1653], [41.0153, 9.1471], [40.983, 9.1294], [40.964, 9.1099], [40.9541, 9.1084], [40.9106, 9.0583], [40.9022, 9.0516], [40.8935, 9.0527], [40.8743, 9.0622], [40.8653, 9.071], [40.8661, 9.0848], [40.8617, 9.0971], [40.8454, 9.1214], [40.8278, 9.135], [40.8259, 9.1493], [40.8056, 9.1453], [40.7976, 9.1529], [40.7991, 9.1706], [40.7718, 9.2189], [40.7569, 9.2302], [40.737, 9.2268], [40.7063, 9.2139], [40.6749, 9.1983], [40.6473, 9.1921], [40.6231, 9.186], [40.6198, 9.1853], [40.6078, 9.1868], [40.5519, 9.1581], [40.5283, 9.15], [40.4829, 9.1288], [40.4384, 9.1143], [40.4272, 9.0778], [40.399, 9.0499], [40.382, 9.0237], [40.3106, 9.012], [40.2794, 9.0095], [40.2463, 9.0201], [40.2216, 9.0192], [40.2009, 9.0349], [40.1889, 9.0352], [40.1759, 9.0149], [40.1687, 8.993], [40.1513, 8.9766], [40.1166, 8.9589], [40.0731, 8.933], [40.0711, 8.9329], [40.0665, 8.9314], [40.0403, 8.9213], [40.0246, 8.9121], [40.0233, 8.9114], [39.9855, 8.9073], [39.9125, 8.9046], [39.8731, 8.9071], [39.854, 8.9202], [39.8348, 8.9162], [39.811, 8.8937], [39.7958, 8.8912], [39.7776, 8.8801], [39.7369, 8.8451], [39.727, 8.8421], [39.7127, 8.835], [39.7093, 8.8198], [39.7003, 8.811], [39.678, 8.8062], [39.6615, 8.7885], [39.6243, 8.7747], [39.6158, 8.771], [39.5601, 8.7224], [39.5487, 8.7082], [39.5333, 8.6958], [39.5139, 8.699], [39.5024, 8.6895], [39.4928, 8.6745], [39.455, 8.6742], [39.4235, 8.654], [39.3788, 8.6137], [39.3424, 8.5803], [39.3175, 8.561], [39.3046, 8.5429], [39.2941, 8.5385], [39.2859, 8.5461], [39.2729, 8.5416], [39.2464, 8.5367], [39.2367, 8.5298], [39.2082, 8.5489], [39.1788, 8.5607], [39.1445, 8.5789], [39.1248, 8.587], [39.1094, 8.5978], [39.0926, 8.6244], [39.057, 8.6607], [38.9917, 8.7428], [38.9521, 8.7533], [38.9112, 8.7868], [38.8815, 8.8181], [38.8376, 8.8306], [38.806, 8.8508], [38.7905, 8.8761], [38.7784, 8.8808], [38.7712, 8.8973], [38.7624, 8.9209], [38.7658, 8.9341], [38.7634, 8.9598], [38.7593, 8.9791], [38.7593, 9.0138], [38.7241, 9.0085], [38.706, 8.9865], [38.682, 8.9764], [38.6688, 8.9421], [38.6616, 8.9303], [38.6612, 8.9165], [38.647, 8.9009], [38.6453, 8.8917], [38.6566, 8.8864], [38.6587, 8.8794], [38.6581, 8.8764], [38.6617, 8.8642], [38.6617, 8.8599], [38.6568, 8.8518], [38.6545, 8.8351], [38.6484, 8.8179], [38.6449, 8.8151], [38.6405, 8.806], [38.6443, 8.7913], [38.6522, 8.7758], [38.6538, 8.7639], [38.6505, 8.7572], [38.6531, 8.7502], [38.6499, 8.7392], [38.6443, 8.7333], [38.6441, 8.73], [38.6311, 8.7198], [38.6099, 8.7071], [38.598, 8.6885], [38.595, 8.6646], [38.5981, 8.645], [38.6072, 8.6182], [38.606, 8.6063], [38.6256, 8.5908], [38.643, 8.5841], [38.6369, 8.5652], [38.6218, 8.5432], [38.6238, 8.5377], [38.6369, 8.5251], [38.6277, 8.4867], [38.6158, 8.4574], [38.6088, 8.434], [38.6266, 8.4162], [38.6236, 8.407], [38.6112, 8.4025], [38.588, 8.3745], [38.5669, 8.35], [38.5478, 8.3142], [38.5473, 8.3136], [38.5393, 8.2878], [38.5126, 8.2697], [38.4883, 8.2494], [38.4651, 8.2145], [38.4525, 8.1873], [38.4237, 8.159], [38.3894, 8.1456], [38.3764, 8.1152], [38.3776, 8.0993], [38.3705, 8.0786], [38.3652, 8.0676], [38.3455, 8.0576], [38.3341, 8.0324], [38.3214, 8.0076], [38.3023, 7.987], [38.281, 7.9641], [38.2707, 7.9524], [38.2419, 7.9326], [38.2338, 7.9091], [38.2094, 7.8817], [38.1894, 7.8561], [38.1893, 7.8448], [38.1709, 7.8213], [38.1389, 7.7827], [38.1383, 7.7714], [38.1154, 7.7325], [38.11, 7.7255], [38.1075, 7.7163], [38.0901, 7.6958], [38.0654, 7.6863], [38.0536, 7.6693], [38.0378, 7.6647], [38.0251, 7.6817], [38.0192, 7.6854], [38.0097, 7.6799], [38.0033, 7.6717], [37.9856, 7.6728], [37.9674, 7.6601], [37.9674, 7.6466], [37.9459, 7.6345], [37.9282, 7.6184], [37.9176, 7.5846], [37.8822, 7.5577], [37.8607, 7.5551], [37.8531, 7.5491], [37.8618, 7.5303], [37.8717, 7.5228], [37.865, 7.5073], [37.8511, 7.4858], [37.8355, 7.4513], [37.8122, 7.4234], [37.7942, 7.4175], [37.7827, 7.3954], [37.782, 7.3857], [37.7909, 7.377], [37.783, 7.3626], [37.7849, 7.344], [37.7803, 7.3196], [37.7884, 7.3155], [37.7868, 7.3003], [37.7766, 7.301], [37.7668, 7.2922], [37.7588, 7.293], [37.7495, 7.2842], [37.7437, 7.2619], [37.7313, 7.2569], [37.7274, 7.2385], [37.7294, 7.229], [37.7252, 7.2077], [37.7183, 7.2057], [37.7125, 7.1946], [37.7139, 7.1878], [37.7024, 7.1628], [37.7048, 7.1323], [37.7155, 7.1113], [37.7057, 7.0881], [37.7045, 7.0767], [37.7123, 7.0543], [37.7218, 7.0229], [37.7442, 6.9824], [37.7389, 6.9471], [37.7286, 6.9353], [37.7288, 6.9183], [37.7268, 6.8967], [37.7328, 6.8782], [37.734, 6.8635], [37.7484, 6.8608], [37.7618, 6.8558], [37.7642, 6.8656], [37.7719, 6.8723], [37.8174, 6.8986], [37.8197, 6.9117], [37.8671, 6.965], [37.8781, 6.9876], [37.8969, 7.0156], [37.9223, 7.0365], [37.9302, 7.0539], [37.9428, 7.0663], [37.9533, 7.1375], [37.9586, 7.166], [37.9554, 7.1987], [37.9938, 7.2122], [38.0172, 7.216], [38.0429, 7.2324], [38.0546, 7.2408], [38.0664, 7.2748], [38.0742, 7.2922], [38.0969, 7.3096], [38.1199, 7.3083], [38.1586, 7.3002], [38.2106, 7.286], [38.2531, 7.2809], [38.3461, 7.299], [38.37, 7.2944], [38.4033, 7.289], [38.4315, 7.2861], [38.4888, 7.2583], [38.538, 7.233], [38.5485, 7.226], [38.5775, 7.2175], [38.5894, 7.2055], [38.5921, 7.1932], [38.5923, 7.1881], [38.603, 7.193], [38.6071, 7.2034], [38.6218, 7.215], [38.639, 7.239], [38.6497, 7.2451], [38.6569, 7.2635], [38.6505, 7.2932], [38.6499, 7.3062], [38.669, 7.3415], [38.6723, 7.3989], [38.6757, 7.4257], [38.6779, 7.4966], [38.6768, 7.509], [38.6673, 7.5302], [38.6705, 7.5781], [38.6751, 7.6599], [38.6632, 7.6833], [38.6467, 7.7224], [38.6434, 7.7592], [38.7059, 7.8581], [38.716, 7.9324], [38.7296, 8.0474], [38.8162, 8.147], [38.8301, 8.156], [38.8808, 8.2211], [38.894, 8.2489], [38.9494, 8.2984], [38.9957, 8.3495], [39.0027, 8.3753], [39.0297, 8.4339], [39.058, 8.4742], [39.0829, 8.5269], [39.109, 8.5631], [39.1167, 8.5762], [39.1248, 8.5871]]}}, {"type": "Feature", "properties": {"country": "Ethiopia", "operator": "Ethiopia Telecoms"}, "geometry": {"type": "LineString", "coordinates": [[37.7084, 11.9497], [37.7241, 11.9552], [37.7355, 11.9504], [37.768, 11.9407], [37.7972, 11.9318], [37.8287, 11.9338], [37.8594, 11.9219], [37.8772, 11.9202], [37.8847, 11.9126], [37.8854, 11.9126], [37.9481, 11.9231], [37.9713, 11.8957], [37.9978, 11.8621], [38.0136, 11.8527], [38.0524, 11.8474], [38.0916, 11.8308], [38.1405, 11.7945], [38.1925, 11.8058], [38.227, 11.8081], [38.2459, 11.7849], [38.2693, 11.7876], [38.272, 11.7735], [38.278, 11.7609], [38.2758, 11.7483], [38.2911, 11.7402], [38.3227, 11.7516], [38.3528, 11.7263], [38.3673, 11.7245], [38.3822, 11.7472], [38.4086, 11.7587], [38.4176, 11.7543], [38.4233, 11.7356], [38.4333, 11.7294], [38.4463, 11.7182], [38.456, 11.7173], [38.4691, 11.733], [38.4735, 11.7478], [38.4753, 11.7588], [38.5004, 11.7548], [38.5181, 11.7657], [38.5321, 11.7842], [38.547, 11.798], [38.5638, 11.802], [38.5763, 11.8118], [38.5903, 11.8146], [38.6339, 11.8223], [38.6517, 11.8156], [38.7058, 11.8171], [38.7234, 11.802], [38.7256, 11.7822], [38.7355, 11.771], [38.7521, 11.7483], [38.7529, 11.7471], [38.7641, 11.7226], [38.7696, 11.7152], [38.7675, 11.705], [38.7808, 11.6846], [38.8052, 11.6785], [38.8319, 11.6671], [38.845, 11.6628], [38.8876, 11.6777], [38.907, 11.6786], [38.9387, 11.7002], [38.972, 11.721], [38.9838, 11.7292], [38.9983, 11.734], [39.0286, 11.7758], [39.0368, 11.7809], [39.0481, 11.7834], [39.0602, 11.7916], [39.0792, 11.7894], [39.1464, 11.8406], [39.1798, 11.8476], [39.2, 11.8605], [39.207, 11.8608], [39.2245, 11.8699], [39.2418, 11.8697], [39.2656, 11.8756], [39.2879, 11.8741], [39.3103, 11.8768], [39.3383, 11.8977], [39.3384, 11.9026], [39.3591, 11.9207], [39.3789, 11.9355], [39.3996, 11.9476], [39.4118, 11.955], [39.4187, 11.96], [39.4201, 11.9714], [39.4283, 11.978], [39.4261, 11.9604], [39.4322, 11.9514], [39.4263, 11.9413], [39.4275, 11.9325], [39.4305, 11.9367], [39.4351, 11.9133], [39.4408, 11.9102], [39.4512, 11.8954], [39.458, 11.8945], [39.4784, 11.8953], [39.4954, 11.8904], [39.5189, 11.8856], [39.5365, 11.8702], [39.5406, 11.8714], [39.5457, 11.8502], [39.5505, 11.8471], [39.5591, 11.838], [39.5582, 11.8337], [39.5548, 11.8229], [39.5603, 11.8216], [39.5691, 11.8277], [39.5842, 11.8259], [39.5937, 11.8269], [39.6054, 11.8334]]}}, {"type": "Feature", "properties": {"country": "Ethiopia", "operator": "Ethiopia Telecoms"}, "geometry": {"type": "LineString", "coordinates": [[39.2689, 8.5407], [39.2798, 8.5115], [39.2974, 8.4727], [39.3131, 8.4593], [39.3354, 8.4029], [39.3348, 8.397], [39.328, 8.3928], [39.332, 8.3802], [39.3278, 8.3552], [39.3197, 8.3365], [39.3239, 8.3057], [39.2887, 8.2614], [39.2664, 8.2325], [39.2422, 8.1916], [39.2424, 8.1724], [39.234, 8.1317], [39.2153, 8.0641], [39.2074, 8.0571], [39.1922, 8.0333], [39.1616, 8.0189], [39.1416, 7.9854], [39.129, 7.9769], [39.133, 7.9478], [39.1286, 7.919], [39.1197, 7.8922], [39.1444, 7.8298], [39.1394, 7.8113], [39.152, 7.7812], [39.1559, 7.7153], [39.1797, 7.6588], [39.1998, 7.6563], [39.2251, 7.6326], [39.2256, 7.609], [39.2346, 7.5872], [39.2501, 7.5685], [39.2506, 7.5671], [39.2565, 7.5372], [39.2506, 7.5328], [39.2518, 7.5155], [39.2581, 7.4886], [39.2635, 7.4817], [39.2489, 7.4464], [39.2531, 7.4362], [39.2439, 7.4087], [39.2701, 7.3312], [39.271, 7.3101], [39.2682, 7.2629], [39.2436, 7.2266], [39.2292, 7.1945], [39.2178, 7.1587], [39.1962, 7.1041], [39.1765, 7.0726], [39.1705, 7.0567], [39.1583, 7.0407], [39.1488, 6.9983], [39.1156, 7.0048], [39.075, 7.0041], [39.0453, 7.0093], [39.0335, 7.0166], [39.0235, 7.013], [39.0039, 7.0181], [38.9665, 7.0321], [38.9327, 7.0262], [38.9238, 7.0286], [38.8807, 7.0227], [38.8738, 7.0206], [38.8112, 7.0536], [38.7899, 7.0696], [38.7886, 7.0769], [38.7753, 7.0777], [38.7579, 7.0949], [38.7379, 7.1088], [38.7116, 7.1363], [38.7012, 7.1511], [38.6731, 7.164], [38.6615, 7.1799], [38.647, 7.1864], [38.6368, 7.1833], [38.6083, 7.2044], [38.6, 7.1911], [38.586, 7.1881], [38.5217, 7.1606], [38.4804, 7.0933], [38.4869, 7.0874], [38.5026, 7.0122], [38.499, 7.0003], [38.4854, 6.9634], [38.4784, 6.9561], [38.4702, 6.9281], [38.4519, 6.9195], [38.3911, 6.8628], [38.3821, 6.8305], [38.3834, 6.7976], [38.3748, 6.7493], [38.3555, 6.6934], [38.3517, 6.6197], [38.3205, 6.5658], [38.3369, 6.5274], [38.3259, 6.5091], [38.3256, 6.5076], [38.3265, 6.4851], [38.3123, 6.4493], [38.3097, 6.438], [38.295, 6.4324], [38.2949, 6.4197], [38.3126, 6.413], [38.3021, 6.3671], [38.2811, 6.344], [38.2706, 6.3417], [38.2628, 6.3254], [38.2399, 6.3092], [38.2195, 6.2957], [38.2077, 6.264], [38.2106, 6.2348], [38.2108, 6.2096], [38.2007, 6.1806], [38.2001, 6.1599], [38.2033, 6.1459], [38.2008, 6.1371], [38.2038, 6.1098], [38.2016, 6.088], [38.2006, 6.0779], [38.2147, 6.0606], [38.2255, 6.0779], [38.2356, 6.0849], [38.2439, 6.0754], [38.2397, 6.0637], [38.2455, 6.056], [38.248, 6.0456], [38.265, 6.028], [38.2595, 6.0209], [38.2574, 5.9932], [38.2597, 5.9823], [38.2634, 5.9728], [38.2575, 5.9672], [38.2592, 5.9622], [38.2541, 5.9542], [38.2477, 5.9363], [38.25, 5.9163], [38.2588, 5.8798], [38.2541, 5.8703], [38.2593, 5.858], [38.2638, 5.8543], [38.2576, 5.8311], [38.2693, 5.8104], [38.2673, 5.8049], [38.2701, 5.7749], [38.2658, 5.7496], [38.2672, 5.7413], [38.2626, 5.7334], [38.2628, 5.7131], [38.2588, 5.6953], [38.2518, 5.6892], [38.2446, 5.6701], [38.243, 5.656], [38.2378, 5.65], [38.2391, 5.6287], [38.2425, 5.6179], [38.2408, 5.6049], [38.244, 5.5999], [38.243, 5.5876], [38.2331, 5.5642], [38.2387, 5.5535], [38.2531, 5.5461], [38.2594, 5.528], [38.2566, 5.5068], [38.2567, 5.5054], [38.2634, 5.476], [38.26, 5.4611], [38.2658, 5.4458], [38.2667, 5.4317], [38.2657, 5.4227], [38.2811, 5.3873], [38.2887, 5.38], [38.2965, 5.3773], [38.2969, 5.3763], [38.3002, 5.3593], [38.2902, 5.3367], [38.2861, 5.314], [38.2897, 5.2889], [38.2882, 5.2826], [38.2937, 5.2555], [38.2958, 5.231], [38.2925, 5.2225], [38.2977, 5.2125], [38.307, 5.1904], [38.3174, 5.1602], [38.3148, 5.1452], [38.2968, 5.137], [38.2903, 5.125], [38.2892, 5.1246], [38.2766, 5.1147], [38.2492, 5.0704], [38.2303, 5.0556], [38.2169, 5.0285], [38.2129, 5.0098], [38.2072, 4.987], [38.2027, 4.9653], [38.1421, 4.8879], [38.1388, 4.8835], [38.1433, 4.8808], [38.1684, 4.8746], [38.1914, 4.8315], [38.1975, 4.774], [38.1917, 4.7407], [38.1962, 4.7122], [38.2248, 4.6871], [38.2355, 4.6642], [38.2363, 4.6606], [38.2426, 4.6361], [38.24, 4.6039], [38.2477, 4.565], [38.27, 4.5226], [38.2746, 4.4562], [38.2747, 4.4541], [38.2733, 4.3935], [38.2825, 4.3593], [38.2816, 4.2662], [38.2808, 4.1999], [38.281, 4.1595], [38.2724, 4.1474], [38.2801, 4.1268], [38.2808, 4.1265], [38.2854, 4.12], [38.2882, 4.1059], [38.32, 4.074], [38.3155, 4.0691], [38.3273, 4.0464], [38.3527, 4.0269], [38.366, 4.0189], [38.4088, 3.9673], [38.4853, 3.8972], [38.5592, 3.8916], [38.5957, 3.8914], [38.7273, 3.8555], [38.7736, 3.8029], [38.7923, 3.7682], [38.8537, 3.7069], [38.8681, 3.6946], [38.988, 3.6417], [39.0428, 3.5765], [39.0507, 3.54]]}}, {"type": "Feature", "properties": {"country": "Ethiopia", "operator": "Ethiopia Telecoms"}, "geometry": {"type": "LineString", "coordinates": [[41.8605, 9.5864], [41.8782, 9.5396], [41.8868, 9.5077], [41.9057, 9.4921], [41.9163, 9.4848], [41.9192, 9.457], [41.9301, 9.4483], [41.9426, 9.4228], [41.9498, 9.4196], [41.9579, 9.4108], [41.9907, 9.4015], [42.0061, 9.3981], [42.0138, 9.3912], [42.0232, 9.3827], [42.0337, 9.3686], [42.0451, 9.36], [42.0572, 9.3545], [42.0699, 9.3444], [42.0843, 9.3305], [42.0963, 9.3191], [42.1094, 9.3125], [42.1231, 9.3119], [42.1259, 9.3057], [42.1328, 9.3002], [42.1336, 9.2993], [42.1409, 9.2931], [42.1499, 9.2898], [42.1519, 9.2819], [42.1593, 9.2807], [42.165, 9.2814], [42.1695, 9.278], [42.1687, 9.2729], [42.1752, 9.2688], [42.1922, 9.2625], [42.1967, 9.2596], [42.203, 9.2579], [42.2205, 9.242], [42.2246, 9.242], [42.2295, 9.2479], [42.26, 9.2395], [42.288, 9.2174], [42.3023, 9.2231], [42.3095, 9.2193], [42.3181, 9.2225], [42.3333, 9.2257], [42.3337, 9.2257], [42.353, 9.2114], [42.3603, 9.2134], [42.3736, 9.2011], [42.3917, 9.1819], [42.4008, 9.1832], [42.4053, 9.1905], [42.4101, 9.1927], [42.4114, 9.1923], [42.4338, 9.186], [42.4506, 9.2036], [42.4599, 9.2061], [42.4679, 9.2231], [42.4959, 9.2263], [42.5449, 9.2323], [42.5646, 9.2327], [42.5823, 9.232], [42.6181, 9.2511], [42.6198, 9.2528], [42.6215, 9.2498], [42.6262, 9.2591], [42.6251, 9.2797], [42.6336, 9.281], [42.6427, 9.2885], [42.6471, 9.3158], [42.6461, 9.3427], [42.6504, 9.3525], [42.6557, 9.3571], [42.6602, 9.3636], [42.6701, 9.365], [42.6757, 9.3721], [42.6855, 9.3652], [42.6976, 9.363], [42.7105, 9.3653], [42.7252, 9.3666], [42.749, 9.3577], [42.7605, 9.3536], [42.7877, 9.3516], [42.8001, 9.3509]]}}, {"type": "Feature", "properties": {"country": "Ethiopia", "operator": "Ethiopia Telecoms"}, "geometry": {"type": "LineString", "coordinates": [[36.5468, 9.0893], [36.5188, 9.0804], [36.4885, 9.0404], [36.4906, 9.0291], [36.502, 9.0149], [36.4747, 8.9249], [36.4709, 8.9122], [36.489, 8.8969], [36.474, 8.8818], [36.4749, 8.8597], [36.4793, 8.8167], [36.483, 8.7803], [36.4993, 8.7569], [36.4819, 8.7376], [36.471, 8.718], [36.47, 8.7169], [36.4603, 8.7084], [36.4588, 8.709], [36.4493, 8.7179], [36.4345, 8.6943], [36.4139, 8.6904], [36.4124, 8.6899], [36.3879, 8.6456], [36.3506, 8.612], [36.3594, 8.602], [36.3401, 8.5869], [36.3538, 8.5646], [36.371, 8.5487], [36.3647, 8.5074], [36.3516, 8.4494], [36.3729, 8.4008], [36.3965, 8.3941], [36.4171, 8.3361], [36.4484, 8.2946], [36.4456, 8.2418], [36.4385, 8.2067], [36.4614, 8.1729], [36.4707, 8.1571], [36.4699, 8.1562], [36.4536, 8.1318], [36.4615, 8.0819], [36.4617, 8.0786], [36.4542, 8.068], [36.4569, 8.0646], [36.4755, 8.0456], [36.4639, 8.0358], [36.4648, 8.035], [36.4772, 8.0092], [36.5108, 7.9894], [36.5189, 7.9218], [36.5473, 7.9173], [36.5694, 7.8645], [36.5888, 7.8525], [36.5905, 7.8526], [36.647, 7.8601], [36.6746, 7.8382], [36.6895, 7.8089], [36.7021, 7.8154], [36.7272, 7.7883], [36.7324, 7.7427], [36.7595, 7.731], [36.8056, 7.7226], [36.8063, 7.7032], [36.8151, 7.6979], [36.8246, 7.691], [36.8249, 7.6909], [36.8311, 7.6867], [36.8341, 7.6813], [36.8348, 7.6759], [36.8375, 7.6748], [36.8398, 7.6694]]}}, {"type": "Feature", "properties": {"country": "Ethiopia", "operator": "Ethiopia Telecoms"}, "geometry": {"type": "LineString", "coordinates": [[37.7792, 8.2843], [37.7637, 8.2773], [37.761, 8.2614], [37.7643, 8.2549], [37.7579, 8.2452], [37.7716, 8.233], [37.7795, 8.2177], [37.7986, 8.1891], [37.8261, 8.1706], [37.8798, 8.1688], [37.9285, 8.1227], [37.9742, 8.0869], [37.9878, 8.0858], [38.0163, 8.0571], [38.016, 8.0421], [38.0381, 8.0253], [38.0697, 8.0106], [38.0837, 8.0066], [38.1088, 8.0047], [38.092, 7.9867], [38.0843, 7.9755], [38.089, 7.9667], [38.0874, 7.952], [38.081, 7.9381], [38.0643, 7.9113], [38.0473, 7.893], [38.0403, 7.8787], [38.0138, 7.8604], [38.0065, 7.8443], [37.9858, 7.8413], [37.9684, 7.8189], [37.962, 7.7992], [37.9625, 7.7739], [37.9564, 7.7715], [37.9403, 7.7737], [37.9199, 7.7565], [37.8956, 7.7487], [37.8896, 7.7287], [37.8955, 7.7102], [37.8857, 7.6854], [37.8848, 7.6638], [37.8889, 7.6481], [37.8877, 7.6355], [37.8799, 7.6295], [37.8779, 7.6095], [37.8662, 7.5999], [37.8597, 7.5762], [37.8558, 7.5656], [37.8503, 7.5589], [37.8534, 7.5552], [37.8531, 7.5491]]}}, {"type": "Feature", "properties": {"country": "Ethiopia", "operator": "Ethiopia Telecoms"}, "geometry": {"type": "LineString", "coordinates": [[37.0636, 10.7272], [37.0587, 10.6854], [37.0387, 10.6128], [37.0258, 10.5964], [37.0263, 10.5945], [37.0202, 10.5271], [37.0203, 10.5257], [37.0249, 10.4885], [37.0252, 10.4293], [37.0394, 10.3977], [37.0142, 10.3772], [37.0129, 10.3502], [37.013, 10.3493], [37.0252, 10.3248], [37.0252, 10.3233], [37.0276, 10.2942], [37.0022, 10.298], [37.0086, 10.277], [36.9947, 10.2697], [36.9856, 10.2269], [36.9843, 10.2032], [36.9581, 10.1863], [36.9604, 10.1578], [36.941, 10.1458], [36.9302, 10.1357], [36.9157, 10.1112], [36.9001, 10.0879], [36.8841, 10.0867], [36.8691, 10.0476], [36.8878, 10.0151], [36.8874, 10.0132], [36.8716, 9.9665], [36.8662, 9.9571], [36.8357, 9.9515], [36.8197, 9.9335], [36.7787, 9.9095], [36.7646, 9.9204], [36.7641, 9.9204], [36.7459, 9.9138], [36.7437, 9.8993], [36.7326, 9.9055], [36.7248, 9.8955], [36.6825, 9.8663], [36.6695, 9.8537], [36.668, 9.835], [36.6575, 9.8227], [36.6458, 9.8255], [36.6369, 9.82], [36.6343, 9.7721], [36.6466, 9.7592], [36.6482, 9.7354], [36.6296, 9.7184], [36.6318, 9.7118], [36.6381, 9.704], [36.6298, 9.6834], [36.6372, 9.6625], [36.6278, 9.6429], [36.63, 9.6164], [36.641, 9.5928], [36.6335, 9.5653], [36.6244, 9.5498], [36.6187, 9.5452], [36.6012, 9.5207], [36.5866, 9.5287], [36.5805, 9.5115], [36.5691, 9.5143], [36.557, 9.5118], [36.555, 9.502], [36.5485, 9.4824], [36.5338, 9.4696], [36.5394, 9.4553], [36.5431, 9.4181], [36.526, 9.3743], [36.5127, 9.3659], [36.5057, 9.3477], [36.5111, 9.3285], [36.5082, 9.3056], [36.513, 9.299], [36.5142, 9.2768], [36.5175, 9.2711], [36.5242, 9.2425], [36.5099, 9.2032], [36.5068, 9.1871], [36.5101, 9.1592], [36.5231, 9.142], [36.5346, 9.1262], [36.5392, 9.111], [36.5383, 9.1003], [36.5472, 9.0896]]}}, {"type": "Feature", "properties": {"country": "Ethiopia", "operator": "Ethiopia Telecoms"}, "geometry": {"type": "LineString", "coordinates": [[39.2357, 8.1408], [39.2459, 8.1387], [39.2871, 8.1214], [39.3233, 8.1456], [39.337, 8.1463], [39.3376, 8.1466], [39.345, 8.1536], [39.3528, 8.1512], [39.3651, 8.144], [39.3617, 8.1389], [39.3615, 8.1241], [39.364, 8.1268], [39.367, 8.1257], [39.3671, 8.1257], [39.367, 8.121], [39.3677, 8.1213], [39.3689, 8.1231], [39.371, 8.1245], [39.3729, 8.1252], [39.3751, 8.125], [39.3752, 8.1261], [39.3792, 8.1282], [39.3818, 8.1301], [39.3861, 8.1304], [39.39, 8.1286], [39.3977, 8.1302], [39.3993, 8.13], [39.402, 8.1277], [39.4054, 8.1271], [39.4087, 8.1274], [39.412, 8.1284], [39.4156, 8.1311], [39.4175, 8.1335], [39.4197, 8.1341], [39.422, 8.1364], [39.4237, 8.1368], [39.4258, 8.1361], [39.4266, 8.1351], [39.4282, 8.1353], [39.4327, 8.133], [39.4351, 8.1288], [39.4368, 8.1248], [39.4393, 8.1234], [39.4406, 8.1198], [39.446, 8.1094], [39.4501, 8.1084], [39.4517, 8.1081], [39.4558, 8.1065], [39.456, 8.1064], [39.4627, 8.1058], [39.4673, 8.1055], [39.4715, 8.102], [39.4837, 8.1006], [39.4923, 8.1004], [39.493, 8.1002], [39.5122, 8.0964], [39.534, 8.0964], [39.5345, 8.0961], [39.5517, 8.0704], [39.5598, 8.0563], [39.5646, 8.0289], [39.5641, 8.0214], [39.5686, 8.0094], [39.5803, 7.9993], [39.5779, 7.9942], [39.5704, 7.9853], [39.5806, 7.981], [39.5906, 7.9615], [39.5987, 7.9432], [39.6079, 7.9216], [39.6162, 7.9047], [39.6192, 7.9001], [39.6261, 7.8945], [39.6276, 7.8875], [39.6276, 7.8872], [39.6259, 7.8754], [39.6263, 7.8746], [39.6311, 7.8612]]}}, {"type": "Feature", "properties": {"country": "Ethiopia", "operator": "Ethiopia Telecoms"}, "geometry": {"type": "LineString", "coordinates": [[42.8001, 9.3509], [42.8047, 9.3507], [42.8233, 9.3505], [42.8552, 9.3419], [42.8748, 9.3343], [42.8889, 9.3195], [43.021, 9.2456], [43.1325, 9.1547], [43.1521, 9.1409], [43.1605, 9.1146], [43.1981, 9.0781], [43.2714, 8.9444], [43.2963, 8.8394], [43.3524, 8.759], [43.3944, 8.7417], [43.3952, 8.7396], [43.409, 8.7181], [43.4136, 8.6833], [43.4467, 8.6076], [43.4858, 8.5901], [43.5411, 8.5308], [43.5558, 8.4429], [43.5487, 8.4195], [43.559, 8.3162], [43.5593, 8.2197], [43.5754, 8.1352], [43.5897, 8.0916], [43.6067, 8.077], [43.6008, 8.0361], [43.6272, 7.9826], [43.6391, 7.9747], [43.6465, 7.9324], [43.6631, 7.904], [43.6587, 7.8874], [43.6733, 7.8589], [43.7006, 7.8233], [43.7144, 7.774], [43.7635, 7.7247], [43.7729, 7.6328], [43.7766, 7.5951], [43.775, 7.551], [43.7933, 7.5104], [43.8318, 7.4721], [43.85, 7.4657], [43.8744, 7.434], [43.8933, 7.4297], [43.9308, 7.3996], [43.9772, 7.3458], [44.0074, 7.3073], [44.043, 7.2683], [44.0653, 7.2668], [44.0752, 7.2601], [44.0798, 7.2437], [44.1016, 7.2305], [44.1445, 7.2316], [44.1553, 7.2374], [44.1846, 7.2085], [44.1796, 7.189], [44.1876, 7.1761], [44.1744, 7.0904], [44.165, 7.0827], [44.1637, 7.0806], [44.1671, 7.0538], [44.177, 7.0472], [44.1864, 7.0536], [44.1927, 7.0489], [44.1884, 7.0089], [44.1892, 7.0082], [44.1999, 6.9651], [44.2159, 6.9441], [44.2163, 6.9282], [44.2352, 6.897], [44.2563, 6.8844], [44.2677, 6.8716], [44.2516, 6.8532], [44.276, 6.7433]]}}, {"type": "Feature", "properties": {"country": "Ethiopia", "operator": "Ethiopia Telecoms"}, "geometry": {"type": "LineString", "coordinates": [[36.8398, 7.6695], [36.8397, 7.6682], [36.8299, 7.6697], [36.8264, 7.6667], [36.8274, 7.6633], [36.8293, 7.6612], [36.8244, 7.6578], [36.8184, 7.6528], [36.8126, 7.6516], [36.808, 7.6471], [36.7996, 7.6463], [36.7938, 7.651], [36.7767, 7.6396], [36.7764, 7.6394], [36.7663, 7.6263], [36.7606, 7.6242], [36.7602, 7.6185], [36.7508, 7.6077], [36.7435, 7.608], [36.7332, 7.6044], [36.7245, 7.6037], [36.7149, 7.5908], [36.6978, 7.5824], [36.6886, 7.5808], [36.6837, 7.574], [36.6778, 7.5758], [36.6742, 7.5712], [36.6588, 7.5668], [36.6453, 7.5654], [36.6282, 7.565], [36.6213, 7.5566], [36.6037, 7.5601], [36.5868, 7.5549], [36.5827, 7.5468], [36.5738, 7.5449], [36.557, 7.5323], [36.5426, 7.5227], [36.5287, 7.5161], [36.5134, 7.5055], [36.4966, 7.4989], [36.4853, 7.4904], [36.4703, 7.4826], [36.4641, 7.4803], [36.4588, 7.484], [36.4525, 7.4834], [36.4475, 7.4778], [36.4325, 7.4742], [36.4217, 7.4629], [36.4115, 7.4525], [36.3966, 7.444], [36.3888, 7.4416], [36.382, 7.4422], [36.3787, 7.4345], [36.3774, 7.422], [36.3745, 7.418], [36.3668, 7.4201], [36.3606, 7.4165], [36.3486, 7.4125], [36.3281, 7.4001], [36.3046, 7.3928], [36.2931, 7.3891], [36.2905, 7.3857], [36.2879, 7.3886], [36.2829, 7.3872], [36.2861, 7.3813], [36.2857, 7.3765], [36.2858, 7.3698], [36.2803, 7.362], [36.2735, 7.3534], [36.2691, 7.3544], [36.2594, 7.3381], [36.2481, 7.3313], [36.248, 7.3253], [36.2413, 7.325], [36.2397, 7.3143], [36.2322, 7.3124], [36.2366, 7.2958], [36.2372, 7.2911], [36.2306, 7.2868], [36.2285, 7.2823], [36.2182, 7.2791], [36.2105, 7.2816], [36.1996, 7.2819], [36.1894, 7.2813], [36.1739, 7.2764], [36.1568, 7.2829], [36.1475, 7.2948], [36.1404, 7.302], [36.1279, 7.3046], [36.1278, 7.3074], [36.1202, 7.3094], [36.1112, 7.3039], [36.0957, 7.3037], [36.0956, 7.3072], [36.09, 7.3066], [36.081, 7.3125], [36.0644, 7.3102], [36.0593, 7.3072], [36.0562, 7.3129], [36.05, 7.3186], [36.0497, 7.3241], [36.0422, 7.3242], [36.0368, 7.3176], [36.0275, 7.3204], [36.0141, 7.3166], [36.0068, 7.3187], [35.9952, 7.3099], [35.992, 7.3022], [35.9836, 7.2932], [35.9773, 7.2913], [35.9744, 7.2849], [35.9665, 7.2812], [35.9557, 7.2799], [35.9434, 7.2798], [35.943, 7.2798], [35.9353, 7.2806], [35.9278, 7.2779], [35.9205, 7.2716], [35.9113, 7.2696], [35.8996, 7.2644], [35.8866, 7.2535], [35.8783, 7.2433], [35.8749, 7.2381], [35.8748, 7.2321], [35.864, 7.225], [35.8679, 7.2153], [35.8718, 7.2091], [35.8623, 7.2], [35.8541, 7.187], [35.8502, 7.1759], [35.8496, 7.1704], [35.8402, 7.1681], [35.8365, 7.1616], [35.8279, 7.1592], [35.816, 7.1497], [35.8017, 7.1436], [35.7938, 7.1429], [35.7908, 7.1373], [35.7886, 7.1328], [35.7823, 7.1338], [35.7707, 7.1278], [35.7608, 7.1253], [35.7469, 7.1181], [35.739, 7.1049], [35.7321, 7.1002], [35.7173, 7.0942], [35.7126, 7.0834], [35.703, 7.0684], [35.6917, 7.0534], [35.68, 7.0576], [35.6685, 7.0642], [35.6655, 7.0681], [35.6572, 7.0654], [35.6504, 7.0659], [35.6408, 7.0735], [35.6334, 7.0677], [35.6275, 7.0627], [35.6141, 7.0542], [35.6184, 7.0484], [35.6118, 7.0426], [35.6152, 7.0356], [35.6142, 7.028], [35.6072, 7.0229], [35.6098, 7.013], [35.6093, 7.005], [35.5966, 6.9992], [35.5853, 6.994], [35.5754, 6.9887], [35.5637, 6.9982], [35.5544, 7.0094], [35.5577, 7.0171], [35.5485, 7.033], [35.5317, 7.0299], [35.5223, 7.037], [35.5176, 7.0519], [35.5042, 7.0565], [35.4936, 7.0516], [35.4761, 7.0437], [35.4618, 7.0407], [35.4563, 7.049], [35.4437, 7.0415], [35.4386, 7.0539], [35.4462, 7.0652], [35.4325, 7.0726], [35.4288, 7.0771], [35.4312, 7.0887], [35.4202, 7.1118], [35.4224, 7.1263], [35.4243, 7.1362], [35.4187, 7.1463], [35.4169, 7.1732], [35.4184, 7.1917], [35.4228, 7.1981], [35.4144, 7.2046]]}}, {"type": "Feature", "properties": {"country": "Ethiopia", "operator": "Ethiopia Telecoms"}, "geometry": {"type": "LineString", "coordinates": [[37.7623, 6.8564], [37.7651, 6.8561], [37.762, 6.8474], [37.749, 6.8181], [37.7502, 6.7927], [37.7671, 6.779], [37.7741, 6.7413], [37.772, 6.7316], [37.7747, 6.6966], [37.7816, 6.6738], [37.82, 6.648], [37.8397, 6.6036], [37.8398, 6.6023], [37.8398, 6.6006], [37.8356, 6.5899], [37.8198, 6.5694], [37.8137, 6.5454], [37.7785, 6.5187], [37.7749, 6.5031], [37.757, 6.474], [37.7413, 6.4615], [37.7434, 6.4413], [37.7361, 6.433], [37.7568, 6.425], [37.7554, 6.4055], [37.7544, 6.3784], [37.7572, 6.3402], [37.7614, 6.3197], [37.7663, 6.3132], [37.7682, 6.2888], [37.7828, 6.2831], [37.7827, 6.2763], [37.733, 6.2325], [37.7187, 6.2218], [37.709, 6.1957], [37.7041, 6.1871], [37.6652, 6.1615], [37.6619, 6.1381], [37.6346, 6.1298], [37.6281, 6.1224], [37.6196, 6.1237], [37.6118, 6.1146], [37.6127, 6.0939], [37.5988, 6.0574], [37.5806, 6.0347], [37.571, 6.0388], [37.5652, 6.035], [37.5647, 6.035], [37.5564, 6.0352]]}}, {"type": "Feature", "properties": {"country": "Ethiopia", "operator": "Ethiopia Telecoms"}, "geometry": {"type": "LineString", "coordinates": [[38.3587, 6.7018], [38.3656, 6.6819], [38.3765, 6.6879], [38.3944, 6.6649], [38.4015, 6.6512], [38.4022, 6.6402], [38.4029, 6.6393], [38.4152, 6.629], [38.4246, 6.6053], [38.4223, 6.6002], [38.4318, 6.5967], [38.4489, 6.5696], [38.4735, 6.5821], [38.4823, 6.5827], [38.5127, 6.5598], [38.4951, 6.5357], [38.4862, 6.5206], [38.4983, 6.4948], [38.5, 6.4932], [38.5005, 6.4924], [38.52, 6.4899], [38.5387, 6.4775], [38.5411, 6.4575], [38.5415, 6.4562], [38.5437, 6.453], [38.5455, 6.4502], [38.5502, 6.4357], [38.5718, 6.4212], [38.5926, 6.3867], [38.6222, 6.3616], [38.6491, 6.3308], [38.6466, 6.3217], [38.6622, 6.2794], [38.6936, 6.2757], [38.7073, 6.2458], [38.7053, 6.2255], [38.7116, 6.1776], [38.7248, 6.1614], [38.7382, 6.1356], [38.7531, 6.1292], [38.7598, 6.119], [38.7674, 6.0846], [38.7853, 6.0554], [38.8182, 6.0524], [38.8395, 6.0435], [38.8562, 6.0086], [38.8976, 5.9851], [38.9098, 5.9442], [38.9333, 5.9067], [38.9473, 5.8884], [38.9775, 5.8857], [38.9939, 5.8736], [38.9897, 5.8526], [38.9863, 5.8476], [38.9682, 5.8411], [38.9618, 5.8173], [38.9542, 5.7975], [38.9361, 5.7902], [38.9171, 5.7803], [38.9027, 5.7722], [38.9173, 5.7806], [38.9361, 5.7902], [38.9542, 5.7973], [38.9617, 5.8173], [38.9682, 5.841], [38.9862, 5.8476], [38.9897, 5.8525], [38.9939, 5.8735], [39.0261, 5.8696], [39.0871, 5.8726], [39.1354, 5.8759], [39.1748, 5.8919], [39.195, 5.8955], [39.218, 5.8796], [39.2672, 5.8303], [39.2677, 5.819], [39.2606, 5.8047], [39.2637, 5.7951], [39.2846, 5.7946], [39.3135, 5.7726], [39.3221, 5.7539], [39.3413, 5.7155], [39.3494, 5.6676], [39.3466, 5.6262], [39.3575, 5.5979], [39.3722, 5.578], [39.4017, 5.5439], [39.4412, 5.5188], [39.4685, 5.4994], [39.4914, 5.4505], [39.4937, 5.4471], [39.5079, 5.423], [39.5108, 5.4217], [39.5397, 5.3559], [39.5679, 5.3373]]}}, {"type": "Feature", "properties": {"country": "Ethiopia", "operator": "Ethiopia Telecoms"}, "geometry": {"type": "LineString", "coordinates": [[39.1495, 6.9979], [39.181, 6.9772], [39.2334, 6.9952], [39.3345, 6.9972], [39.3452, 7.0062], [39.3475, 7.0063], [39.3793, 7.0057], [39.3816, 7.0058], [39.4859, 7.041], [39.5265, 7.0417], [39.554, 7.0322], [39.5777, 7.0345], [39.6016, 7.0488], [39.6161, 7.0578], [39.6383, 7.0494], [39.666, 7.0806], [39.6925, 7.088], [39.6937, 7.1006], [39.6882, 7.1095], [39.6903, 7.1153], [39.7348, 7.1194], [39.7736, 7.107], [39.8161, 7.1069], [39.8356, 7.1065], [39.879, 7.1297], [39.9258, 7.1398], [39.9544, 7.1571], [39.9719, 7.1698], [39.9841, 7.1708], [40.0059, 7.1186], [39.9918, 7.071], [39.975, 7.0062]]}}, {"type": "Feature", "properties": {"country": "Ethiopia", "operator": "Ethiopia Telecoms"}, "geometry": {"type": "LineString", "coordinates": [[40.2001, 9.0343], [40.2044, 9.0525], [40.1766, 9.1134], [40.1564, 9.146], [40.1486, 9.1864], [40.149, 9.1871], [40.1543, 9.2047], [40.1739, 9.2172], [40.1974, 9.2382], [40.2496, 9.3029], [40.2667, 9.3239], [40.2704, 9.3259], [40.274, 9.3288], [40.2961, 9.3416], [40.297, 9.3444], [40.3178, 9.3914], [40.3579, 9.4279], [40.3858, 9.4897], [40.395, 9.5483], [40.4134, 9.6147], [40.4325, 9.6329], [40.4491, 9.6955], [40.4478, 9.7325], [40.4802, 9.7753], [40.518, 9.8258], [40.5064, 9.8636], [40.5194, 9.8995], [40.5305, 9.9469], [40.545, 9.9909], [40.5717, 10.0076], [40.6066, 10.0375], [40.6203, 10.0481], [40.6447, 10.1065], [40.6455, 10.1399], [40.6627, 10.1599], [40.6828, 10.2089], [40.7104, 10.2258], [40.728, 10.2597], [40.723, 10.2985], [40.7185, 10.3206], [40.7074, 10.3415], [40.7076, 10.3628], [40.7076, 10.4202], [40.7328, 10.4555], [40.7517, 10.508], [40.7575, 10.5332], [40.7473, 10.5837], [40.717, 10.6161], [40.713, 10.6789], [40.679, 10.738], [40.6556, 10.79], [40.6606, 10.8366], [40.6775, 10.866], [40.6954, 10.8958], [40.7078, 10.9471], [40.7205, 10.9893], [40.7437, 11.0299], [40.7483, 11.0913], [40.7605, 11.1224], [40.7498, 11.187], [40.7452, 11.2119], [40.7159, 11.2388], [40.7244, 11.2966], [40.7331, 11.3183], [40.7187, 11.354], [40.7406, 11.3777], [40.7615, 11.4185]]}}, {"type": "Feature", "properties": {"country": "Ethiopia", "operator": "Ethiopia Telecoms"}, "geometry": {"type": "LineString", "coordinates": [[41.8605, 9.5864], [41.8662, 9.5943], [41.8705, 9.5996], [41.8707, 9.5998], [41.8714, 9.6075], [41.8768, 9.6154], [41.8754, 9.6209], [41.8757, 9.6256], [41.8818, 9.6284], [41.8851, 9.6281], [41.8889, 9.6277], [41.8891, 9.6277], [41.8918, 9.6293], [41.8944, 9.6364], [41.8955, 9.6368], [41.898, 9.6367], [41.8982, 9.6367], [41.9025, 9.639], [41.9128, 9.6421], [41.9163, 9.6446], [41.9192, 9.6457], [41.921, 9.6469], [41.926, 9.6506], [41.9285, 9.6516], [41.9288, 9.6524], [41.9281, 9.6546], [41.9303, 9.6558], [41.9333, 9.6573], [41.9357, 9.6578], [41.9357, 9.6602], [41.9355, 9.6637], [41.9377, 9.6673], [41.9387, 9.6713], [41.9413, 9.6756], [41.9442, 9.676], [41.9475, 9.6756], [41.9515, 9.6757], [41.9545, 9.6774], [41.9611, 9.6785], [41.9632, 9.6803], [41.9682, 9.6802], [41.9696, 9.6807], [41.9734, 9.6805], [41.9753, 9.6811], [41.9775, 9.688], [41.9746, 9.6919], [41.9752, 9.6962], [41.9768, 9.698], [41.9826, 9.6991], [41.9925, 9.6995], [42.0003, 9.7025], [42.0079, 9.7045], [42.0129, 9.7047], [42.0263, 9.7149], [42.0381, 9.7214], [42.045, 9.7274], [42.0483, 9.7357], [42.0657, 9.7541], [42.0755, 9.7566], [42.0835, 9.7623], [42.0908, 9.769], [42.0949, 9.7711], [42.1032, 9.7695], [42.121, 9.7702], [42.1201, 9.7746], [42.1241, 9.791], [42.1311, 9.8108], [42.1412, 9.8179], [42.1445, 9.8228], [42.1468, 9.8253], [42.1463, 9.8274], [42.1536, 9.8338], [42.1686, 9.845], [42.1704, 9.8455], [42.191, 9.8682], [42.1924, 9.868], [42.2267, 9.9044], [42.2311, 9.9129], [42.2363, 9.9166], [42.2558, 9.9178], [42.2581, 9.9196], [42.2593, 9.9238], [42.2644, 9.9289], [42.2691, 9.933], [42.2717, 9.9338], [42.2853, 9.9342], [42.3015, 9.94], [42.3131, 9.948], [42.3275, 9.9584], [42.3317, 9.9702], [42.3449, 9.9822], [42.3462, 9.991], [42.3475, 9.9926], [42.3506, 9.9932], [42.3495, 9.9978], [42.3478, 9.9976], [42.347, 9.999], [42.3505, 10.0052], [42.3657, 10.02], [42.3723, 10.0256], [42.375, 10.0265], [42.3832, 10.0345], [42.386, 10.0359], [42.3862, 10.0388], [42.3946, 10.0504], [42.4002, 10.0603], [42.4374, 10.1187], [42.4456, 10.1324], [42.4547, 10.1492], [42.4784, 10.1903], [42.4974, 10.2235], [42.5066, 10.2395], [42.5119, 10.2441], [42.5129, 10.2526], [42.5172, 10.2577], [42.5212, 10.2655], [42.5211, 10.2796], [42.5233, 10.2828], [42.5318, 10.2907], [42.5374, 10.2958], [42.5406, 10.3138], [42.5412, 10.325], [42.5429, 10.3324], [42.5496, 10.3404], [42.551, 10.3407], [42.5524, 10.3425], [42.5528, 10.3437], [42.5542, 10.345], [42.5553, 10.3452], [42.5582, 10.3484], [42.5702, 10.381], [42.5725, 10.3855], [42.5731, 10.3978], [42.5775, 10.4087], [42.576, 10.4124], [42.5759, 10.415], [42.5804, 10.4234], [42.5814, 10.4243], [42.5817, 10.4255], [42.5824, 10.4261], [42.5845, 10.4302], [42.5859, 10.4404], [42.5822, 10.4588], [42.5743, 10.5028], [42.5701, 10.5258], [42.568, 10.5379], [42.5713, 10.5498], [42.5763, 10.5685], [42.5755, 10.6075], [42.5757, 10.6189], [42.5749, 10.6665], [42.5741, 10.7128], [42.573, 10.7226], [42.5712, 10.7336], [42.5717, 10.7521], [42.572, 10.7556], [42.5746, 10.7575], [42.5819, 10.7754], [42.5941, 10.7833], [42.5951, 10.7851], [42.5927, 10.8098], [42.5922, 10.8126], [42.5965, 10.8223], [42.5983, 10.8228], [42.6003, 10.8221], [42.6017, 10.8246], [42.6089, 10.8269], [42.6098, 10.8285], [42.6108, 10.832], [42.6161, 10.8354], [42.6184, 10.8362], [42.6208, 10.8402], [42.6362, 10.8411], [42.6371, 10.8417], [42.6461, 10.8583], [42.6473, 10.8593], [42.6513, 10.8609], [42.6529, 10.8629], [42.6597, 10.8651], [42.6615, 10.8674], [42.6616, 10.8684], [42.6629, 10.87], [42.659, 10.8888], [42.6584, 10.9045], [42.66, 10.907], [42.6658, 10.9128], [42.6668, 10.9151], [42.6696, 10.9146], [42.6714, 10.918], [42.6714, 10.9231], [42.672, 10.9246], [42.6715, 10.9287], [42.6725, 10.9299], [42.6731, 10.9327], [42.6724, 10.9375], [42.6711, 10.9419], [42.6712, 10.9451], [42.6675, 10.9529], [42.6647, 10.9612], [42.662, 10.9692], [42.6606, 10.9717], [42.6571, 10.9779], [42.6567, 10.9795], [42.6549, 10.9842], [42.655, 10.9879], [42.6527, 10.9969], [42.6517, 10.9981], [42.6506, 11.0031], [42.6489, 11.0103], [42.6496, 11.0176], [42.6452, 11.0279], [42.6308, 11.0364]]}}, {"type": "Feature", "properties": {"country": "Ethiopia", "operator": "Ethiopia Telecoms"}, "geometry": {"type": "LineString", "coordinates": [[36.4902, 9.0276], [36.4671, 9.0254], [36.4464, 9.0311], [36.4327, 9.0293], [36.3992, 9.0378], [36.3653, 9.0742], [36.3295, 9.0655], [36.3287, 9.0654], [36.3123, 9.0647], [36.2577, 9.0453], [36.2168, 9.0323], [36.1769, 9.021], [36.1658, 9.0181], [36.1457, 9.035], [36.1389, 9.0537], [36.1147, 9.0657], [36.0842, 9.0488], [36.0499, 9.0386], [36.0162, 9.0316], [35.9975, 9.0295], [35.9656, 9.0333], [35.9314, 9.0533], [35.9028, 9.0833], [35.8864, 9.112], [35.885, 9.1323], [35.8627, 9.1431], [35.8476, 9.1594], [35.8487, 9.1624], [35.8344, 9.1696]]}}, {"type": "Feature", "properties": {"country": "Ethiopia", "operator": "Ethiopia Telecoms"}, "geometry": {"type": "LineString", "coordinates": [[37.4807, 12.6455], [37.4727, 12.6567], [37.4691, 12.6879], [37.4447, 12.7147], [37.4185, 12.7346], [37.3829, 12.8085], [37.3666, 12.8397], [37.3523, 12.9026], [37.292, 12.9844], [37.2782, 13.0807], [37.231, 13.1564], [37.2379, 13.1856], [37.1579, 13.2254], [37.1418, 13.2582], [37.0893, 13.2625], [37.086, 13.3036], [36.9956, 13.3877], [36.9734, 13.4459], [36.9611, 13.4999], [36.9735, 13.5626], [36.9431, 13.7346], [36.9202, 13.8084], [36.869, 13.8937], [36.843, 13.9947], [36.7489, 14.0724], [36.6938, 14.1536], [36.6238, 14.2144], [36.6258, 14.2664], [36.6099, 14.2876], [36.6283, 14.2678], [36.733, 14.2145], [36.8424, 14.1617], [36.8699, 14.1552], [36.898, 14.1386], [36.9241, 14.1195], [36.9567, 14.1089], [36.9671, 14.1015], [36.9785, 14.0946], [36.9912, 14.0773], [36.9926, 14.0771], [37.0162, 14.0716], [37.045, 14.0653], [37.0644, 14.0534], [37.0754, 14.0571], [37.109, 14.0503], [37.1339, 14.0468], [37.1487, 14.0487], [37.1546, 14.0464], [37.1719, 14.0491], [37.1822, 14.0588], [37.192, 14.0661], [37.2012, 14.0759], [37.2189, 14.0867], [37.2239, 14.102], [37.2416, 14.1221], [37.2588, 14.1386], [37.2671, 14.145], [37.268, 14.1533], [37.2826, 14.1637], [37.2912, 14.1769], [37.2996, 14.1744], [37.3082, 14.1648], [37.3088, 14.1652], [37.3201, 14.1717], [37.328, 14.1788], [37.3357, 14.168], [37.3452, 14.1654], [37.3522, 14.1594], [37.3666, 14.1569], [37.3719, 14.1503], [37.3785, 14.1375], [37.3792, 14.1322], [37.3871, 14.1238], [37.3889, 14.1155], [37.3894, 14.1055], [37.3934, 14.0984], [37.3939, 14.098], [37.4, 14.097], [37.4003, 14.097], [37.4134, 14.0961], [37.4364, 14.0941], [37.4422, 14.0924], [37.4548, 14.0936], [37.4634, 14.0963], [37.4774, 14.1084], [37.4838, 14.1093], [37.4877, 14.1107], [37.4879, 14.1106], [37.495, 14.1041], [37.5051, 14.1114], [37.5053, 14.1116], [37.5097, 14.1229], [37.5222, 14.1265], [37.5207, 14.1361], [37.5244, 14.1373], [37.5264, 14.1368], [37.5371, 14.1411], [37.5511, 14.1478], [37.557, 14.1538], [37.5567, 14.1582], [37.5643, 14.1693], [37.5665, 14.1758], [37.5665, 14.176], [37.5643, 14.1842], [37.57, 14.1874], [37.5705, 14.1963], [37.5717, 14.1978], [37.5747, 14.208], [37.5777, 14.2143], [37.5832, 14.2211], [37.5921, 14.2264], [37.5938, 14.2297], [37.6096, 14.2423], [37.6107, 14.2443], [37.6188, 14.2472], [37.6219, 14.2536], [37.6274, 14.2535], [37.6287, 14.2525], [37.632, 14.2522], [37.6348, 14.2493], [37.6435, 14.2515], [37.6513, 14.2502], [37.655, 14.2519], [37.6612, 14.2507], [37.6643, 14.2537], [37.6696, 14.2643], [37.6761, 14.2675], [37.6762, 14.2675], [37.6848, 14.2767], [37.6882, 14.277], [37.6968, 14.2802], [37.7013, 14.2793], [37.7066, 14.2859], [37.7093, 14.2863], [37.7113, 14.2915], [37.714, 14.2954], [37.7176, 14.3106], [37.7364, 14.3552], [37.7452, 14.3585], [37.7496, 14.3648], [37.7519, 14.3718], [37.7525, 14.3778], [37.759, 14.3794], [37.7623, 14.382], [37.7624, 14.3821], [37.7682, 14.3843], [37.7754, 14.4008], [37.7978, 14.4017], [37.8001, 14.4018], [37.8077, 14.4043], [37.8099, 14.4074], [37.8198, 14.4052], [37.829, 14.4074], [37.8748, 14.4065], [37.8878, 14.4048], [37.8941, 14.408], [37.8944, 14.4079], [37.8947, 14.4079], [37.8984, 14.407], [37.9016, 14.4071], [37.902, 14.4071], [37.91, 14.4067], [37.9164, 14.4062], [37.9205, 14.4061], [37.9272, 14.4104], [37.9343, 14.4167], [37.9356, 14.421], [37.9405, 14.4318], [37.9525, 14.4407], [37.9593, 14.4425], [37.9634, 14.4457], [37.9743, 14.4525], [37.9793, 14.4574], [37.9897, 14.4519], [38.004, 14.4487], [38.0268, 14.4391], [38.0277, 14.4389], [38.0438, 14.4417], [38.051, 14.4382], [38.0644, 14.4335], [38.0707, 14.4205], [38.0746, 14.4165], [38.0858, 14.4204], [38.0936, 14.4191], [38.1102, 14.4242], [38.1135, 14.4257], [38.1139, 14.4257], [38.1255, 14.4218], [38.1259, 14.4215], [38.1387, 14.4177], [38.1512, 14.4182], [38.1661, 14.4237], [38.1668, 14.4235], [38.1778, 14.422], [38.1777, 14.4142], [38.1866, 14.4151], [38.1852, 14.4037], [38.179, 14.3935], [38.1761, 14.3839], [38.1763, 14.378], [38.1732, 14.3635], [38.1703, 14.3536], [38.17, 14.3274], [38.1674, 14.3244], [38.1698, 14.3192], [38.1707, 14.3101], [38.1769, 14.3024], [38.193, 14.2726], [38.2175, 14.2565], [38.235, 14.2251], [38.2398, 14.2036], [38.2518, 14.1875], [38.259, 14.1852], [38.2666, 14.1867], [38.2742, 14.1814], [38.2742, 14.1809], [38.2787, 14.1636], [38.2848, 14.1515], [38.2838, 14.1355], [38.2764, 14.1173], [38.2785, 14.1132], [38.2766, 14.107], [38.2764, 14.0973]]}}, {"type": "Feature", "properties": {"country": "Ethiopia", "operator": "Ethiopia Telecoms"}, "geometry": {"type": "LineString", "coordinates": [[39.0351, 12.6316], [39.0347, 12.6319], [39.028, 12.6333], [39.0264, 12.638], [39.0185, 12.6443], [39.0149, 12.6476], [39.0179, 12.6567], [39.0215, 12.6625], [39.0186, 12.6719], [39.019, 12.6813], [39.0164, 12.6947], [39.0192, 12.6991], [39.0148, 12.7002], [39.0178, 12.7186], [39.0216, 12.726], [39.0216, 12.7263], [39.0168, 12.7383], [39.211, 13.1857], [39.4745, 13.4778], [39.5409, 13.4754], [39.4735, 13.4774], [39.4881, 13.5095], [39.5066, 13.5366], [39.5123, 13.5519], [39.4859, 13.562], [39.4543, 13.5708], [39.4333, 13.5805], [39.4121, 13.5982], [39.4028, 13.593], [39.3682, 13.603], [39.3357, 13.6343], [39.3267, 13.6457], [39.3264, 13.6457], [39.3259, 13.6457], [39.3069, 13.6481], [39.2927, 13.6654], [39.2924, 13.6657], [39.281, 13.6745], [39.2807, 13.6745], [39.2688, 13.6764], [39.2688, 13.6766], [39.2686, 13.6771], [39.2663, 13.6831], [39.2575, 13.6742], [39.2468, 13.672], [39.2384, 13.6719], [39.229, 13.6682], [39.2244, 13.6612], [39.2108, 13.6599], [39.2012, 13.6579], [39.1948, 13.6597], [39.1875, 13.6572], [39.1731, 13.6506], [39.1714, 13.6431], [39.1706, 13.6387], [39.156, 13.6268], [39.1502, 13.6254], [39.1501, 13.6247], [39.1503, 13.6189], [39.143, 13.6151], [39.1313, 13.618], [39.1233, 13.6113], [39.1213, 13.6014], [39.1179, 13.582], [39.1161, 13.5716], [39.1158, 13.5717], [39.1019, 13.5751], [39.1014, 13.575], [39.0954, 13.5761], [39.0869, 13.5716], [39.0837, 13.5658], [39.0935, 13.5651], [39.0915, 13.5589], [39.0844, 13.5583], [39.0733, 13.5525], [39.0677, 13.546], [39.0546, 13.5439], [39.042, 13.538], [39.0314, 13.5569], [39.0262, 13.5572], [39.0245, 13.5732], [39.0218, 13.5762], [39.0133, 13.5769], [39.0088, 13.5815], [39.004, 13.5873], [39.0007, 13.5931], [38.9975, 13.6062], [38.9983, 13.6114], [39.0021, 13.614], [39.0007, 13.6191], [39.0022, 13.6239], [38.9746, 13.6363], [38.9637, 13.6586], [38.9669, 13.6653], [38.9766, 13.6743], [38.9772, 13.6799], [38.9795, 13.6887], [38.9774, 13.6917], [38.9779, 13.6925], [38.9788, 13.6962], [38.9783, 13.6996], [38.9842, 13.7128], [38.9872, 13.715], [38.9805, 13.7241], [38.9775, 13.7317], [38.9813, 13.7399], [38.9883, 13.7449], [38.9852, 13.7526], [38.9891, 13.756], [38.9857, 13.7607], [38.9868, 13.765], [38.9839, 13.7668], [38.9857, 13.7735], [38.9919, 13.7782], [38.9904, 13.784], [38.992, 13.7889], [38.9951, 13.7886], [38.9993, 13.7956], [38.9973, 13.7986], [38.9971, 13.8087], [38.9963, 13.8136], [38.9924, 13.8151], [38.9907, 13.818], [38.9871, 13.8183], [38.9939, 13.8204], [38.9997, 13.8256], [39.0011, 13.8358], [38.9997, 13.8426], [39.0031, 13.8442], [39.0024, 13.8482], [39.004, 13.8496], [39.0098, 13.847], [39.0108, 13.8537], [39.0145, 13.8579], [39.0204, 13.8596], [39.0242, 13.8628], [39.0268, 13.8796], [39.0229, 13.8833], [39.0216, 13.8867], [39.0146, 13.8889], [39.0105, 13.8927], [39.0076, 13.895], [39.0068, 13.902], [39.0043, 13.9068], [38.9974, 13.9068], [38.9982, 13.9087], [39.0016, 13.9098], [39.0007, 13.9133], [38.9982, 13.9144], [38.9967, 13.9192], [38.9984, 13.9266], [38.9931, 13.942], [38.9836, 13.9503], [38.973, 13.9561], [38.9709, 13.9593], [38.9743, 13.966], [38.9813, 14.0031], [38.9792, 14.005], [38.9787, 14.0159], [38.9731, 14.0185], [38.9691, 14.0262], [38.9727, 14.0321], [38.972, 14.0507], [38.9774, 14.06], [38.9742, 14.0649], [38.9721, 14.0795], [38.9736, 14.0902], [38.9667, 14.1016], [38.9663, 14.1069], [38.9606, 14.1195], [38.9576, 14.1199], [38.9617, 14.1293], [38.9583, 14.134], [38.9481, 14.1385], [38.9456, 14.1493], [38.9498, 14.1509], [38.9396, 14.1519], [38.9363, 14.1604], [38.9341, 14.1663], [38.9338, 14.1665], [38.9305, 14.1666], [38.9257, 14.1638], [38.9227, 14.1631], [38.9208, 14.1589], [38.9221, 14.156], [38.9191, 14.1545], [38.911, 14.1483], [38.9074, 14.1501], [38.9052, 14.1542], [38.907, 14.1619], [38.9033, 14.1686]]}}, {"type": "Feature", "properties": {"country": "Ethiopia", "operator": "Ethiopia Telecoms"}, "geometry": {"type": "LineString", "coordinates": [[42.802, 9.3502], [42.868, 9.3693], [42.9332, 9.3856], [42.9962, 9.4069], [43.0993, 9.4385], [43.1245, 9.4584], [43.1802, 9.4995], [43.2688, 9.5796], [43.2974, 9.6046], [43.3305, 9.5986], [43.332, 9.6003]]}}, {"type": "Feature", "properties": {"country": "Gabon", "operator": "GabonBackbone"}, "geometry": {"type": "LineString", "coordinates": [[9.4909, 0.3156], [9.5187, 0.3836], [9.5489, 0.3943], [9.5794, 0.3964], [9.6409, 0.3738], [9.7019, 0.3607], [9.764, 0.3602], [9.8455, 0.3637], [9.8471, 0.3638], [9.9124, 0.3642], [9.914, 0.3635], [10.0161, 0.3121], [10.0943, 0.2926], [10.0974, 0.2927], [10.1571, 0.2646], [10.2206, 0.2135], [10.2159, 0.1764], [10.2541, 0.1285], [10.3003, 0.0582], [10.3258, 0.0491], [10.4071, -0.0331], [10.4597, -0.0843], [10.5038, -0.1391], [10.5759, -0.1495], [10.6962, -0.1402], [10.7941, -0.1337], [10.7981, -0.1343], [10.8036, -0.1364], [10.8322, -0.1423], [10.8586, -0.1168], [10.8929, -0.1279], [10.9731, -0.1097], [11.05, -0.1206], [11.098, -0.1171], [11.1333, -0.0771], [11.1729, -0.0802], [11.1834, -0.0679], [11.1851, -0.0694], [11.1877, -0.074], [11.209, -0.0913], [11.2129, -0.0911], [11.224, -0.0907], [11.2429, -0.0875], [11.2786, -0.1126], [11.3036, -0.1092], [11.3357, -0.1251], [11.3719, -0.1086], [11.3735, -0.1086], [11.3934, -0.1132], [11.3965, -0.1131], [11.4167, -0.1083], [11.4556, -0.1177], [11.4885, -0.0966], [11.5422, -0.0865], [11.5438, -0.0864], [11.564, -0.1005], [11.5766, -0.1196], [11.5989, -0.0888], [11.6255, -0.0853], [11.6448, -0.097], [11.6472, -0.0977], [11.675, -0.1036], [11.7056, -0.1023], [11.7302, -0.1067], [11.7838, -0.1091], [11.8169, -0.1093], [11.8577, -0.0808], [11.873, -0.0535], [11.8755, -0.0557], [11.8908, -0.0653], [11.8983, -0.0752], [11.9219, -0.0742], [11.9461, -0.1085], [11.9782, -0.1048], [12.0226, -0.1147], [12.0483, -0.1262], [12.0791, -0.1123], [12.1415, -0.1222], [12.1773, -0.1678], [12.1911, -0.1971], [12.2148, -0.2008], [12.2577, -0.1927], [12.2972, -0.2177], [12.31, -0.2776], [12.3483, -0.302], [12.3974, -0.3282], [12.4323, -0.3346], [12.4756, -0.3933], [12.511, -0.4673], [12.5308, -0.4892], [12.5789, -0.4934], [12.6315, -0.5305], [12.6655, -0.573], [12.6672, -0.5745], [12.6865, -0.6035], [12.6905, -0.6599], [12.6837, -0.7042], [12.6869, -0.7402], [12.7094, -0.7896], [12.7568, -0.7947], [12.8331, -0.8242], [12.9034, -0.8338], [12.9639, -0.8524], [12.9827, -0.887], [13.0122, -0.9344], [13.0758, -0.9521], [13.1029, -0.953], [13.1134, -0.9777], [13.1536, -0.9988], [13.1534, -1.0468], [13.1464, -1.1052], [13.1874, -1.1435], [13.2434, -1.1843], [13.251, -1.272], [13.2473, -1.2933], [13.269, -1.3223], [13.2854, -1.357], [13.3181, -1.4035], [13.3244, -1.4236], [13.3391, -1.4356], [13.3261, -1.4628], [13.2849, -1.4921], [13.3008, -1.533], [13.3033, -1.5345], [13.3356, -1.5559], [13.3388, -1.5573], [13.4006, -1.5877], [13.4022, -1.5876], [13.4101, -1.5896], [13.4518, -1.6083], [13.5092, -1.627], [13.5148, -1.6291], [13.5211, -1.6296], [13.5487, -1.6332], [13.5911, -1.6306], [13.6185, -1.6351], [13.6681, -1.6164], [13.712, -1.6138], [13.7528, -1.6113], [13.7722, -1.6057], [13.7841, -1.6264], [13.8356, -1.636], [13.8651, -1.6449], [13.8895, -1.629], [13.9131, -1.6114], [13.9472, -1.617], [14.0138, -1.5961], [14.0555, -1.5966], [14.0917, -1.5605], [14.1159, -1.5555], [14.1474, -1.5754], [14.1497, -1.5745], [14.2222, -1.5761], [14.2753, -1.5872], [14.3237, -1.5788], [14.3245, -1.5795], [14.3817, -1.6124]]}}, {"type": "Feature", "properties": {"country": "Gabon", "operator": "GabonBackbone"}, "geometry": {"type": "LineString", "coordinates": [[12.4697, -1.1302], [12.4986, -1.0997], [12.5116, -1.0546], [12.5267, -1.0188], [12.5692, -0.989], [12.6099, -0.9536], [12.647, -0.9224], [12.6648, -0.8901], [12.6732, -0.861], [12.7089, -0.8175], [12.7348, -0.8094], [12.7389, -0.8459], [12.7362, -0.8854], [12.7546, -0.9056], [12.7896, -0.9084], [12.8102, -0.9407], [12.8105, -0.9678], [12.826, -0.9837], [12.834, -1.007], [12.8319, -1.0202], [12.8506, -1.0272], [12.8809, -1.0434], [12.8955, -1.0978], [12.9027, -1.1237], [12.9507, -1.1426], [12.9668, -1.1725], [12.9804, -1.2198], [13.0118, -1.2612], [13.0479, -1.3077], [13.0808, -1.301], [13.1058, -1.3358], [13.1255, -1.3454], [13.1263, -1.3454], [13.154, -1.3769], [13.1696, -1.4364], [13.1967, -1.4973], [13.2246, -1.5589], [13.1621, -1.5873], [13.0185, -1.8275], [12.8977, -2.0686], [13.0176, -1.8284], [13.1629, -1.5856], [13.2256, -1.5575], [13.2489, -1.5923], [13.2721, -1.6437], [13.2975, -1.6794], [13.3494, -1.6667], [13.4006, -1.6392], [13.4181, -1.6393], [13.4401, -1.6226], [13.4695, -1.6336], [13.5071, -1.6355], [13.5442, -1.6426], [13.5871, -1.6442], [13.5898, -1.6441], [13.6218, -1.6349]]}}, {"type": "Feature", "properties": {"country": "Gabon", "operator": "GabonBackbone"}, "geometry": {"type": "LineString", "coordinates": [[9.4358, 0.4005], [9.2755, 0.3337], [8.9953, 0.0154], [8.8226, -0.2051], [8.7058, -0.5277], [8.6494, -0.6893], [8.6708, -0.7524], [8.7577, -0.7472]]}}, {"type": "Feature", "properties": {"country": "Ghana", "operator": "MTN Ghana"}, "geometry": {"type": "LineString", "coordinates": [[-1.7062, 4.9436], [-1.6634, 5.0541], [-1.6197, 5.1136], [-1.612, 5.116], [-1.5311, 5.0815], [-1.4183, 5.1057], [-1.3041, 5.1083], [-1.2301, 5.1263], [-1.1553, 5.164], [-1.0459, 5.2233], [-1.0146, 5.2644], [-0.9281, 5.2772], [-0.8688, 5.3258], [-0.7553, 5.3401], [-0.6356, 5.3843], [-0.5598, 5.475], [-0.51, 5.5034], [-0.3344, 5.5489], [-0.2667, 5.5823], [-0.2306, 5.612], [-0.1494, 5.6362], [-0.0455, 5.6812], [-0.0416, 5.6814], [0.0452, 5.7157], [0.0773, 5.6723], [0.035, 5.617], [0.0291, 5.6167], [-0.0712, 5.5778], [-0.075, 5.5756], [-0.1519, 5.5419], [-0.2506, 5.5088], [-0.2463, 5.6072], [-0.234, 5.6334], [-0.2874, 5.7068], [-0.3484, 5.8073], [-0.3822, 5.8819], [-0.4263, 5.9972], [-0.4978, 6.1309], [-0.4523, 6.2318], [-0.477, 6.2817], [-0.4817, 6.3268], [-0.5059, 6.3667], [-0.5482, 6.3801], [-0.587, 6.4368], [-0.6938, 6.5037], [-0.801, 6.5675], [-0.896, 6.6032], [-1.0475, 6.5924], [-1.1185, 6.5903], [-1.2171, 6.6218], [-1.274, 6.6146], [-1.3653, 6.6564], [-1.4173, 6.6986], [-1.4503, 6.7222], [-1.6225, 6.6887]]}}, {"type": "Feature", "properties": {"country": "Ghana", "operator": "MTN Ghana"}, "geometry": {"type": "LineString", "coordinates": [[0.0007, 5.7002], [0.0592, 5.7639], [0.0607, 5.7647], [0.291, 5.8639], [0.5172, 5.8972], [0.5272, 5.9576], [0.5442, 6.0053], [0.5837, 5.9939], [0.6754, 6.0217], [0.7192, 6.037], [0.7419, 6.065], [0.7988, 6.1303], [0.8248, 6.0769], [0.8663, 6.0621], [0.9207, 6.0654], [0.9626, 6.0568], [0.9792, 6.0509], [1.0514, 6.0792], [1.1159, 6.1106], [1.1338, 6.1159], [1.1489, 6.1012], [1.1863, 6.1203], [1.2139, 6.1353]]}}, {"type": "Feature", "properties": {"country": "Ghana", "operator": "MTN Ghana"}, "geometry": {"type": "LineString", "coordinates": [[-3.1079, 7.0241], [-3.0466, 7.016], [-3.0359, 7.0329], [-2.9981, 7.0514], [-2.9708, 7.0726], [-2.9702, 7.0726], [-2.9689, 7.0726], [-2.9501, 7.0847], [-2.9279, 7.1134], [-2.9176, 7.1488], [-2.9003, 7.1764], [-2.8711, 7.2125], [-2.882, 7.2398], [-2.8742, 7.2788], [-2.806, 7.2712], [-2.7561, 7.2636], [-2.7162, 7.27], [-2.7026, 7.2961], [-2.7037, 7.3221], [-2.6585, 7.3676], [-2.6481, 7.4046], [-2.6093, 7.436], [-2.5825, 7.4496], [-2.5608, 7.435], [-2.5136, 7.4352], [-2.4668, 7.4009], [-2.4652, 7.3999], [-2.3833, 7.3907], [-2.3485, 7.3715], [-2.3285, 7.3325], [-2.264, 7.2851], [-2.2367, 7.2768], [-2.2004, 7.2545], [-2.1673, 7.2176], [-2.1221, 7.2031], [-2.098, 7.1892], [-2.0958, 7.1663], [-2.0748, 7.1242], [-2.0448, 7.0977], [-2.0433, 7.0966], [-2.0202, 7.0816], [-2.0264, 7.0571], [-2.0122, 7.0165], [-1.957, 7.0035], [-1.918, 6.9525], [-1.9169, 6.9509], [-1.8833, 6.9078], [-1.8754, 6.8656], [-1.8754, 6.8641], [-1.8585, 6.8313], [-1.8522, 6.8146], [-1.8506, 6.8136], [-1.8024, 6.7835], [-1.7536, 6.745], [-1.7206, 6.7195], [-1.7085, 6.7039], [-1.7074, 6.7034], [-1.6555, 6.6966], [-1.6301, 6.7018], [-1.6127, 6.7325], [-1.5247, 6.7518], [-1.4735, 6.7365], [-1.4503, 6.6828], [-1.4474, 6.6262], [-1.4493, 6.6243], [-1.5073, 6.5782], [-1.5595, 6.5724], [-1.5962, 6.5782], [-1.6552, 6.6941], [-1.6644, 6.5782], [-1.6617, 6.5187], [-1.6388, 6.4715], [-1.6359, 6.4372], [-1.6307, 6.3475], [-1.648, 6.3041], [-1.651, 6.2791], [-1.6606, 6.2537], [-1.6672, 6.2258], [-1.6686, 6.2222], [-1.6646, 6.2033], [-1.6553, 6.1863], [-1.6517, 6.1523], [-1.6547, 6.1211], [-1.656, 6.1192], [-1.6795, 6.108], [-1.6808, 6.1073], [-1.6962, 6.0872], [-1.7165, 6.0652], [-1.749, 6.0373], [-1.7625, 6.0029], [-1.7641, 6.0014], [-1.7778, 5.973], [-1.8186, 5.9659], [-1.8743, 5.9615], [-1.9003, 5.9615], [-1.9593, 5.8944], [-2.0124, 5.8512], [-2.076, 5.7939], [-2.1139, 5.7506], [-2.1222, 5.7293], [-2.1327, 5.6956], [-2.1144, 5.6626], [-2.0948, 5.6312], [-2.0498, 5.5898], [-2.0188, 5.5646], [-2.0052, 5.5614], [-1.9897, 5.5202], [-1.9928, 5.4704], [-1.992, 5.4328], [-2.0009, 5.3899], [-1.9948, 5.3617], [-1.9775, 5.332], [-1.9872, 5.3023], [-2.0007, 5.2732], [-2.0143, 5.2315], [-2.0423, 5.1815], [-2.0797, 5.1419], [-2.0817, 5.1404], [-2.1136, 5.111], [-2.1074, 5.0898], [-2.1342, 5.0574], [-2.1569, 5.0114], [-2.1904, 4.948]]}}, {"type": "Feature", "properties": {"country": "Ghana", "operator": "MTN Ghana"}, "geometry": {"type": "LineString", "coordinates": [[-2.7667, 5.2835], [-2.7583, 5.2891], [-2.7495, 5.2878], [-2.7277, 5.2395], [-2.7168, 5.218], [-2.6773, 5.1786], [-2.653, 5.1685], [-2.6185, 5.1495], [-2.5957, 5.1191], [-2.5953, 5.1186], [-2.5582, 5.0833], [-2.5186, 5.0644], [-2.486, 5.0528], [-2.4657, 5.0449], [-2.4649, 5.0449], [-2.4342, 5.0021], [-2.4114, 4.968], [-2.391, 4.9558], [-2.3671, 4.9432], [-2.3489, 4.9395], [-2.3154, 4.9234], [-2.2831, 4.9062], [-2.2644, 4.9013], [-2.2355, 4.8952], [-2.2101, 4.8922], [-2.1813, 4.8968], [-2.1577, 4.9022], [-2.134, 4.902], [-2.1174, 4.9042], [-2.0581, 4.9079], [-2.0411, 4.9153], [-2.0076, 4.9185], [-1.9929, 4.926], [-1.9784, 4.9198], [-1.9654, 4.89], [-1.9282, 4.8997], [-1.9031, 4.9001], [-1.8877, 4.8921], [-1.8178, 4.8921], [-1.8064, 4.8974], [-1.8026, 4.9049], [-1.7843, 4.9107], [-1.7844, 4.91], [-1.7685, 4.9039], [-1.7617, 4.9327], [-1.7612, 4.933], [-1.7125, 4.9353]]}}, {"type": "Feature", "properties": {"country": "Ghana", "operator": "MTN Ghana"}, "geometry": {"type": "LineString", "coordinates": [[-2.3307, 7.334], [-2.245, 7.3437], [-2.1852, 7.3888], [-2.1684, 7.4853], [-2.0967, 7.5062], [-2.0668, 7.5474], [-2.0079, 7.562], [-2.0059, 7.5619], [-1.9367, 7.587], [-1.9067, 7.6415], [-1.8683, 7.658], [-1.8068, 7.8016], [-1.7307, 8.0205], [-1.7288, 8.0656], [-1.6727, 8.1642], [-1.601, 8.2715], [-1.5536, 8.4361], [-1.5688, 8.5608], [-1.4573, 8.7529], [-1.4236, 8.8923], [-1.2816, 9.1219], [-1.1169, 9.1678], [-0.8416, 9.4048]]}}, {"type": "Feature", "properties": {"country": "Ghana", "operator": "MTN Ghana"}, "geometry": {"type": "LineString", "coordinates": [[-1.6248, 6.6993], [-1.5276, 6.6241], [-1.4669, 6.5481], [-1.5699, 6.4543], [-1.5066, 6.2555], [-1.4944, 6.1791], [-1.4487, 6.1126], [-1.3755, 6.015], [-1.2831, 5.7444], [-1.2417, 5.6167], [-1.1939, 5.5508], [-1.1496, 5.485], [-1.1548, 5.3724], [-1.1953, 5.2525], [-1.2029, 5.1833], [-1.2073, 5.148], [-1.2289, 5.1275]]}}, {"type": "Feature", "properties": {"country": "Ghana", "operator": "MTN Ghana"}, "geometry": {"type": "LineString", "coordinates": [[-0.4491, 6.0401], [-0.4592, 6.0308], [-0.4668, 6.0252], [-0.4924, 6.0212], [-0.5012, 6.0161], [-0.5237, 6.0046], [-0.5494, 6.0024], [-0.5711, 5.9933], [-0.5873, 5.977], [-0.5911, 5.9705], [-0.5983, 5.9673], [-0.6065, 5.9426], [-0.6099, 5.935], [-0.6341, 5.8956], [-0.657, 5.8692], [-0.6664, 5.8658], [-0.6838, 5.868], [-0.6842, 5.868], [-0.7109, 5.8842], [-0.7333, 5.9237], [-0.7377, 5.9475], [-0.7383, 5.9479], [-0.7526, 5.9549], [-0.7688, 5.9899], [-0.7714, 6.0113], [-0.8003, 6.0561], [-0.8383, 6.0941], [-0.8866, 6.0305], [-0.9649, 5.9847], [-0.9791, 5.9369], [-0.9797, 5.9339], [-1.0059, 5.8991], [-0.9969, 5.8351], [-1.0526, 5.8086], [-1.095, 5.7874], [-1.0962, 5.7862], [-1.1254, 5.7502], [-1.1752, 5.7571], [-1.2861, 5.7839], [-1.2925, 5.7585], [-1.3363, 5.76], [-1.3393, 5.76], [-1.409, 5.7775], [-1.4725, 5.7645], [-1.5002, 5.7804], [-1.5057, 5.7953], [-1.5232, 5.7941], [-1.5556, 5.7915], [-1.5874, 5.7889], [-1.5839, 5.8074], [-1.5924, 5.8277], [-1.5794, 5.8492], [-1.5424, 5.8734], [-1.5593, 5.8929], [-1.5924, 5.9166], [-1.6261, 5.9229], [-1.647, 5.9079], [-1.6861, 5.9219], [-1.7138, 5.9343], [-1.7126, 5.9349], [-1.7205, 5.9498], [-1.7542, 5.9561], [-1.7841, 5.9696]]}}, {"type": "Feature", "properties": {"country": "Ghana", "operator": "NITA Project-Bawku to Ho"}, "geometry": {"type": "LineString", "coordinates": [[-0.2372, 11.0572], [-0.1998, 11.0699], [-0.1908, 10.9209], [-0.1678, 10.8189], [-0.2146, 10.7014], [-0.2091, 10.6483], [-0.1799, 10.6376], [-0.1669, 10.5834], [-0.1647, 10.5092], [-0.0959, 10.4029], [-0.0926, 10.3021], [-0.0717, 10.2263], [-0.0931, 10.1155], [-0.0877, 10.0638], [-0.1164, 9.9753], [-0.169, 9.9402], [-0.218, 9.9232]]}}, {"type": "Feature", "properties": {"country": "Ghana", "operator": "NITA Project-Bawku to Ho"}, "geometry": {"type": "LineString", "coordinates": [[-0.2183, 9.9275], [-0.1942, 9.8814], [-0.1163, 9.8243], [-0.1168, 9.7644], [-0.0954, 9.6978], [-0.0654, 9.6477], [-0.0253, 9.5524], [-0.0287, 9.5142], [-0.005, 9.4374]]}}, {"type": "Feature", "properties": {"country": "Ghana", "operator": "NITA Project-Bawku to Ho"}, "geometry": {"type": "LineString", "coordinates": [[-0.0057, 9.4373], [-0.22, 9.4175], [-0.3144, 9.417], [-0.3739, 9.4427], [-0.4552, 9.4067], [-0.5017, 9.3953], [-0.6222, 9.3715], [-0.6701, 9.3808], [-0.7201, 9.3747], [-0.7743, 9.3791], [-0.7913, 9.3791], [-0.8418, 9.4048]]}}, {"type": "Feature", "properties": {"country": "Ghana", "operator": "NITA Project-Bawku to Ho"}, "geometry": {"type": "LineString", "coordinates": [[-0.0059, 9.4387], [-0.0067, 9.3826], [0.0209, 9.2904], [0.0182, 9.1693], [-0.0059, 9.092], [-0.0156, 8.9291], [0.0599, 8.8553]]}}, {"type": "Feature", "properties": {"country": "Ghana", "operator": "NITA Project-Bawku to Ho"}, "geometry": {"type": "LineString", "coordinates": [[0.0597, 8.8562], [0.0547, 8.766], [0.1773, 8.6935], [0.2996, 8.5001], [0.4039, 8.4027], [0.5235, 8.2644]]}}, {"type": "Feature", "properties": {"country": "Ghana", "operator": "NITA Project-Bawku to Ho"}, "geometry": {"type": "LineString", "coordinates": [[0.5228, 8.2626], [0.4247, 8.2535], [0.3851, 8.0922], [0.1706, 8.0702], [0.3821, 7.9804], [0.4424, 7.8234], [0.4157, 7.6796], [0.4443, 7.5994], [0.3333, 7.3821], [0.4009, 7.3529], [0.498, 7.3727]]}}, {"type": "Feature", "properties": {"country": "Ghana", "operator": "NITA Project-Bawku to Ho"}, "geometry": {"type": "LineString", "coordinates": [[0.4985, 7.3756], [0.5259, 7.1632], [0.2955, 7.0025]]}}, {"type": "Feature", "properties": {"country": "Ghana", "operator": "NITA Project-Bawku to Ho"}, "geometry": {"type": "LineString", "coordinates": [[0.295, 7.0026], [0.3689, 6.7717], [0.2465, 6.5199], [0.471, 6.6095]]}}, {"type": "Feature", "properties": {"country": "Kenya", "operator": "KDN"}, "geometry": {"type": "LineString", "coordinates": [[39.6678, -4.0502], [39.6232, -4.0125], [39.582, -4.001], [39.5458, -3.9749], [39.5095, -3.9043], [39.4484, -3.8418], [39.3857, -3.7925], [39.3362, -3.7893], [39.2654, -3.7943], [39.229, -3.763], [39.1862, -3.7696], [39.0706, -3.7433], [38.8682, -3.6341], [38.7502, -3.5596], [38.5939, -3.4117], [38.561, -3.4081], [38.535, -3.385], [38.4917, -3.1979], [38.4915, -3.0594], [38.428, -2.9554], [38.3472, -2.8891], [38.2533, -2.7576], [38.1411, -2.6743], [38.0807, -2.5881], [38.0059, -2.4932], [37.9542, -2.4156], [37.8995, -2.3752], [37.8275, -2.2916], [37.7238, -2.2107], [37.606, -2.1674], [37.5136, -2.1036], [37.4834, -2.0903], [37.4731, -2.0798], [37.455, -2.0756], [37.3828, -2.0252], [37.3052, -1.947], [37.2557, -1.8776], [37.2265, -1.8141], [37.1947, -1.725], [37.1832, -1.6303], [37.1515, -1.5642], [37.0941, -1.5096], [37.0051, -1.4608], [36.9534, -1.4206], [36.9113, -1.3601], [36.8325, -1.3146], [36.8169, -1.2852], [36.8121, -1.2743], [36.7996, -1.2631], [36.7866, -1.2593], [36.7715, -1.261], [36.7516, -1.265], [36.7322, -1.2629], [36.7085, -1.2603], [36.6879, -1.2509], [36.6746, -1.2389], [36.664, -1.2244], [36.6504, -1.191], [36.634, -1.1376], [36.6319, -1.0879], [36.6281, -1.0588], [36.6302, -1.0515], [36.6217, -1.0212], [36.6294, -0.9938], [36.6252, -0.9754], [36.6278, -0.9577], [36.6206, -0.9398], [36.6086, -0.914], [36.5895, -0.8897], [36.5648, -0.879], [36.5494, -0.8632], [36.549, -0.8624], [36.5468, -0.8487], [36.5511, -0.8368], [36.5421, -0.8183], [36.5257, -0.7989], [36.5087, -0.7742], [36.4719, -0.7536], [36.4555, -0.7338], [36.4409, -0.7118], [36.4296, -0.6997], [36.4098, -0.6875], [36.3921, -0.6742], [36.3861, -0.659], [36.387, -0.6311], [36.3776, -0.6031], [36.363, -0.5733], [36.3421, -0.5457], [36.3237, -0.5182], [36.312, -0.4988], [36.3103, -0.4983], [36.2969, -0.4789], [36.2804, -0.4607], [36.2636, -0.4314], [36.2446, -0.3933], [36.2321, -0.3807], [36.2101, -0.3648], [36.1725, -0.3459], [36.151, -0.3243], [36.1406, -0.3148], [36.1394, -0.3001], [36.1208, -0.2928], [36.0954, -0.2824], [36.0463, -0.2846], [35.9914, -0.2614], [35.9323, -0.2455], [35.8762, -0.221], [35.8328, -0.1991], [35.7879, -0.2041], [35.7756, -0.223], [35.751, -0.2242], [35.7294, -0.2136], [35.715, -0.1863], [35.6821, -0.1432], [35.6735, -0.0986], [35.6635, -0.0813], [35.6491, -0.0727], [35.6348, -0.0454], [35.609, -0.021], [35.5774, -0.0051], [35.5387, -0.0081], [35.5245, 0.009], [35.5373, 0.0436], [35.5388, 0.068], [35.5346, 0.0866], [35.5043, 0.0983], [35.474, 0.1114], [35.4624, 0.1433], [35.4637, 0.1649], [35.4305, 0.2171], [35.4006, 0.2622], [35.3732, 0.314], [35.356, 0.3528], [35.3301, 0.3874], [35.3172, 0.4234], [35.2942, 0.458], [35.2971, 0.4926], [35.2942, 0.5084], [35.2769, 0.5185], [35.2538, 0.5215], [35.235, 0.5605], [35.2032, 0.5952], [35.1975, 0.6082], [35.1583, 0.6011], [35.118, 0.6156], [35.072, 0.623], [35.0417, 0.6331], [35.0244, 0.6403], [34.984, 0.6232], [34.9479, 0.6102], [34.919, 0.5913], [34.8859, 0.6031], [34.8541, 0.6062], [34.831, 0.5976], [34.8151, 0.5789], [34.7978, 0.5876], [34.7603, 0.6035], [34.7386, 0.605], [34.6952, 0.6196], [34.6519, 0.6095], [34.6081, 0.5916], [34.5564, 0.5925], [34.5335, 0.5941], [34.5046, 0.5915], [34.4329, 0.5972], [34.372, 0.6104], [34.3413, 0.6221], [34.3122, 0.6281], [34.2626, 0.6413]]}}, {"type": "Feature", "properties": {"country": "Kenya", "operator": "KDN"}, "geometry": {"type": "LineString", "coordinates": [[34.5527, 0.5923], [34.5583, 0.5801], [34.5639, 0.5767], [34.5605, 0.5617], [34.55, 0.5184], [34.5283, 0.4834], [34.5166, 0.4523], [34.507, 0.4278], [34.492, 0.4105], [34.4908, 0.3855], [34.4886, 0.3749], [34.4869, 0.3537], [34.4919, 0.3431], [34.4881, 0.3315], [34.4998, 0.3265], [34.5109, 0.3209], [34.5238, 0.3249], [34.5399, 0.3271], [34.5561, 0.3238], [34.5772, 0.3177], [34.59, 0.3082], [34.6017, 0.3015], [34.6128, 0.301], [34.6212, 0.2994], [34.6323, 0.2955], [34.6384, 0.2871], [34.6429, 0.2833], [34.6545, 0.2861], [34.6651, 0.2828], [34.6773, 0.2789], [34.6918, 0.2773], [34.7051, 0.2801], [34.719, 0.2796], [34.7284, 0.2785], [34.734, 0.2763], [34.75, 0.2825], [34.7518, 0.2709], [34.7488, 0.2558], [34.7548, 0.2345], [34.7609, 0.2204], [34.772, 0.2083], [34.772, 0.2013], [34.7569, 0.1891], [34.7478, 0.169], [34.7427, 0.1569], [34.7438, 0.1417], [34.7337, 0.1205], [34.7216, 0.1013], [34.7186, 0.0751], [34.7237, 0.0499], [34.7267, 0.0318], [34.7246, 0.0105], [34.7388, -0.0056], [34.7498, -0.0269], [34.763, -0.0461], [34.7761, -0.0603], [34.7741, -0.0796], [34.7609, -0.1], [34.7753, -0.1107], [34.7935, -0.1238], [34.8006, -0.1461], [34.8299, -0.1542], [34.8512, -0.1572], [34.8715, -0.1653], [34.8968, -0.1704], [34.9271, -0.1724], [34.9453, -0.1815], [34.9555, -0.1927], [34.9565, -0.2372], [34.9626, -0.2574], [34.9828, -0.2868], [35.004, -0.3121], [35.007, -0.3222], [35.004, -0.3434], [35.0009, -0.3646], [35.0049, -0.3797], [35.016, -0.3948], [35.013, -0.4059], [35.006, -0.417], [34.9939, -0.4261], [34.9747, -0.4261], [34.9555, -0.4372], [34.9384, -0.4413], [34.9152, -0.4463], [34.9051, -0.4443], [34.8899, -0.4494], [34.8728, -0.4595], [34.8486, -0.4706], [34.8274, -0.4817], [34.7991, -0.4858], [34.7718, -0.4848], [34.7516, -0.4929], [34.7354, -0.5071], [34.7252, -0.5253], [34.7324, -0.5454], [34.7415, -0.5586], [34.7324, -0.5839], [34.7486, -0.612], [34.7568, -0.6241], [34.7548, -0.6472], [34.7487, -0.6604], [34.7614, -0.6664], [34.7731, -0.6775], [34.7789, -0.6852], [34.7857, -0.6881], [34.7936, -0.6991], [34.8145, -0.7077], [34.8346, -0.7196], [34.8471, -0.7292], [34.8581, -0.7411], [34.8782, -0.742], [34.8973, -0.7492], [34.9183, -0.7625], [34.9426, -0.7739], [34.9545, -0.7815], [34.9645, -0.772], [34.9884, -0.7682], [35.0149, -0.7596], [35.032, -0.7323], [35.0512, -0.7023], [35.0766, -0.6902], [35.0996, -0.6858], [35.1148, -0.6851], [35.1384, -0.6769], [35.1664, -0.6641], [35.1905, -0.6476], [35.1975, -0.626], [35.1956, -0.5968], [35.1962, -0.5885], [35.1918, -0.5834], [35.1784, -0.5515], [35.1727, -0.5138], [35.1638, -0.4888], [35.1748, -0.4723], [35.1831, -0.4621], [35.2022, -0.4526], [35.2169, -0.4322], [35.2245, -0.4119], [35.2353, -0.3979], [35.248, -0.3833], [35.2569, -0.3814], [35.2677, -0.3769], [35.2759, -0.3725], [35.2937, -0.3624], [35.3146, -0.3446], [35.3267, -0.3332], [35.3584, -0.3275], [35.3886, -0.312], [35.4184, -0.293], [35.4368, -0.2746], [35.4482, -0.2663], [35.4684, -0.2632], [35.4849, -0.253], [35.5014, -0.2556], [35.5191, -0.2454], [35.5299, -0.2346], [35.5471, -0.2327], [35.5686, -0.2156], [35.5982, -0.1985], [35.619, -0.1751], [35.6398, -0.1663], [35.6574, -0.1689], [35.6699, -0.1665], [35.6761, -0.1596], [35.6931, -0.1589]]}}, {"type": "Feature", "properties": {"country": "Kenya", "operator": "KDN"}, "geometry": {"type": "LineString", "coordinates": [[35.6701, -0.1658], [35.6784, -0.1708], [35.6857, -0.181], [35.6946, -0.1996], [35.7058, -0.2137], [35.7068, -0.226], [35.7132, -0.2363], [35.7244, -0.2416], [35.7341, -0.2508], [35.7449, -0.264], [35.7478, -0.2752], [35.7581, -0.2831], [35.7649, -0.2923], [35.7723, -0.2987], [35.7864, -0.2948], [35.8094, -0.3016], [35.8167, -0.303], [35.826, -0.2946], [35.8368, -0.2813], [35.8486, -0.2807], [35.855, -0.2792], [35.8664, -0.2811], [35.8782, -0.2806], [35.8924, -0.286], [35.9134, -0.3027], [35.9282, -0.3164], [35.9434, -0.3302], [35.9558, -0.338], [35.9657, -0.338], [35.9746, -0.3252], [35.9835, -0.3119], [35.9959, -0.2991], [36.008, -0.2916], [36.022, -0.2876], [36.0284, -0.2821], [36.0299, -0.2782]]}}, {"type": "Feature", "properties": {"country": "Kenya", "operator": "KDN"}, "geometry": {"type": "LineString", "coordinates": [[36.0946, -0.2826], [36.1103, -0.2496], [36.1202, -0.2163], [36.1216, -0.1804], [36.1237, -0.1698], [36.1324, -0.1699], [36.1437, -0.1523], [36.158, -0.1208], [36.168, -0.0859], [36.1765, -0.0593], [36.1856, -0.0537], [36.1884, -0.0439], [36.2039, -0.0313], [36.228, -0.0059], [36.2357, 0.004], [36.2512, 0.0081], [36.2606, 0.0257], [36.2656, 0.0092], [36.2719, 0.012], [36.281, 0.0302], [36.2957, 0.04], [36.3182, 0.0422], [36.3301, 0.0386], [36.3469, 0.0417], [36.3637, 0.0381], [36.3721, 0.0425], [36.3939, 0.034], [36.4156, 0.0242], [36.4437, 0.0222], [36.4711, 0.0174], [36.495, 0.0105], [36.5013, -0.0078], [36.5026, -0.029], [36.5145, -0.0452], [36.5307, -0.0661], [36.5603, -0.0772], [36.5963, -0.0749], [36.6201, -0.0785], [36.649, -0.0819], [36.6682, -0.093], [36.6844, -0.1058], [36.6978, -0.1311], [36.7146, -0.1466], [36.7343, -0.1592], [36.7511, -0.1634], [36.768, -0.1802], [36.7891, -0.1879], [36.8081, -0.1921], [36.8258, -0.1991], [36.8511, -0.2089], [36.8688, -0.2264], [36.8742, -0.2362], [36.875, -0.2517], [36.8855, -0.2601], [36.8891, -0.2862], [36.8898, -0.3087], [36.9017, -0.3192], [36.9081, -0.3347], [36.9229, -0.3523], [36.9306, -0.3705], [36.9475, -0.3832], [36.956, -0.3909], [36.9539, -0.3994], [36.9426, -0.4029], [36.95, -0.4101], [36.9474, -0.4176], [36.957, -0.4267], [36.9699, -0.4358], [36.9925, -0.4514], [37.0086, -0.46], [37.0274, -0.4535], [37.0414, -0.4508], [37.0516, -0.4567], [37.0575, -0.4643], [37.0634, -0.4642], [37.0655, -0.4712], [37.0735, -0.469], [37.0875, -0.4771], [37.1026, -0.483], [37.1181, -0.4819], [37.1272, -0.483], [37.1294, -0.4942], [37.1337, -0.5092], [37.1439, -0.5236], [37.1557, -0.537], [37.1643, -0.5493], [37.1637, -0.5676], [37.1605, -0.581], [37.1605, -0.5815], [37.1631, -0.5891], [37.1712, -0.5891], [37.1858, -0.5998], [37.1917, -0.6133], [37.1923, -0.6279], [37.1917, -0.6398], [37.1993, -0.6533], [37.2026, -0.662], [37.2123, -0.6652], [37.2058, -0.6706], [37.1993, -0.6733], [37.1939, -0.6706], [37.1864, -0.6971], [37.1815, -0.7139], [37.168, -0.7246], [37.1562, -0.724], [37.1486, -0.7289], [37.1502, -0.7348], [37.1589, -0.7397], [37.1642, -0.7457], [37.1556, -0.7506], [37.1546, -0.7635], [37.1546, -0.7641], [37.1459, -0.7797], [37.1357, -0.7899], [37.1406, -0.8087], [37.1368, -0.8293], [37.1396, -0.8546], [37.1412, -0.8735], [37.1337, -0.8811], [37.1213, -0.8951], [37.1235, -0.9129], [37.1257, -0.9204], [37.1236, -0.935], [37.1214, -0.9441], [37.1096, -0.9587], [37.0983, -0.9657], [37.0908, -0.9845], [37.0795, -1.0034], [37.067, -1.0245], [37.0633, -1.0406], [37.0483, -1.0706], [37.0262, -1.0987], [37.0106, -1.1132], [36.9982, -1.1278], [36.9745, -1.1337], [36.9739, -1.1337], [36.9664, -1.145], [36.9589, -1.1569], [36.9508, -1.1714], [36.9325, -1.186], [36.9218, -1.2027], [36.8959, -1.215], [36.8793, -1.2311], [36.8685, -1.2435], [36.8556, -1.2575], [36.8465, -1.2596], [36.8374, -1.2655], [36.8272, -1.2682], [36.818, -1.2676], [36.8009, -1.2633]]}}, {"type": "Feature", "properties": {"country": "Kenya", "operator": "KDN"}, "geometry": {"type": "LineString", "coordinates": [[36.9495, -0.4119], [36.9672, -0.4169], [36.976, -0.4124], [36.9843, -0.41], [36.9844, -0.4097], [36.9901, -0.4071], [36.9896, -0.4029], [36.9921, -0.3999], [36.9957, -0.4018], [37.0, -0.4017], [37.0024, -0.4035], [37.0022, -0.3974], [37.0014, -0.3935], [37.0027, -0.3905], [37.0011, -0.3522], [37.0064, -0.3329], [37.0053, -0.3187], [37.0109, -0.2946], [37.0146, -0.2874], [37.0097, -0.2782], [37.0124, -0.2506], [37.0146, -0.2293], [37.0104, -0.2182], [37.0176, -0.1971], [37.0209, -0.1739], [37.0242, -0.1653], [37.0207, -0.1608], [37.0266, -0.1532], [37.0348, -0.1132], [37.0398, -0.1048], [37.0349, -0.0834], [37.0509, -0.0497], [37.0679, -0.0072], [37.0777, 0.0139], [37.1022, 0.0291], [37.1361, 0.0364], [37.1532, 0.0486], [37.1852, 0.0531], [37.2066, 0.055], [37.2085, 0.0606], [37.2187, 0.0671], [37.2412, 0.0863], [37.2579, 0.093], [37.2962, 0.0776], [37.3375, 0.0864], [37.3832, 0.1012], [37.414, 0.1095], [37.4315, 0.1094], [37.4507, 0.1218], [37.46, 0.1199], [37.4627, 0.1249], [37.4625, 0.1335], [37.4728, 0.1385], [37.4883, 0.1439], [37.5256, 0.1378], [37.5503, 0.1303], [37.5539, 0.1236], [37.565, 0.1211], [37.5828, 0.1097], [37.609, 0.1052], [37.6237, 0.0801], [37.6294, 0.0634], [37.6381, 0.0579], [37.6491, 0.0526], [37.6552, 0.0417], [37.6628, 0.0176], [37.6616, -0.0168], [37.659, -0.046], [37.6594, -0.0597], [37.6598, -0.0611], [37.67, -0.0824], [37.6643, -0.0919], [37.6687, -0.1088], [37.6771, -0.1304], [37.6768, -0.1514], [37.6731, -0.1599], [37.6763, -0.1816], [37.6752, -0.1898], [37.6628, -0.1997], [37.6632, -0.2075], [37.6574, -0.2145], [37.6547, -0.2295], [37.6449, -0.2322], [37.6355, -0.2286], [37.6414, -0.2538], [37.6525, -0.2708], [37.6644, -0.2839], [37.6686, -0.299], [37.6596, -0.3028], [37.6589, -0.3183], [37.6589, -0.3259], [37.6504, -0.3295], [37.65, -0.3306], [37.6399, -0.339], [37.6243, -0.3448], [37.6123, -0.3564], [37.6128, -0.3837], [37.6052, -0.3887], [37.596, -0.3919], [37.5914, -0.4005], [37.5816, -0.4082], [37.5716, -0.4111], [37.5711, -0.4216], [37.5697, -0.4281], [37.5582, -0.4394], [37.5577, -0.4561], [37.5571, -0.4703], [37.5534, -0.4737], [37.5431, -0.4728], [37.5324, -0.473], [37.5215, -0.4774], [37.5038, -0.4748], [37.4881, -0.475], [37.4757, -0.4755], [37.4644, -0.4763], [37.4607, -0.4991], [37.452, -0.5258], [37.4507, -0.5322], [37.4534, -0.5451], [37.4436, -0.543], [37.4297, -0.5412], [37.4198, -0.5502], [37.4193, -0.5504], [37.4078, -0.5542], [37.3916, -0.5495], [37.3891, -0.5482], [37.3843, -0.5547], [37.3683, -0.5578], [37.362, -0.5599], [37.3528, -0.5799], [37.3582, -0.6046], [37.3644, -0.6242], [37.3628, -0.659], [37.3608, -0.6724], [37.3536, -0.6849], [37.3389, -0.6957], [37.3236, -0.7216], [37.3252, -0.7358], [37.3192, -0.7508], [37.3109, -0.7501], [37.2894, -0.7569], [37.2763, -0.7567], [37.2692, -0.7789], [37.2688, -0.7868], [37.2625, -0.7924], [37.2623, -0.8068], [37.2612, -0.8112], [37.2542, -0.814], [37.242, -0.8197], [37.231, -0.8317], [37.2341, -0.8572], [37.2379, -0.8635], [37.2343, -0.8726], [37.2316, -0.8852], [37.2253, -0.895], [37.2132, -0.9019], [37.2052, -0.9102], [37.2245, -0.9134], [37.2385, -0.9147], [37.2492, -0.9167], [37.2538, -0.9369], [37.2492, -0.9532], [37.2323, -0.9704], [37.2194, -0.9846], [37.2215, -1.0083], [37.2365, -1.0215], [37.2373, -1.0324], [37.2328, -1.0457], [37.2386, -1.0621], [37.2386, -1.0748], [37.2604, -1.0882], [37.2771, -1.1065], [37.2934, -1.1473], [37.2825, -1.1611], [37.2644, -1.1745], [37.2587, -1.2145], [37.2746, -1.2371], [37.2933, -1.2532], [37.3102, -1.2683], [37.2867, -1.2764], [37.2769, -1.284], [37.2473, -1.2837], [37.2268, -1.2878], [37.2103, -1.2902], [37.1617, -1.2823], [37.1357, -1.2777], [37.1122, -1.2795], [37.0847, -1.2845], [37.0504, -1.2805], [37.006, -1.2751], [36.9853, -1.265], [36.9638, -1.2547], [36.9493, -1.2511], [36.9158, -1.2578], [36.8957, -1.2721], [36.8811, -1.279], [36.8786, -1.2578], [36.8775, -1.2486], [36.8669, -1.2449]]}}, {"type": "Feature", "properties": {"country": "Kenya", "operator": "KDN"}, "geometry": {"type": "LineString", "coordinates": [[36.9648, -1.43], [36.9689, -1.4512], [36.9613, -1.4737], [36.9513, -1.5075], [36.9506, -1.5096], [36.9341, -1.5579], [36.9162, -1.5929], [36.8889, -1.6239], [36.8705, -1.6488], [36.8494, -1.6772], [36.8459, -1.6919], [36.8199, -1.6747], [36.8049, -1.6271], [36.7917, -1.5633], [36.751, -1.4979], [36.7299, -1.4618], [36.7006, -1.4587], [36.6851, -1.4353], [36.6999, -1.4207], [36.7106, -1.416], [36.7157, -1.4033], [36.7323, -1.3968], [36.7548, -1.3976], [36.765, -1.392], [36.7705, -1.3848], [36.7668, -1.3646], [36.7635, -1.3521], [36.7697, -1.3405], [36.7893, -1.3297], [36.8043, -1.3226], [36.814, -1.3163], [36.8212, -1.3065], [36.8274, -1.3051]]}}, {"type": "Feature", "properties": {"country": "Kenya", "operator": "KDN"}, "geometry": {"type": "LineString", "coordinates": [[34.7613, -0.0997], [34.7507, -0.0971], [34.757, -0.0905], [34.7565, -0.0877], [34.7487, -0.0832], [34.7374, -0.0789], [34.7226, -0.0766], [34.6872, -0.0728], [34.6649, -0.0718], [34.6527, -0.0674], [34.6479, -0.0611], [34.6498, -0.0459], [34.6433, -0.0404], [34.629, -0.0384], [34.6231, -0.0393], [34.6149, -0.0319], [34.6071, -0.0251], [34.6029, -0.0209], [34.6023, -0.0147], [34.5984, -0.0068], [34.603, 0.0023], [34.6058, 0.0079], [34.6008, 0.0154], [34.5928, 0.0209], [34.5848, 0.0264]]}}, {"type": "Feature", "properties": {"country": "Kenya", "operator": "KDN"}, "geometry": {"type": "LineString", "coordinates": [[36.8066, -1.2667], [36.9221, -1.3348], [36.9664, -1.3918], [37.0611, -1.4626], [37.1341, -1.5171], [37.1896, -1.5899], [37.1906, -1.5946], [37.2059, -1.6827], [37.2312, -1.7724], [37.26, -1.8538], [37.3208, -1.9366], [37.3794, -1.9859], [37.433, -2.0321], [37.4869, -2.0697], [37.5971, -2.1422], [37.7007, -2.181], [37.7683, -2.2171], [37.8241, -2.2624], [37.9191, -2.3728], [37.9785, -2.4148], [38.0178, -2.4773], [38.0604, -2.5304], [38.1061, -2.5898], [38.1606, -2.6548], [38.2118, -2.7065], [38.2805, -2.7563], [38.3577, -2.8699], [38.4215, -2.9285], [38.4774, -2.9878], [38.5089, -3.0893], [38.5071, -3.1776], [38.5187, -3.2273], [38.5347, -3.3094], [38.5519, -3.3733], [38.5685, -3.4466], [38.6794, -3.5441], [38.7406, -3.6017], [38.8998, -3.701], [39.0178, -3.7628], [39.1834, -3.8133], [39.2326, -3.822], [39.376, -3.8528], [39.4451, -3.9025], [39.4474, -3.906], [39.5321, -3.9964], [39.6035, -4.0462], [39.6679, -4.05]]}}, {"type": "Feature", "properties": {"country": "Kenya", "operator": "KDN"}, "geometry": {"type": "LineString", "coordinates": [[34.585, 0.0263], [34.5783, 0.0456], [34.5811, 0.0605], [34.581, 0.0626], [34.5814, 0.0648], [34.5767, 0.0773], [34.5755, 0.0785], [34.5657, 0.0874], [34.5479, 0.0858], [34.5369, 0.0899], [34.5154, 0.1011], [34.4963, 0.1045], [34.4797, 0.1109], [34.4539, 0.1096], [34.4211, 0.1311], [34.398, 0.1465], [34.3832, 0.1556], [34.3469, 0.1576], [34.328, 0.1519], [34.3081, 0.1648], [34.2944, 0.1834], [34.2779, 0.1938], [34.2601, 0.2181], [34.2342, 0.2421], [34.2266, 0.2678], [34.2202, 0.2864], [34.1985, 0.3137], [34.1848, 0.3434], [34.1579, 0.374], [34.1441, 0.3854], [34.1437, 0.4018], [34.1475, 0.4236], [34.1494, 0.44], [34.1421, 0.4475], [34.1172, 0.4584], [34.142, 0.4543], [34.1381, 0.4806], [34.135, 0.4952], [34.1568, 0.52], [34.1753, 0.5459], [34.2019, 0.5757], [34.2354, 0.6045], [34.2491, 0.62], [34.268, 0.6342], [34.2636, 0.6412]]}}, {"type": "Feature", "properties": {"country": "Kenya", "operator": "KDN"}, "geometry": {"type": "LineString", "coordinates": [[36.8472, -1.6917], [36.8259, -1.7682], [36.8115, -1.8211], [36.7965, -1.838], [36.784, -1.853], [36.7752, -1.86], [36.7777, -1.925], [36.786, -1.9462], [36.7991, -2.0076], [36.7946, -2.0766], [36.7881, -2.0928], [36.7893, -2.1134], [36.7898, -2.1576], [36.7983, -2.1835], [36.7875, -2.2285], [36.8091, -2.2829], [36.8316, -2.3302], [36.8501, -2.3889], [36.844, -2.4604], [36.8415, -2.5], [36.827, -2.5236], [36.7993, -2.5426], [36.7835, -2.551]]}}, {"type": "Feature", "properties": {"country": "Kenya", "operator": "KDN"}, "geometry": {"type": "LineString", "coordinates": [[37.0633, -1.0414], [37.0718, -1.0441], [37.085, -1.0527], [37.0958, -1.0523], [37.1129, -1.0558], [37.1288, -1.0605], [37.1465, -1.06], [37.1706, -1.063], [37.185, -1.0567], [37.2013, -1.0559], [37.224, -1.0585], [37.2388, -1.0617], [37.2492, -1.0613], [37.2624, -1.0559], [37.2747, -1.0574], [37.2936, -1.0634], [37.3091, -1.0739], [37.332, -1.0964], [37.3414, -1.1012], [37.3669, -1.1099], [37.3916, -1.1315], [37.416, -1.163], [37.4428, -1.1801], [37.4487, -1.1678], [37.4528, -1.1544], [37.4643, -1.1441], [37.4891, -1.1426], [37.5148, -1.1461], [37.5611, -1.1419], [37.5871, -1.1257], [37.6314, -1.1072], [37.666, -1.0985], [37.6779, -1.0978], [37.7083, -1.1104], [37.7288, -1.1105], [37.7685, -1.1072], [37.7971, -1.09], [37.8197, -1.0644], [37.8468, -1.0425], [37.8967, -1.0283], [37.9294, -1.0052], [37.9488, -1.0024], [37.9701, -0.9954], [38.002, -0.9689], [38.0281, -0.957], [38.0419, -0.9416], [38.0554, -0.933], [38.0636, -0.9337], [38.0902, -0.9293], [38.1231, -0.9183], [38.1447, -0.9077], [38.1596, -0.8953], [38.1774, -0.8775], [38.206, -0.8607], [38.2311, -0.8571], [38.2543, -0.8374], [38.2712, -0.8193], [38.2947, -0.8113], [38.3135, -0.8044], [38.3227, -0.7932], [38.3319, -0.7773], [38.3499, -0.7744], [38.3843, -0.7687], [38.4194, -0.7685], [38.4513, -0.7747], [38.4749, -0.7833], [38.4975, -0.7995], [38.5256, -0.806], [38.553, -0.8021], [38.5704, -0.7963], [38.6116, -0.7961], [38.6453, -0.7911], [38.665, -0.7875], [38.6975, -0.7891], [38.7313, -0.782], [38.7586, -0.7706], [38.8017, -0.763], [38.839, -0.7598], [38.863, -0.7536], [38.8826, -0.7384], [38.922, -0.737], [38.9725, -0.7377], [39.0061, -0.7252], [39.0218, -0.7199], [39.0607, -0.6878], [39.1216, -0.6695], [39.1494, -0.6666], [39.1996, -0.666], [39.2173, -0.667], [39.2423, -0.6547], [39.272, -0.6446], [39.282, -0.6309], [39.3166, -0.608], [39.3812, -0.5676], [39.5009, -0.498], [39.5284, -0.4914], [39.5503, -0.4775], [39.5766, -0.4773], [39.6072, -0.4706], [39.626, -0.461]]}}, {"type": "Feature", "properties": {"country": "Kenya", "operator": "KDN"}, "geometry": {"type": "LineString", "coordinates": [[39.5294, -0.4907], [39.5363, -0.5138], [39.5555, -0.5478], [39.5879, -0.6037], [39.6049, -0.6434], [39.6035, -0.673], [39.6303, -0.7218], [39.6697, -0.7858], [39.7047, -0.8505], [39.7274, -0.8821], [39.7381, -0.9138], [39.7554, -0.9535], [39.7756, -0.9936], [39.795, -1.0211], [39.7918, -1.0956], [39.8001, -1.141], [39.8186, -1.1754], [39.8276, -1.1871], [39.8255, -1.2124], [39.8365, -1.2306], [39.8664, -1.2488], [39.892, -1.2639], [39.9038, -1.2902], [39.9112, -1.3403], [39.9241, -1.3721], [39.9475, -1.4067], [39.9652, -1.4351], [39.9766, -1.4585], [39.9797, -1.479], [39.9925, -1.4985], [40.004, -1.5154], [39.9856, -1.5524], [39.9756, -1.5731], [39.9916, -1.6506], [40.0253, -1.7522], [40.0395, -1.7975], [40.0485, -1.8092], [40.0715, -1.8835], [40.097, -1.9775], [40.0999, -2.0088], [40.0655, -2.0461], [40.0528, -2.1066], [40.0621, -2.1256], [40.07, -2.1997], [40.0719, -2.2682], [40.0992, -2.2848], [40.1008, -2.3092], [40.1116, -2.3237], [40.1173, -2.3295], [40.1199, -2.3368], [40.1188, -2.5252], [40.1235, -2.5557], [40.1349, -2.6028], [40.1511, -2.8399], [40.1457, -2.8684], [40.134, -2.8896], [40.138, -2.9141], [40.1358, -2.9458], [40.141, -2.975], [40.1365, -3.003], [40.145, -3.0937], [40.1543, -3.117], [40.1315, -3.1352], [40.1116, -3.1659], [40.1163, -3.1964], [40.1199, -3.2156], [40.1042, -3.2297], [40.0567, -3.2567], [40.0335, -3.2906], [40.0176, -3.3011], [40.0016, -3.3035], [39.9784, -3.3208], [39.9456, -3.3363], [39.9369, -3.3492], [39.9306, -3.3759], [39.917, -3.3965], [39.8954, -3.4215], [39.8917, -3.4534], [39.8959, -3.4772], [39.8805, -3.5349], [39.8713, -3.5743], [39.8523, -3.6147], [39.8498, -3.6348], [39.8471, -3.649], [39.834, -3.6597], [39.8199, -3.6714], [39.8108, -3.6957], [39.8177, -3.7031], [39.8254, -3.7122], [39.8248, -3.7603], [39.8211, -3.79], [39.8086, -3.8204], [39.7973, -3.8533], [39.7839, -3.8689], [39.7687, -3.9005], [39.746, -3.9331], [39.7434, -3.9553], [39.7392, -3.9762], [39.7288, -3.9979], [39.7204, -4.0202], [39.6994, -4.0246], [39.6816, -4.0387], [39.6614, -4.0447]]}}, {"type": "Feature", "properties": {"country": "Kenya", "operator": "KDN"}, "geometry": {"type": "LineString", "coordinates": [[35.1991, 0.6081], [35.1701, 0.6452], [35.1593, 0.6828], [35.1555, 0.7373], [35.1355, 0.7645], [35.1333, 0.8038], [35.1211, 0.834], [35.1247, 0.8577], [35.1079, 0.8975], [35.0807, 0.9238], [35.0548, 0.9633], [35.0472, 0.984], [35.0215, 0.985], [34.9979, 0.9954], [35.0066, 1.0173], [35.041, 1.0417], [35.062, 1.0729], [35.0759, 1.1031], [35.0866, 1.1244], [35.1054, 1.1428], [35.1122, 1.1756], [35.0917, 1.1951], [35.0866, 1.2227], [35.0933, 1.258], [35.1187, 1.2594], [35.1335, 1.2723], [35.1544, 1.2809], [35.1655, 1.2771], [35.1821, 1.2896], [35.209, 1.3087], [35.2455, 1.3324], [35.2554, 1.3415], [35.2625, 1.3719], [35.2865, 1.3954], [35.3162, 1.4058], [35.3405, 1.394], [35.3479, 1.4221], [35.3715, 1.4574], [35.3793, 1.4798], [35.4045, 1.4966], [35.4099, 1.5154], [35.4152, 1.5308], [35.444, 1.5315], [35.4644, 1.565], [35.4709, 1.6003], [35.4812, 1.6436], [35.4925, 1.6831], [35.4952, 1.714], [35.4928, 1.7436], [35.4922, 1.7646], [35.5145, 1.7832], [35.539, 1.8078], [35.5564, 1.8382], [35.5564, 1.8679], [35.5395, 1.9181], [35.5261, 1.9387], [35.5228, 1.9923], [35.5219, 2.0063], [35.5289, 2.0233], [35.5161, 2.0357], [35.494, 2.041], [35.4893, 2.0838], [35.4882, 2.1173], [35.4939, 2.1507], [35.5119, 2.173], [35.5433, 2.1975], [35.5547, 2.2369], [35.5681, 2.2784], [35.5907, 2.3174], [35.6158, 2.3475], [35.6367, 2.3551], [35.6475, 2.3799], [35.6498, 2.3997], [35.6568, 2.4566], [35.6543, 2.5158], [35.6512, 2.5922], [35.6502, 2.6359], [35.6341, 2.6586], [35.6363, 2.7115], [35.6463, 2.7418], [35.6353, 2.7695], [35.6182, 2.7994], [35.6119, 2.8803], [35.6141, 2.9332], [35.6228, 2.9782], [35.6195, 3.0548], [35.6016, 3.116], [35.6015, 3.1353], [35.5749, 3.148], [35.4975, 3.2057], [35.4649, 3.2341], [35.4821, 3.2739], [35.4797, 3.3207], [35.455, 3.3523], [35.4052, 3.3739], [35.3511, 3.4061], [35.3194, 3.4204], [35.3047, 3.4505], [35.2988, 3.473], [35.255, 3.495], [35.2254, 3.5053], [35.1967, 3.538], [35.1487, 3.558], [35.121, 3.5607], [35.0844, 3.5973], [35.0532, 3.6194], [35.0226, 3.6299], [35.006, 3.6516], [34.9932, 3.6743], [34.9817, 3.6978], [34.9499, 3.7004], [34.9198, 3.6962], [34.8799, 3.6996], [34.8489, 3.7092], [34.8, 3.7168], [34.7617, 3.7219], [34.7233, 3.7533], [34.6792, 3.7581], [34.6501, 3.7532], [34.6253, 3.7676], [34.5947, 3.7849], [34.5795, 3.8572], [34.5591, 3.9041], [34.5562, 3.9553], [34.5454, 4.0103], [34.5329, 4.0467], [34.4781, 4.0836], [34.4457, 4.1291], [34.4255, 4.1566], [34.3838, 4.1617], [34.3608, 4.1914], [34.3483, 4.2151], [34.3377, 4.2471], [34.3053, 4.3027], [34.3111, 4.3362], [34.3123, 4.3599], [34.2967, 4.3921], [34.2916, 4.4042], [34.2106, 4.4496]]}}, {"type": "Feature", "properties": {"country": "Kenya", "operator": "KDN"}, "geometry": {"type": "LineString", "coordinates": [[37.4725, 0.139], [37.4734, 0.1505], [37.4883, 0.1631], [37.5043, 0.1832], [37.5263, 0.2175], [37.5419, 0.2641], [37.5534, 0.2729], [37.5672, 0.3155], [37.5836, 0.3511], [37.5931, 0.3963], [37.6017, 0.4329], [37.6112, 0.4622], [37.6346, 0.4865], [37.6605, 0.5359], [37.6786, 0.5653], [37.6725, 0.6165], [37.6751, 0.633], [37.6569, 0.6408], [37.6508, 0.6469], [37.6334, 0.6833], [37.5978, 0.7239], [37.5562, 0.7724], [37.5475, 0.8026], [37.5587, 0.8311], [37.5691, 0.8503], [37.5604, 0.8893], [37.5604, 0.9075], [37.5734, 0.9432], [37.5803, 0.9789], [37.5629, 1.0127], [37.5612, 1.0595], [37.5785, 1.0986], [37.5993, 1.1282], [37.5967, 1.1559], [37.5854, 1.1672], [37.5845, 1.1836], [37.6105, 1.1967], [37.6365, 1.2132], [37.6605, 1.2232], [37.6778, 1.2545], [37.6752, 1.2814], [37.6847, 1.2909], [37.6907, 1.3187], [37.7115, 1.3361], [37.7115, 1.3657], [37.7201, 1.3918], [37.7218, 1.4196], [37.7279, 1.4543], [37.7392, 1.4942], [37.7591, 1.5351], [37.7938, 1.5768], [37.8042, 1.5959], [37.812, 1.6289], [37.8225, 1.6385], [37.8329, 1.6698], [37.8294, 1.6916], [37.8328, 1.7211], [37.8494, 1.7674], [37.8632, 1.84], [37.8771, 1.8722], [37.8988, 1.9139], [37.9126, 1.9826], [37.9143, 2.0165], [37.909, 2.0546], [37.8916, 2.077], [37.8742, 2.1737], [37.8854, 2.2194], [37.8948, 2.267], [37.9061, 2.2799], [37.9285, 2.3102], [37.9474, 2.3136], [37.9612, 2.3309], [37.9785, 2.3352], [37.9889, 2.3344], [37.9985, 2.3534], [38.0266, 2.3808], [38.0551, 2.4083], [38.0542, 2.4324], [38.0646, 2.4739], [38.0594, 2.4964], [38.0646, 2.5353], [38.055, 2.5978], [38.0819, 2.6716], [38.0854, 2.7108], [38.088, 2.7525], [38.094, 2.783], [38.1014, 2.8119], [38.1223, 2.8623], [38.1249, 2.8789], [38.1519, 2.9224], [38.1675, 2.9319], [38.2327, 3.051], [38.2797, 3.1431], [38.3249, 3.2247], [38.3623, 3.2656], [38.3849, 3.3134], [38.4574, 3.3335], [38.467, 3.3474], [38.4652, 3.3717], [38.4713, 3.4012], [38.4922, 3.4246], [38.5148, 3.4524], [38.5296, 3.4924], [38.5478, 3.5115], [38.5722, 3.5176], [38.6704, 3.5046], [38.7454, 3.5064], [38.8124, 3.4865], [38.9069, 3.4646], [38.9903, 3.4281], [39.0208, 3.383], [39.0599, 3.3379], [39.0677, 3.3422], [39.0745, 3.3656], [39.0867, 3.4384], [39.0953, 3.4756], [39.083, 3.4833], [39.0682, 3.4824], [39.0568, 3.497], [39.0508, 3.5204], [39.0508, 3.5403]]}}, {"type": "Feature", "properties": {"country": "Kenya", "operator": "KDN"}, "geometry": {"type": "LineString", "coordinates": [[40.3149, 0.0537], [40.301, 0.128], [40.2935, 0.1776], [40.2936, 0.1916], [40.3324, 0.2324], [40.2324, 0.3057], [40.1872, 0.3381], [40.1428, 0.3396], [40.0751, 0.3784], [40.0525, 0.3946], [40.0192, 0.4129], [39.9891, 0.4162], [39.9665, 0.4334], [39.9396, 0.4378], [39.8826, 0.4777], [39.8342, 0.4982], [39.7782, 0.5682], [39.7405, 0.5898], [39.7158, 0.6136], [39.6748, 0.6708], [39.6175, 0.7442], [39.5756, 0.8098], [39.5585, 0.868], [39.5198, 0.9283], [39.4982, 0.9725], [39.4842, 1.0113], [39.5824, 1.0865], [39.8099, 1.2597], [39.8455, 1.3027], [39.8714, 1.3726], [39.9108, 1.4635], [39.9205, 1.5066], [39.9884, 1.5903], [40.0273, 1.6613], [40.0561, 1.7502], [39.9607, 1.77], [39.8972, 1.8067], [39.8231, 1.8994], [39.7994, 1.9468], [39.7974, 2.0178], [39.8039, 2.106], [39.7783, 2.2027], [39.7235, 2.2941], [39.6741, 2.3393], [39.644, 2.3673], [39.6333, 2.4533], [39.5918, 2.5632], [39.5629, 2.6727], [39.5361, 2.7533], [39.4941, 2.7974], [39.4726, 2.819], [39.4485, 2.8761], [39.3959, 2.9288], [39.3379, 2.9642], [39.31, 2.9943], [39.2607, 3.1113], [39.2468, 3.1595], [39.2255, 3.2033], [39.2145, 3.2649], [39.216, 3.3231], [39.1795, 3.3607], [39.1517, 3.41], [39.1109, 3.453], [39.0951, 3.4755], [39.1143, 3.4778], [39.154, 3.4568], [39.1945, 3.4387], [39.2238, 3.4356], [39.2751, 3.4219], [39.344, 3.4065], [39.3924, 3.3759], [39.423, 3.3441], [39.4779, 3.3338], [39.5212, 3.3147], [39.5696, 3.2777], [39.5925, 3.2598], [39.6334, 3.2865], [39.7139, 3.3119], [39.7813, 3.355], [39.8227, 3.3997], [39.8669, 3.4338], [39.8667, 3.4376], [39.8948, 3.5044], [39.9, 3.5592], [39.9025, 3.5631], [39.9375, 3.6296], [40.087, 3.7734], [40.1548, 3.8319], [40.1956, 3.8586], [40.2416, 3.8661], [40.3233, 3.9105], [40.363, 3.9016], [40.3681, 3.9003], [40.4271, 3.8735], [40.4926, 3.8684], [40.5786, 3.8658], [40.6273, 3.8698], [40.718, 3.8848], [40.7882, 3.9037], [40.8342, 3.9036], [40.9134, 3.8983], [40.9698, 3.8841], [41.0068, 3.8432], [41.0439, 3.829], [41.0992, 3.834], [41.1468, 3.8683], [41.152, 3.8682], [41.1859, 3.9141], [41.2166, 3.9332], [41.2807, 3.933], [41.3844, 3.9199], [41.5141, 3.9067], [41.6608, 3.9177], [41.789, 3.9455], [41.8525, 3.9388], [41.8035, 3.9057], [41.7353, 3.9021], [41.6261, 3.8744], [41.5545, 3.8759], [41.438, 3.8942], [41.3472, 3.9098], [41.2615, 3.9164], [41.2218, 3.9217], [41.2039, 3.886], [41.1602, 3.8159], [41.1031, 3.7212], [41.0468, 3.6767], [40.9827, 3.594], [40.9723, 3.5189], [40.9644, 3.4475], [40.9401, 3.4183], [40.9125, 3.3949], [40.865, 3.2753], [40.8686, 3.1771], [40.8964, 3.0775], [40.9217, 2.9614], [40.9381, 2.8654], [40.9353, 2.7926], [40.8979, 2.6713], [40.8953, 2.6675], [40.8364, 2.5911], [40.7864, 2.5338], [40.6841, 2.4751], [40.6301, 2.4266], [40.5904, 2.4011], [40.5006, 2.3463], [40.4341, 2.3145], [40.3984, 2.3261], [40.3434, 2.2943], [40.328, 2.2726], [40.2808, 2.2714], [40.1236, 2.208], [40.1171, 2.1609], [40.1218, 2.0683], [40.1204, 1.9711], [40.1049, 1.8945], [40.1036, 1.892], [40.0945, 1.8371], [40.0662, 1.7704], [40.0561, 1.7502]]}}, {"type": "Feature", "properties": {"country": "Kenya", "operator": "KDN"}, "geometry": {"type": "LineString", "coordinates": [[39.626, -0.461], [39.6312, -0.4626], [39.6366, -0.464], [39.6404, -0.4612], [39.6476, -0.4517], [39.6672, -0.4297], [39.6947, -0.3988], [39.8609, -0.2137], [39.9547, -0.1275], [40.0051, -0.0794], [40.0247, -0.0411], [40.0744, -0.0193], [40.1209, -0.0275], [40.1644, -0.0234], [40.2223, -0.0243], [40.2689, -0.0128], [40.3217, 0.0163], [40.3133, 0.0386], [40.3133, 0.0514], [40.3152, 0.0551], [40.3129, 0.0648], [40.3219, 0.073], [40.341, 0.091], [40.372, 0.1223], [40.3986, 0.1227], [40.4098, 0.1384], [40.415, 0.1541], [40.4595, 0.1753], [40.4671, 0.1732], [40.4862, 0.1822], [40.5071, 0.1876], [40.5535, 0.2163], [40.5672, 0.2082], [40.6007, 0.2075], [40.6396, 0.2144], [40.6718, 0.2322], [40.6971, 0.2555], [40.7129, 0.2775], [40.7397, 0.2974], [40.7609, 0.3166], [40.795, 0.32], [40.8251, 0.3208], [40.8744, 0.3528], [40.8977, 0.3699], [40.9182, 0.3884], [40.9456, 0.4001], [40.9702, 0.4063], [40.9935, 0.4091]]}}, {"type": "Feature", "properties": {"country": "Kenya", "operator": "KDN"}, "geometry": {"type": "LineString", "coordinates": [[37.473, -2.0798], [37.4742, -2.0747], [37.4759, -2.0711], [37.4819, -2.0656], [37.4848, -2.0621], [37.4876, -2.0568], [37.4898, -2.0528], [37.51, -2.0314], [37.5159, -2.0273], [37.5232, -2.0088], [37.5246, -1.9966], [37.5246, -1.9888], [37.5234, -1.9798], [37.5258, -1.9712], [37.5301, -1.9609], [37.5351, -1.9604], [37.5394, -1.9571], [37.5368, -1.9479], [37.5336, -1.9442], [37.5217, -1.9312], [37.522, -1.9262], [37.5212, -1.9132], [37.5203, -1.908], [37.5243, -1.9044], [37.521, -1.8943], [37.5219, -1.8862], [37.5244, -1.8773], [37.5277, -1.8752], [37.5275, -1.8698], [37.5287, -1.8558], [37.5319, -1.8524], [37.5361, -1.826], [37.5371, -1.8151], [37.5325, -1.8086], [37.5303, -1.7999], [37.5214, -1.7908], [37.5177, -1.7902], [37.5166, -1.7853], [37.5112, -1.7754], [37.5103, -1.7719], [37.5134, -1.7699], [37.5041, -1.7647], [37.4979, -1.7611], [37.4906, -1.7621], [37.4822, -1.7628], [37.4763, -1.7594], [37.4688, -1.7546], [37.4647, -1.7531], [37.4624, -1.7475], [37.4547, -1.747], [37.4474, -1.7463], [37.4399, -1.7438], [37.4302, -1.7365], [37.4229, -1.7282], [37.4189, -1.7221], [37.4177, -1.7163], [37.4137, -1.719], [37.4059, -1.7149], [37.4002, -1.7124], [37.3904, -1.7123], [37.3821, -1.7189], [37.3772, -1.7205], [37.3745, -1.722], [37.3723, -1.7188], [37.3577, -1.7102], [37.3528, -1.7073], [37.3428, -1.7029], [37.3364, -1.6959], [37.332, -1.6888], [37.3199, -1.6847], [37.3131, -1.6789], [37.3045, -1.6759], [37.2962, -1.6753], [37.2885, -1.6701], [37.2845, -1.6648], [37.286, -1.6595], [37.2802, -1.6525], [37.2747, -1.65], [37.2737, -1.65], [37.2649, -1.6512], [37.2587, -1.6479], [37.2549, -1.6406], [37.2498, -1.633], [37.2448, -1.6176], [37.2485, -1.6073], [37.245, -1.597], [37.2404, -1.5893], [37.2394, -1.5809], [37.2458, -1.5761], [37.2539, -1.5665], [37.2566, -1.5631], [37.2532, -1.5578], [37.25, -1.5541], [37.2546, -1.546], [37.2628, -1.5337], [37.263, -1.5286], [37.2668, -1.5204], [37.2768, -1.5269], [37.2869, -1.5346], [37.3, -1.5371], [37.3077, -1.5367], [37.3215, -1.5355], [37.3329, -1.5302], [37.3329, -1.5233], [37.3406, -1.5192], [37.3545, -1.5156], [37.357, -1.5152], [37.3696, -1.5078], [37.3811, -1.5013], [37.3814, -1.4932], [37.3855, -1.4842], [37.3962, -1.4813], [37.4092, -1.4781], [37.4145, -1.4728], [37.4256, -1.4618], [37.4354, -1.4581], [37.4472, -1.4479], [37.4501, -1.4385], [37.4661, -1.4176], [37.4813, -1.4074], [37.4968, -1.4066], [37.512, -1.4082], [37.5251, -1.4127], [37.5346, -1.4143], [37.5477, -1.4106], [37.5581, -1.4126], [37.5876, -1.4072], [37.6048, -1.4108], [37.6236, -1.4129], [37.6381, -1.4156], [37.6552, -1.41], [37.6691, -1.4101], [37.6886, -1.4098], [37.6967, -1.4082], [37.7094, -1.4151], [37.7238, -1.4184], [37.735, -1.4154], [37.7454, -1.4088], [37.7681, -1.4046], [37.7875, -1.4], [37.7978, -1.4025], [37.8142, -1.3918], [37.8314, -1.3833], [37.8429, -1.373], [37.8601, -1.3672], [37.8753, -1.3648], [37.8814, -1.3599], [37.8937, -1.3624], [37.9118, -1.3578], [37.9309, -1.3546], [37.9489, -1.3559], [37.962, -1.3485], [37.9748, -1.3432], [37.9879, -1.337], [37.9731, -1.3203], [37.9515, -1.3084], [37.9343, -1.2855], [37.9232, -1.268], [37.9228, -1.2671], [37.9146, -1.243], [37.9163, -1.2303], [37.9105, -1.2173], [37.8954, -1.2112], [37.9142, -1.2055], [37.9326, -1.201], [37.9485, -1.1977], [37.9644, -1.1925], [37.9669, -1.1921], [37.9783, -1.1856], [37.986, -1.1738], [37.999, -1.1689], [38.006, -1.1571], [38.0149, -1.1442], [38.0165, -1.1291], [38.0141, -1.1149], [38.0116, -1.1063], [38.0182, -1.0969], [38.0276, -1.1018], [38.0329, -1.0997], [38.0473, -1.1079], [38.0607, -1.1136], [38.0644, -1.1136], [38.0661, -1.1063], [38.0755, -1.0981], [38.0834, -1.0989], [38.0936, -1.087], [38.1046, -1.0743], [38.1035, -1.0587], [38.0933, -1.0341], [38.0782, -1.0086], [38.0716, -0.9824], [38.074, -0.9727], [38.0701, -0.9595], [38.065, -0.9468], [38.0632, -0.9386], [38.0624, -0.9336]]}}, {"type": "Feature", "properties": {"country": "Kenya", "operator": "KDN"}, "geometry": {"type": "LineString", "coordinates": [[40.1114, -2.3235], [40.1132, -2.3221], [40.1136, -2.3212], [40.1137, -2.3186], [40.1137, -2.3166], [40.115, -2.3125], [40.1197, -2.3063], [40.1239, -2.2991], [40.1253, -2.2931], [40.1277, -2.2852], [40.1308, -2.2812], [40.1351, -2.2761], [40.1416, -2.2684], [40.1467, -2.2644], [40.1519, -2.2619], [40.1575, -2.262], [40.1636, -2.2636], [40.1703, -2.2647], [40.1772, -2.2678], [40.1799, -2.2685], [40.1899, -2.2684], [40.1963, -2.2683], [40.203, -2.2675], [40.2105, -2.2674], [40.217, -2.2683], [40.221, -2.2722], [40.2255, -2.2753], [40.2308, -2.2773], [40.238, -2.2775], [40.2419, -2.2786], [40.2463, -2.2812], [40.2507, -2.2854], [40.2554, -2.2898], [40.2572, -2.2908], [40.2603, -2.2901], [40.2646, -2.2894], [40.2668, -2.2896], [40.271, -2.291], [40.2767, -2.2921], [40.2812, -2.2935], [40.2881, -2.293], [40.2935, -2.292], [40.2986, -2.2923], [40.3038, -2.2945], [40.3084, -2.2964], [40.3115, -2.2971], [40.3135, -2.2989], [40.3151, -2.303], [40.3161, -2.3056], [40.3185, -2.3092], [40.3213, -2.3138], [40.3235, -2.3184], [40.3256, -2.3248], [40.3271, -2.3289], [40.3291, -2.3307], [40.3332, -2.3308], [40.3348, -2.3312], [40.3367, -2.3342], [40.3415, -2.3409], [40.3451, -2.3446], [40.3494, -2.3503], [40.3536, -2.3558], [40.3589, -2.361], [40.3634, -2.3645], [40.371, -2.3698], [40.3787, -2.3738], [40.3859, -2.3768], [40.3925, -2.3799], [40.3995, -2.383], [40.4082, -2.3851], [40.4156, -2.387], [40.4215, -2.3882], [40.4353, -2.3884], [40.439, -2.388], [40.4428, -2.3884], [40.4488, -2.3841], [40.4537, -2.3833], [40.4601, -2.3837], [40.4663, -2.3839], [40.4838, -2.3842], [40.4887, -2.3846], [40.4948, -2.3862], [40.4984, -2.3879], [40.503, -2.3883], [40.5148, -2.3885], [40.5264, -2.386], [40.5292, -2.3841], [40.5338, -2.3785], [40.5408, -2.3749], [40.562, -2.3621], [40.5658, -2.3595], [40.5759, -2.3553], [40.5979, -2.3471], [40.6128, -2.3414], [40.632, -2.3354], [40.6458, -2.3301], [40.6515, -2.3277], [40.6699, -2.3536], [40.6919, -2.3858], [40.6958, -2.3839], [40.6968, -2.3776], [40.7006, -2.3696], [40.707, -2.358], [40.709, -2.3533], [40.7104, -2.3441], [40.7102, -2.3347], [40.7094, -2.3261], [40.71, -2.3196], [40.7048, -2.3121], [40.6995, -2.308], [40.6978, -2.3067], [40.6994, -2.3038], [40.6977, -2.302], [40.6895, -2.2966], [40.688, -2.2943], [40.6909, -2.2859], [40.692, -2.277], [40.6908, -2.2635], [40.6902, -2.2538], [40.6945, -2.2419], [40.6978, -2.2298], [40.6992, -2.2202], [40.701, -2.2114], [40.7033, -2.2066], [40.7068, -2.2049], [40.711, -2.2061], [40.7153, -2.2083], [40.7262, -2.2134], [40.729, -2.2148], [40.7321, -2.2145], [40.7359, -2.2113], [40.7375, -2.2086], [40.7472, -2.202], [40.7511, -2.2016], [40.7586, -2.2003], [40.7696, -2.1992], [40.7723, -2.1993], [40.7769, -2.1974], [40.7854, -2.1926], [40.7929, -2.1871], [40.8011, -2.183], [40.808, -2.1797], [40.8116, -2.1789], [40.814, -2.1796], [40.8164, -2.1818], [40.8217, -2.1895], [40.8249, -2.1939], [40.8414, -2.2102], [40.8425, -2.2117], [40.8428, -2.2145], [40.8448, -2.2198], [40.8468, -2.2271], [40.8472, -2.2294], [40.8469, -2.2353], [40.8473, -2.237], [40.849, -2.2371], [40.8541, -2.2369], [40.8604, -2.2372], [40.8671, -2.2376], [40.8693, -2.2394], [40.8701, -2.2426]]}}, {"type": "Feature", "properties": {"country": "Kenya", "operator": "KDN"}, "geometry": {"type": "LineString", "coordinates": [[38.5595, -3.4066], [38.5449, -3.4069], [38.5264, -3.4229], [38.5132, -3.433], [38.513, -3.4331], [38.5126, -3.4334], [38.506, -3.4432], [38.5054, -3.4433], [38.4955, -3.4457], [38.4889, -3.4471], [38.4838, -3.4561], [38.4816, -3.4628], [38.4755, -3.4683], [38.4684, -3.4711], [38.4621, -3.4708], [38.452, -3.4772], [38.4395, -3.4857], [38.4255, -3.4933], [38.3981, -3.5015], [38.3796, -3.5039], [38.3749, -3.5034], [38.3667, -3.5063], [38.3629, -3.5082], [38.3581, -3.5099], [38.3478, -3.5092], [38.3382, -3.5092], [38.3259, -3.5027], [38.3241, -3.5011], [38.3208, -3.5008], [38.3168, -3.5004], [38.3086, -3.4938], [38.2988, -3.5028], [38.2873, -3.5031], [38.2754, -3.5039], [38.2703, -3.5032], [38.2629, -3.5083], [38.26, -3.5102], [38.2572, -3.5102], [38.2512, -3.5037], [38.2434, -3.4942], [38.2334, -3.4813], [38.2239, -3.4693], [38.2144, -3.4639], [38.2034, -3.4571], [38.1947, -3.4519], [38.1866, -3.4429], [38.1704, -3.4293], [38.1618, -3.4243], [38.1333, -3.407], [38.1166, -3.4047], [38.0961, -3.4052], [38.0569, -3.4085], [38.0053, -3.4135], [37.977, -3.4143], [37.9544, -3.42], [37.9381, -3.4181], [37.9322, -3.4189], [37.8925, -3.3997], [37.8654, -3.3976], [37.8411, -3.398], [37.8379, -3.3961], [37.8346, -3.3947], [37.821, -3.3952], [37.8005, -3.3935], [37.7911, -3.3841], [37.7875, -3.3845], [37.7803, -3.3898], [37.7762, -3.3926], [37.7438, -3.3916], [37.714, -3.39], [37.7074, -3.3912], [37.7065, -3.391], [37.7051, -3.3885], [37.7048, -3.3885], [37.701, -3.3919], [37.698, -3.3938], [37.6789, -3.3964], [37.6412, -3.3803], [37.6195, -3.3776], [37.6077, -3.3749], [37.6014, -3.3763], [37.5991, -3.3774], [37.5874, -3.3764], [37.5745, -3.3801], [37.5616, -3.3808], [37.5529, -3.3862], [37.5479, -3.3892], [37.5343, -3.3954], [37.5211, -3.4053], [37.514, -3.4094], [37.4727, -3.3956], [37.445, -3.3851], [37.4309, -3.3791], [37.426, -3.371], [37.3907, -3.3487], [37.3731, -3.337], [37.3664, -3.3359], [37.36, -3.3368], [37.3422, -3.3439]]}}, {"type": "Feature", "properties": {"country": "Kenya", "operator": "KDN"}, "geometry": {"type": "LineString", "coordinates": [[36.6852, -1.4355], [36.6862, -1.4313], [36.6856, -1.4255], [36.6888, -1.4076], [36.685, -1.394], [36.6765, -1.3834], [36.6761, -1.3755], [36.669, -1.3709], [36.6671, -1.3709], [36.6669, -1.3709], [36.6612, -1.3709], [36.6603, -1.3709], [36.6598, -1.3709], [36.6561, -1.362], [36.6558, -1.3615], [36.6542, -1.3577], [36.6212, -1.341], [36.5884, -1.338], [36.5522, -1.3214], [36.5518, -1.3205], [36.5459, -1.297], [36.5425, -1.2405], [36.5482, -1.1997], [36.5305, -1.1656], [36.4905, -1.1346], [36.4468, -1.0975], [36.4061, -1.0667], [36.3661, -1.046], [36.3481, -1.0424], [36.3387, -1.0448], [36.3294, -1.0521], [36.3176, -1.0652], [36.3007, -1.0816], [36.2846, -1.0949], [36.2603, -1.1043], [36.2411, -1.1066], [36.2352, -1.1071], [36.2239, -1.104], [36.2018, -1.1052], [36.1839, -1.1052], [36.1734, -1.1021], [36.1693, -1.0966], [36.1657, -1.0917], [36.1611, -1.0926], [36.1544, -1.0972], [36.1479, -1.0987], [36.1183, -1.0922], [36.0948, -1.0928], [36.0888, -1.0949], [36.079, -1.0987], [36.0613, -1.1045], [36.0586, -1.106], [36.0523, -1.1106], [36.0487, -1.1139], [36.0462, -1.1137], [36.0425, -1.1095], [36.0392, -1.1034], [36.0347, -1.1021], [36.0215, -1.1025], [36.0132, -1.103], [36.0084, -1.1036], [36.0053, -1.108], [36.0053, -1.1086], [36.0026, -1.1165], [36.0026, -1.1168], [35.9963, -1.1226], [35.9958, -1.1228], [35.9871, -1.1247], [35.9813, -1.1236], [35.9775, -1.1174], [35.9741, -1.1095], [35.9646, -1.097], [35.9608, -1.0937], [35.953, -1.0919], [35.9494, -1.0909], [35.9423, -1.0924], [35.9319, -1.094], [35.9277, -1.0951], [35.9226, -1.0937], [35.9177, -1.0916], [35.9101, -1.0924], [35.8992, -1.0934], [35.8942, -1.0932], [35.8857, -1.0916], [35.8798, -1.0893], [35.8736, -1.09], [35.8708, -1.0911], [35.8679, -1.0966], [35.8658, -1.0993], [35.8486, -1.1006], [35.8356, -1.1013], [35.8301, -1.0973], [35.8231, -1.0911], [35.8145, -1.0847], [35.8034, -1.0798], [35.7799, -1.0761], [35.761, -1.069], [35.748, -1.0623], [35.7374, -1.0524], [35.7142, -1.038], [35.7006, -1.0283], [35.6942, -1.0265], [35.6835, -1.0247], [35.6769, -1.021], [35.6545, -1.0196], [35.6538, -1.0193], [35.6401, -1.0089], [35.6299, -1.001], [35.607, -1.0014], [35.5936, -0.9952], [35.5828, -0.9914], [35.5667, -0.9911], [35.5453, -0.9854], [35.5216, -0.9787], [35.4984, -0.9735], [35.4828, -0.9671], [35.4755, -0.9659], [35.4612, -0.9688], [35.4467, -0.9634], [35.4311, -0.956], [35.4243, -0.9454], [35.4177, -0.929], [35.413, -0.9235], [35.4128, -0.9109], [35.4072, -0.9015], [35.4022, -0.8909], [35.3971, -0.8748], [35.394, -0.8627], [35.3935, -0.8546], [35.3885, -0.852], [35.3795, -0.8438], [35.3758, -0.8427], [35.372, -0.8434], [35.3685, -0.8443], [35.363, -0.8406], [35.3567, -0.8388], [35.3514, -0.8319], [35.3459, -0.8259], [35.3375, -0.823], [35.3342, -0.8195], [35.3454, -0.8087], [35.3485, -0.797], [35.3454, -0.7866], [35.3421, -0.7791], [35.336, -0.7772], [35.3257, -0.7837], [35.3131, -0.7855], [35.3122, -0.7855], [35.2966, -0.785], [35.2818, -0.7769], [35.2812, -0.7769], [35.2664, -0.776], [35.2556, -0.7749], [35.2402, -0.7605], [35.2282, -0.7626], [35.2209, -0.7582], [35.2113, -0.7479], [35.1841, -0.7431], [35.1725, -0.7421], [35.1595, -0.7286], [35.1533, -0.7133], [35.1469, -0.7051], [35.1394, -0.6953], [35.1408, -0.6828], [35.1404, -0.676]]}}, {"type": "Feature", "properties": {"country": "Kenya", "operator": "KDN"}, "geometry": {"type": "LineString", "coordinates": [[35.0934, 1.2579], [35.0877, 1.2716], [35.0815, 1.2803], [35.0794, 1.2878], [35.0794, 1.288], [35.0791, 1.2951], [35.0753, 1.3049], [35.0696, 1.3153], [35.0637, 1.3228], [35.0634, 1.323], [35.0582, 1.3298], [35.058, 1.3301], [35.0591, 1.3378], [35.059, 1.3384], [35.052, 1.3475], [35.0498, 1.35], [35.0268, 1.3783], [35.0071, 1.4188], [34.9986, 1.441], [34.9987, 1.4418], [34.9987, 1.4438], [34.9978, 1.4796], [35.0225, 1.4879], [35.0591, 1.4994], [35.0766, 1.499], [35.105, 1.4781], [35.132, 1.4488], [35.1594, 1.4214], [35.1844, 1.3689], [35.1965, 1.3315], [35.2071, 1.3073]]}}, {"type": "Feature", "properties": {"country": "Libya", "operator": "Libya LPTIC"}, "geometry": {"type": "LineString", "coordinates": [[9.4967, 30.1295], [10.4559, 30.1893], [10.357, 30.5488], [10.5531, 30.9731], [10.8978, 31.6936], [10.9405, 31.8887], [11.3925, 31.9943], [11.7549, 32.0093], [11.7687, 32.4741], [12.0892, 32.9289], [12.4822, 32.7886], [12.7059, 32.7456], [13.1623, 32.8631], [13.0302, 32.5348], [12.6026, 32.3146], [12.4769, 32.1067], [11.7549, 32.0093]]}}, {"type": "Feature", "properties": {"country": "Libya", "operator": "Libya LPTIC"}, "geometry": {"type": "LineString", "coordinates": [[13.162, 32.8619], [13.2059, 32.8481], [13.1791, 32.6477], [13.2056, 32.5328], [13.4478, 32.4182], [13.8645, 32.4536], [13.9877, 32.5194], [13.9893, 32.5203], [14.0437, 32.5767], [14.2064, 32.6322], [14.2558, 32.6391], [14.1833, 32.6322], [14.0867, 32.687], [14.0828, 32.6888], [14.0775, 32.6909], [13.9679, 32.7067], [13.7384, 32.7347], [13.6113, 32.7266], [13.5734, 32.7937], [13.3927, 32.8715], [13.162, 32.8619]]}}, {"type": "Feature", "properties": {"country": "Libya", "operator": "Libya LPTIC"}, "geometry": {"type": "LineString", "coordinates": [[10.1697, 24.9614], [10.1602, 25.064], [10.226, 25.2324], [10.3178, 25.2827], [10.3683, 25.4225], [10.3842, 25.7697], [10.4147, 25.7927], [10.5663, 25.7855], [10.6563, 25.824], [11.2254, 25.8974], [11.5694, 26.1147], [11.9672, 26.3602], [12.5192, 26.5133], [12.8179, 26.5907], [13.0561, 26.5217], [13.3595, 26.5435], [13.9704, 26.7621], [14.4255, 26.9287], [14.854, 27.1985], [15.3296, 27.4509], [15.6135, 27.7315], [18.7795, 30.1791], [17.4942, 30.8257], [16.6306, 31.1509], [16.064, 31.2437], [15.7159, 31.3844], [15.2628, 31.45], [15.0621, 31.7923], [15.0815, 32.3228], [14.5747, 32.4593], [14.2617, 32.6399], [14.2451, 32.3263], [13.0892, 31.3293], [13.4429, 30.8551], [13.5922, 30.4443], [13.7096, 30.1887], [14.0625, 29.9819], [14.2598, 29.9693], [14.3032, 29.0568], [14.2756, 28.8079], [14.3429, 28.3361], [14.3376, 27.8846], [14.322, 27.524], [14.5623, 27.2774], [14.4224, 26.9223]]}}, {"type": "Feature", "properties": {"country": "Libya", "operator": "Libya LPTIC"}, "geometry": {"type": "LineString", "coordinates": [[23.3019, 24.1847], [23.1795, 24.4738], [23.0835, 24.7821], [22.9451, 25.1259], [22.8571, 25.3227], [22.3832, 25.5256], [22.2209, 25.6429], [21.7671, 26.7337], [21.6358, 27.2994], [21.5408, 28.5136], [21.5888, 28.7431], [21.5337, 29.0228], [21.025, 29.35], [20.8884, 29.7024], [20.7746, 29.8645], [20.6768, 30.2026], [20.1999, 30.7488], [19.8008, 30.4226], [19.1222, 30.248], [18.7653, 30.1739]]}}, {"type": "Feature", "properties": {"country": "Libya", "operator": "Libya LPTIC"}, "geometry": {"type": "LineString", "coordinates": [[20.1995, 30.7475], [20.2343, 30.8372], [20.1802, 30.9202], [20.2279, 31.1551], [20.1533, 31.4513], [20.0188, 31.6674], [20.0269, 31.9657], [20.0756, 32.1123], [20.3395, 32.3621], [20.5727, 32.5197], [20.8442, 32.4982], [21.1671, 32.558], [21.4065, 32.6133], [21.7559, 32.7663], [21.9969, 32.7908], [22.3482, 32.7864], [22.5397, 32.7836], [22.6645, 32.7467], [22.7323, 32.624], [22.9985, 32.5306], [23.0685, 32.3336], [23.3236, 32.135], [23.6455, 32.1068], [23.9663, 32.073], [23.6757, 32.1027], [23.344, 32.1318], [23.0831, 32.3239], [22.6194, 32.2264], [22.2627, 32.1537], [21.5129, 32.1981], [21.236, 32.1793], [21.1953, 32.1719], [20.0665, 32.1122]]}}, {"type": "Feature", "properties": {"country": "Libya", "operator": "Libya LPTIC"}, "geometry": {"type": "LineString", "coordinates": [[17.4414, 29.1712], [21.0234, 29.3459]]}}, {"type": "Feature", "properties": {"country": "Madagascar", "operator": "Telma Madagascar"}, "geometry": {"type": "LineString", "coordinates": [[50.0129, -16.793], [49.5862, -16.9229], [49.4981, -17.106], [49.4609, -17.1928], [49.4575, -17.195], [49.4201, -17.2179], [49.4084, -17.2265], [49.4092, -17.2318], [49.3987, -17.3732], [49.4579, -17.4837], [49.4586, -17.5013], [49.4763, -17.6316], [49.508, -17.707], [49.4974, -17.8094], [49.4107, -18.0126], [49.3835, -18.0734], [49.4045, -18.152], [49.3607, -18.1827], [49.2737, -18.2617], [49.2747, -18.2686], [49.276, -18.2773], [49.2981, -18.3256], [49.2984, -18.3274], [49.1878, -18.4608], [49.1516, -18.5311], [49.1677, -18.5768], [49.1347, -18.606], [49.0448, -18.8935], [48.8887, -18.9802], [48.5766, -18.9463], [48.4216, -18.9512], [48.4165, -18.9519], [48.2508, -18.9532], [48.1286, -18.8951], [47.9405, -18.9187], [47.6987, -18.8901], [47.5163, -18.9175], [47.4212, -18.8265], [47.2379, -18.58], [47.1561, -18.4334], [47.156, -18.2427], [47.2056, -18.1143], [47.0792, -17.9042], [46.9672, -17.6868], [46.9622, -17.5742], [46.9581, -17.3924], [46.9398, -17.2958], [46.8367, -17.1446], [46.9006, -16.9335], [47.0753, -16.6804], [47.1535, -16.4262], [47.0296, -16.3384], [46.8897, -16.3603], [46.7187, -16.1109], [46.616, -15.877], [46.3283, -15.7129], [46.6159, -15.8704], [46.713, -16.1017], [46.8902, -16.3587], [47.0257, -16.3346], [47.1535, -16.4296], [47.2314, -16.3787], [47.3013, -16.3022], [47.3357, -16.232], [47.4482, -16.1523], [47.5856, -16.0957], [47.6445, -16.0857], [47.6531, -16.0083], [47.606, -15.9037], [47.6418, -15.8256], [47.5736, -15.7659], [47.5958, -15.6474], [47.6538, -15.4903], [47.6974, -15.4084], [47.8109, -15.3176], [47.82, -15.1819], [47.8091, -15.1411], [47.9036, -14.987], [47.9986, -14.8854], [48.0938, -14.9048], [48.0942, -14.789], [48.0889, -14.6714], [48.0863, -14.6324], [48.0351, -14.5364], [48.0239, -14.4142], [48.0549, -14.2444], [48.1042, -14.1088], [48.2231, -13.9006], [48.3408, -13.7723], [48.4427, -13.6785], [48.2812, -13.3519], [48.4431, -13.6818], [48.6046, -13.5388], [48.8095, -13.414], [49.062, -13.1927], [49.131, -13.0579], [49.1688, -12.9225], [49.2753, -12.6784], [49.4124, -12.5411], [49.2863, -12.278], [49.4135, -12.5396], [49.2759, -12.6761], [49.1695, -12.922], [49.1321, -13.0568], [49.0636, -13.1901], [49.0791, -13.1992], [49.0833, -13.2132], [49.155, -13.218], [49.1965, -13.1765], [49.262, -13.1468], [49.3334, -13.1242], [49.3816, -13.1104], [49.3978, -13.0714], [49.4557, -13.0163], [49.5357, -13.0369], [49.5772, -13.0543], [49.5786, -13.0553], [49.6248, -13.0703], [49.6274, -13.0706], [49.6311, -13.0708], [49.6503, -13.0745], [49.6606, -13.1196], [49.6697, -13.1894], [49.6713, -13.2109], [49.7196, -13.2119], [49.7858, -13.1889], [49.8061, -13.2196], [49.811, -13.2475], [49.8413, -13.2643], [49.9045, -13.2999], [49.961, -13.3466], [49.9833, -13.3735], [49.9788, -13.4208], [49.9427, -13.4333], [49.9743, -13.4672], [49.9897, -13.5305], [49.9898, -13.5762], [50.0191, -13.6376], [50.0227, -13.6739], [49.9833, -13.7234], [49.9444, -13.7506], [49.9506, -13.8066], [49.9373, -13.8718], [49.9596, -13.9192], [49.9657, -13.9742], [49.9694, -13.976], [50.0061, -14.0362], [50.0577, -14.0879], [50.0602, -14.0887], [50.0577, -14.1225], [50.0399, -14.1487], [50.0298, -14.1856], [50.0505, -14.2199], [50.0694, -14.2588], [50.1151, -14.2643], [50.1548, -14.2594], [50.1696, -14.2665]]}}, {"type": "Feature", "properties": {"country": "Madagascar", "operator": "Telma Madagascar"}, "geometry": {"type": "LineString", "coordinates": [[48.2314, -18.949], [48.2281, -18.8184], [48.2671, -18.7391], [48.2783, -18.6561], [48.2712, -18.5765], [48.2563, -18.5032], [48.264, -18.4382], [48.2696, -18.3912]]}}, {"type": "Feature", "properties": {"country": "Madagascar", "operator": "Telma Madagascar"}, "geometry": {"type": "LineString", "coordinates": [[46.051, -18.7758], [46.0714, -18.8325], [46.1401, -18.9089], [46.2174, -18.9347], [46.3207, -18.9421], [46.3765, -18.9318], [46.4325, -18.9494], [46.4626, -18.9953], [46.5272, -19.0029], [46.6053, -18.9758], [46.7063, -18.9748], [46.7861, -18.9559], [46.8539, -18.9518], [46.9289, -18.9658], [46.9763, -18.9949], [47.0877, -18.9935], [47.0999, -18.9934], [47.1578, -19.0207], [47.2189, -19.0232], [47.3057, -18.994], [47.3784, -18.9436], [47.4501, -18.9459], [47.5128, -18.9252], [47.5535, -19.05], [47.5148, -19.1413], [47.5185, -19.1528], [47.475, -19.269], [47.4401, -19.3768], [47.4218, -19.43], [47.4227, -19.4943], [47.4228, -19.4993], [47.4251, -19.5422], [47.3622, -19.568], [47.3472, -19.626], [47.2861, -19.6501], [47.2296, -19.6196], [47.1579, -19.6288], [47.1633, -19.6353], [47.1687, -19.6468], [47.1676, -19.6979], [47.166, -19.7062], [47.1556, -19.7179], [47.1229, -19.7578], [47.0729, -19.8177], [47.042, -19.8576], [47.0366, -19.9811], [47.072, -20.1273], [47.1162, -20.2652], [47.1673, -20.4004], [47.2598, -20.47], [47.2398, -20.5444], [47.1973, -20.6553], [47.1815, -20.7647], [47.1598, -20.8556], [47.1294, -20.9532], [47.1909, -21.0528], [47.2584, -21.1887], [47.2301, -21.2994], [47.1712, -21.3826], [47.1101, -21.4411], [47.0543, -21.4978], [47.0229, -21.5848], [46.9661, -21.7191], [46.9515, -21.8279], [46.8242, -21.8574], [46.8171, -21.8591], [46.7346, -21.9258], [46.6055, -21.9633], [46.5098, -21.9789], [46.5027, -21.979], [46.3751, -22.0213], [46.3813, -22.1184], [46.3394, -22.2193], [46.2614, -22.3034], [46.152, -22.4062], [46.0771, -22.3935], [45.9866, -22.4319], [45.9205, -22.4109], [45.724, -22.5017], [45.7187, -22.5034], [45.5726, -22.5088], [45.4764, -22.5222], [45.407, -22.5964], [45.3088, -22.6509], [45.1155, -22.7743], [44.9477, -22.7824], [44.9423, -22.7808], [44.8709, -22.7609], [44.7869, -22.8019], [44.7761, -22.8513], [44.7044, -22.8775], [44.5699, -22.9116], [44.4639, -22.9212], [44.4335, -22.8864], [44.4066, -22.8846], [44.3452, -22.9091], [44.3207, -22.9821], [44.317, -22.9887], [44.1566, -23.141], [44.061, -23.1915], [44.0628, -23.1931], [44.0209, -23.2538], [43.9266, -23.3175], [43.8231, -23.3733], [43.748, -23.397], [43.7436, -23.3949], [43.7363, -23.5482], [43.6992, -23.7635], [43.7135, -23.8554], [44.2286, -23.8811], [44.327, -23.8816], [44.3965, -24.0259], [44.5521, -24.4057], [44.6992, -24.6601], [44.7059, -24.6601], [44.7767, -24.6904], [45.0626, -24.7156], [45.1649, -24.9264], [45.0905, -25.0895], [45.089, -25.0952], [45.0642, -25.1725], [45.226, -25.1429], [45.2276, -25.1472], [45.389, -25.2908], [45.5277, -25.3148], [45.6233, -25.2685], [45.7377, -25.2529], [45.8228, -25.2159], [45.8836, -25.2125], [46.0867, -25.1736], [46.3794, -25.0402], [46.4911, -24.9976], [46.6603, -25.0292], [46.7081, -25.0464], [46.8085, -25.0232], [46.9142, -25.0145], [46.9719, -25.0286], [46.9857, -25.0223], [46.9837, -24.9654], [46.9951, -24.9328], [47.0359, -24.9097], [47.0359, -24.9068], [47.0652, -24.8484], [47.1053, -24.778], [47.1749, -24.7029], [47.2123, -24.614], [47.2629, -24.5464], [47.2714, -24.4784], [47.2953, -24.4219], [47.3195, -24.281], [47.3558, -24.1458], [47.3953, -24.0684], [47.4288, -24.0137], [47.5243, -23.9089], [47.579, -23.6483], [47.7713, -23.0285], [47.8688, -22.6316], [48.025, -22.1356], [48.3385, -21.2338], [48.4491, -20.9542], [48.6216, -20.38], [48.8284, -19.8996], [48.8831, -19.5379], [48.9702, -19.3166], [48.9136, -19.2621], [48.9075, -19.1873], [48.9106, -19.0758], [48.9388, -18.9848], [48.9035, -18.9722]]}}, {"type": "Feature", "properties": {"country": "Madagascar", "operator": "Telma Madagascar"}, "geometry": {"type": "LineString", "coordinates": [[48.3393, -21.2297], [48.2438, -21.2118], [48.1587, -21.3007], [48.1145, -21.3422], [48.0719, -21.3793], [48.0688, -21.3822], [47.9901, -21.4027], [47.9339, -21.3909], [47.9293, -21.391], [47.7156, -21.3345], [47.5052, -21.2761], [47.3834, -21.2404], [47.2824, -21.306], [47.0975, -21.4529], [47.1814, -21.4231], [47.2848, -21.4608], [47.3457, -21.4811], [47.4436, -21.5219], [47.5586, -21.6039], [47.5932, -21.6692], [47.6577, -21.7309], [47.7368, -21.7721], [47.8337, -21.8132], [47.9048, -21.8692], [47.9037, -21.8703], [47.9683, -21.987], [48.0124, -22.1041], [48.0214, -22.1465]]}}, {"type": "Feature", "properties": {"country": "Madagascar", "operator": "Telma Madagascar"}, "geometry": {"type": "LineString", "coordinates": [[46.0506, -18.7658], [46.0204, -18.6554], [46.0023, -18.55], [45.8715, -18.4537], [45.8077, -18.4686], [45.7892, -18.4687], [45.617, -18.3903], [45.5474, -18.3111], [45.3348, -18.2168], [45.1679, -18.1874], [45.1594, -18.1874], [44.9698, -18.1354], [44.9044, -17.9739], [44.8239, -17.9016], [44.7685, -17.8922], [44.623, -17.9916], [44.5191, -18.0542], [44.3871, -17.9762], [44.3821, -17.9778], [44.1572, -17.9795], [44.0414, -18.069], [44.0547, -17.8515], [44.2395, -17.534], [44.4525, -17.1209], [44.7562, -16.7636], [45.0897, -16.4503], [45.5678, -16.063], [45.9299, -15.8532], [46.3276, -15.7151]]}}, {"type": "Feature", "properties": {"country": "Madagascar", "operator": "Telma Madagascar"}, "geometry": {"type": "LineString", "coordinates": [[43.7306, -23.4004], [43.7557, -22.7304], [43.8101, -22.3841], [43.8319, -21.6021], [43.8979, -21.3043], [43.976, -21.0285], [44.0436, -20.8096], [44.1854, -20.4834], [44.3146, -20.3141], [44.6256, -20.116], [44.9761, -19.938], [45.346, -19.8335], [45.8114, -19.8078], [46.2387, -19.8414], [46.5992, -19.8427], [47.0325, -19.8627]]}}, {"type": "Feature", "properties": {"country": "Mali", "operator": "Orange Mali"}, "geometry": {"type": "LineString", "coordinates": [[-5.6503, 10.4684], [-5.6077, 10.6641], [-5.5859, 10.9426], [-5.6165, 11.2034], [-5.658, 11.3237], [-5.3616, 11.1215], [-5.6609, 11.3208], [-5.7729, 11.4523], [-5.7863, 11.737], [-5.7472, 11.8341], [-5.6722, 12.0496], [-5.5382, 12.2312], [-5.5294, 12.2341], [-5.4709, 12.3006], [-5.4712, 12.3868], [-5.6607, 12.589], [-5.726, 12.7034], [-5.7566, 12.9013], [-5.7552, 12.9847], [-5.8955, 13.2144], [-6.0689, 13.3329], [-6.2606, 13.4331], [-6.3891, 13.3363], [-6.5443, 13.1646], [-6.6235, 13.0981], [-6.7659, 12.9236], [-6.8575, 12.8839], [-6.9545, 12.7813], [-7.1302, 12.7709], [-7.345, 12.7296], [-7.4887, 12.6831], [-7.6132, 12.5979], [-7.7415, 12.5724], [-7.8826, 12.5974], [-7.9587, 12.5635], [-8.0028, 12.6495], [-8.09, 12.7498], [-8.1185, 12.8122], [-8.026, 12.9778], [-7.9417, 13.0836], [-7.9286, 13.2365], [-8.0014, 13.3824], [-8.0467, 13.5252], [-8.0374, 13.6993], [-8.0708, 13.8487], [-8.0959, 13.8753], [-8.0525, 14.0025], [-8.0449, 14.1355], [-8.1855, 14.3162], [-8.1904, 14.3162], [-8.3471, 14.4417], [-8.3618, 14.4415], [-8.5594, 14.5425], [-8.8962, 14.5012], [-9.1661, 14.5603], [-9.4793, 14.5354], [-9.7329, 14.5041], [-9.7402, 14.5016], [-9.7597, 14.5012], [-9.9683, 14.5394], [-10.0977, 14.629], [-10.2822, 14.6943], [-10.4422, 14.6314], [-10.6895, 14.6419], [-10.6943, 14.6418], [-10.8556, 14.6377], [-10.9781, 14.5565], [-11.0919, 14.5156], [-11.2584, 14.4793], [-11.4505, 14.4409], [-11.619, 14.5189], [-11.8014, 14.5679], [-11.8688, 14.5352], [-11.9693, 14.544], [-12.2063, 14.4561]]}}, {"type": "Feature", "properties": {"country": "Mali", "operator": "Orange Mali"}, "geometry": {"type": "LineString", "coordinates": [[-5.7555, 12.9585], [-5.5652, 12.9601], [-5.413, 13.0063], [-5.3074, 13.0865], [-5.1269, 13.1303], [-5.039, 13.2058], [-4.9291, 13.2813], [-4.8938, 13.2878], [-4.8782, 13.2278], [-4.6796, 13.254], [-4.5805, 13.4088], [-4.4966, 13.5293], [-4.4922, 13.6003], [-4.4167, 13.6757], [-4.3034, 13.8638], [-4.1973, 14.0013], [-4.1332, 14.0614], [-4.0667, 14.2567], [-4.0908, 14.5231]]}}, {"type": "Feature", "properties": {"country": "Mauritania", "operator": "Mauritel"}, "geometry": {"type": "LineString", "coordinates": [[-9.3172, 15.6981], [-9.3125, 15.7178], [-9.315, 15.7374], [-9.3153, 15.7379], [-9.3382, 15.7579], [-9.3573, 15.7669], [-9.3696, 15.7889], [-9.4021, 15.8151], [-9.415, 15.8165], [-9.4241, 15.8253], [-9.4471, 15.8321], [-9.4566, 15.9277], [-9.494, 16.0206], [-9.4883, 16.0941], [-9.5087, 16.1183], [-9.5101, 16.1473], [-9.4985, 16.1605], [-9.4789, 16.1987], [-9.4845, 16.2399], [-9.4664, 16.2494], [-9.4649, 16.2638], [-9.4503, 16.2753], [-9.4446, 16.2905], [-9.447, 16.3047], [-9.4804, 16.3078], [-9.4674, 16.3229], [-9.4642, 16.3398], [-9.47, 16.3912], [-9.4684, 16.4246], [-9.466, 16.4474], [-9.4835, 16.4486], [-9.5003, 16.4406], [-9.5432, 16.4723], [-9.5641, 16.4964], [-9.5677, 16.528], [-9.5964, 16.5827], [-9.6, 16.6356], [-9.6042, 16.6622], [-9.6249, 16.6614], [-9.6388, 16.6453], [-9.7472, 16.5868], [-9.8405, 16.552], [-9.9316, 16.481], [-9.977, 16.468], [-10.0667, 16.4613], [-10.1013, 16.4193], [-10.1621, 16.3914], [-10.2102, 16.3585], [-10.268, 16.3719], [-10.3362, 16.3966], [-10.367, 16.4223], [-10.4118, 16.4221], [-10.5905, 16.4901], [-10.7582, 16.4886], [-10.7715, 16.4997], [-10.7713, 16.5103], [-10.8586, 16.5165], [-10.9514, 16.557], [-11.0612, 16.5512], [-11.1005, 16.5606], [-11.1444, 16.5478], [-11.2542, 16.5706], [-11.3024, 16.5881], [-11.3434, 16.6065], [-11.3982, 16.616], [-11.4137, 16.6173], [-11.421, 16.6154], [-11.4456, 16.6456], [-11.494, 16.6515], [-11.5312, 16.6947], [-11.6421, 16.759], [-11.699, 16.7831], [-11.7255, 16.8247], [-11.7474, 16.8152], [-11.8369, 16.8316], [-11.8936, 16.9372], [-11.9284, 16.979], [-11.9722, 17.0434], [-12.0391, 17.0755], [-12.0494, 17.0896], [-12.0627, 17.0914], [-12.1155, 17.1639], [-12.1269, 17.1548], [-12.1861, 17.1667], [-12.2071, 17.1864], [-12.286, 17.2041], [-12.3096, 17.2375], [-12.3277, 17.275], [-12.3777, 17.2981], [-12.4207, 17.3263], [-12.4379, 17.3579], [-12.4447, 17.3814], [-12.4942, 17.3943], [-12.5456, 17.4242], [-12.6064, 17.4305], [-12.6669, 17.4408], [-12.6678, 17.4407], [-12.7088, 17.4699], [-12.747, 17.5098], [-12.7661, 17.5617], [-12.7879, 17.581], [-12.8404, 17.5953], [-12.9087, 17.5673], [-13.0193, 17.5316], [-13.0972, 17.5106], [-13.149, 17.5048], [-13.2501, 17.4654], [-13.3352, 17.4298], [-13.4933, 17.3778], [-13.6006, 17.3397], [-13.6464, 17.3426], [-13.6837, 17.3123], [-13.7823, 17.2672], [-13.8525, 17.1982], [-13.8847, 17.1378], [-13.9101, 17.0517]]}}, {"type": "Feature", "properties": {"country": "Mauritania", "operator": "Mauritel"}, "geometry": {"type": "LineString", "coordinates": [[-15.985, 18.0838], [-15.9159, 18.1453], [-15.8606, 18.218], [-15.8161, 18.3072], [-15.7388, 18.367], [-15.6794, 18.5128], [-15.632, 18.6388], [-15.6194, 18.6931], [-15.4643, 18.8692], [-15.396, 18.9158], [-15.2416, 18.9942], [-15.2059, 19.0034], [-15.04, 19.0887], [-14.8876, 19.276], [-14.7045, 19.5028], [-14.6626, 19.5393], [-14.5459, 19.6281], [-14.4311, 19.6894], [-14.3878, 19.7416], [-14.3001, 19.7898], [-14.2768, 19.8229], [-14.2254, 19.8602], [-14.1482, 19.8738], [-14.1336, 19.894], [-13.7209, 20.1049], [-13.5905, 20.2054], [-13.5702, 20.2351], [-13.5353, 20.2534], [-13.4072, 20.247], [-13.2419, 20.2589], [-13.1851, 20.2747], [-13.16, 20.3232], [-13.1418, 20.3238], [-13.0897, 20.3892], [-13.0797, 20.4488], [-13.0511, 20.5185], [-13.0305, 20.5256], [-13.024, 20.6073], [-13.0195, 20.6528], [-13.0136, 20.6934], [-13.0071, 20.722], [-13.0468, 20.7359], [-13.0646, 20.7227], [-13.0666, 20.7226], [-13.1351, 20.7495], [-13.1741, 20.7653], [-13.2007, 20.8098], [-13.2082, 20.8506], [-13.1992, 20.8806], [-13.1846, 20.9586], [-13.1335, 21.0586], [-13.1455, 21.1166], [-13.1196, 21.181], [-13.0703, 21.2052], [-13.0249, 21.1862], [-13.0215, 21.2214], [-12.9879, 21.2481], [-12.9748, 21.2785]]}}, {"type": "Feature", "properties": {"country": "Mauritania", "operator": "Mauritel"}, "geometry": {"type": "LineString", "coordinates": [[-15.9739, 18.078], [-15.8504, 18.0568], [-15.7214, 18.0115], [-15.4989, 17.9569], [-15.293, 17.8949], [-15.0885, 17.7971], [-14.8885, 17.6879], [-14.7116, 17.5708], [-14.5797, 17.4716], [-14.4576, 17.3872], [-14.3279, 17.2873], [-14.1919, 17.2073], [-14.0702, 17.1398], [-13.9764, 17.0391], [-13.9606, 17.0281], [-13.9401, 17.0346], [-13.9193, 17.052], [-13.9099, 17.0521]]}}, {"type": "Feature", "properties": {"country": "Mauritania", "operator": "Mauritel"}, "geometry": {"type": "LineString", "coordinates": [[-15.7997, 16.499], [-15.8098, 16.5032], [-15.8138, 16.5148], [-15.8096, 16.5271], [-15.8038, 16.5489], [-15.8142, 16.5648], [-15.8666, 16.5687], [-15.8991, 16.6085], [-15.939, 16.6302], [-15.9837, 16.6344], [-16.0315, 16.6614], [-16.0741, 16.7337], [-16.0836, 16.7399], [-16.099, 16.7864], [-16.0879, 16.8111], [-16.0935, 16.8537], [-16.1041, 16.8813], [-16.1204, 16.934], [-16.1152, 16.9453], [-16.0989, 16.9882], [-16.0868, 17.0139], [-16.0861, 17.0536], [-16.07, 17.108], [-16.0409, 17.151], [-16.0424, 17.1673], [-16.0659, 17.1921], [-16.1, 17.2292], [-16.1074, 17.2475], [-16.1003, 17.2834], [-16.0787, 17.3109], [-16.0789, 17.3345], [-16.0703, 17.3483], [-16.0706, 17.3745], [-16.0641, 17.4085], [-16.0491, 17.4273], [-16.0482, 17.4575], [-16.0419, 17.4699], [-16.0369, 17.4992], [-16.0272, 17.5321], [-16.0276, 17.5533], [-16.0261, 17.5844], [-16.0105, 17.6385], [-16.0086, 17.6536], [-15.998, 17.6973], [-15.9914, 17.7169], [-15.9878, 17.7481], [-15.9792, 17.7819], [-15.9793, 17.7976], [-15.9746, 17.8282], [-15.9812, 17.8417], [-15.9862, 17.9156], [-15.9845, 17.9285], [-15.9718, 17.9651], [-15.9775, 18.0097], [-15.9729, 18.0357], [-15.975, 18.0556], [-15.9744, 18.0785], [-15.9816, 18.0861], [-15.9946, 18.0901], [-16.0063, 18.1384], [-16.0095, 18.1753], [-16.019, 18.2744], [-16.0071, 18.3476], [-16.0139, 18.4], [-16.0133, 18.4371], [-16.0203, 18.479], [-16.0381, 18.5099], [-16.0538, 18.5684], [-16.0812, 18.6058], [-16.114, 18.6734], [-16.1125, 18.718], [-16.1078, 18.7408], [-16.135, 18.7877], [-16.1488, 18.8202], [-16.1531, 18.8573], [-16.1657, 18.8868], [-16.1748, 18.9087], [-16.176, 18.9391], [-16.1882, 18.9948], [-16.1832, 19.0252], [-16.158, 19.0669], [-16.1383, 19.1152], [-16.1428, 19.1291], [-16.1414, 19.1432], [-16.1637, 19.1455], [-16.1684, 19.1564], [-16.1535, 19.1754], [-16.1392, 19.1993], [-16.1309, 19.2272], [-16.1358, 19.262], [-16.1174, 19.2953], [-16.083, 19.3658], [-16.0495, 19.4092], [-16.0194, 19.4463], [-16.001, 19.4948], [-15.9972, 19.5582], [-15.9893, 19.6014], [-15.9868, 19.669], [-15.9683, 19.7363], [-15.9413, 19.7876], [-15.9314, 19.8827], [-15.9189, 19.9457], [-15.9119, 20.0141], [-15.9271, 20.0749], [-15.9286, 20.1034], [-15.929, 20.1043], [-15.9541, 20.132], [-15.9717, 20.164], [-15.9882, 20.208], [-15.9934, 20.2615], [-15.9984, 20.2914], [-15.9896, 20.3387], [-15.9907, 20.3868], [-15.9903, 20.4068], [-16.0063, 20.5223], [-16.0146, 20.5619], [-16.0138, 20.6165], [-16.0276, 20.6732], [-16.0604, 20.7271], [-16.1114, 20.7984], [-16.1885, 20.8924], [-16.2517, 20.9646], [-16.3053, 21.0223], [-16.3279, 21.0458], [-16.3918, 21.1519], [-16.4076, 21.1593], [-16.4489, 21.1826], [-16.4736, 21.2018], [-16.4803, 21.2463], [-16.4961, 21.2662], [-16.5297, 21.2744], [-16.5956, 21.2837], [-16.6367, 21.289], [-16.663, 21.2828], [-16.8932, 21.2857], [-17.0106, 21.0779], [-17.0288, 20.94], [-17.0104, 21.0782], [-16.893, 21.2858], [-16.6632, 21.2824], [-16.6378, 21.2913], [-16.6113, 21.2926], [-16.5468, 21.2996], [-16.5006, 21.2934], [-16.5, 21.2937], [-16.4635, 21.2968], [-16.4146, 21.2961], [-16.3746, 21.3057], [-16.3219, 21.3205], [-16.2669, 21.3184], [-16.2618, 21.3176], [-16.1889, 21.3131], [-16.0773, 21.3058], [-15.9693, 21.2982], [-15.8683, 21.2974], [-15.8672, 21.2969], [-15.7558, 21.2878], [-15.6334, 21.294], [-15.508, 21.2946], [-15.4856, 21.2909], [-15.3171, 21.2858], [-15.1263, 21.2867], [-14.934, 21.2884], [-14.8403, 21.2789], [-14.5576, 21.2686], [-14.4557, 21.2494], [-14.2581, 21.2133], [-14.1651, 21.2024], [-14.0927, 21.1924], [-13.886, 21.1903], [-13.7713, 21.1918], [-13.6733, 21.199], [-13.5912, 21.1948], [-13.564, 21.208], [-13.3835, 21.2685], [-13.2578, 21.2876], [-13.1084, 21.2953], [-13.0463, 21.298], [-12.9827, 21.3865], [-12.9127, 21.5101], [-12.7877, 21.7665], [-12.7279, 21.9308], [-12.6974, 22.0873], [-12.6715, 22.2179], [-12.6791, 22.3545], [-12.6742, 22.5104], [-12.6955, 22.6743], [-12.626, 22.7103], [-12.4743, 22.7329]]}}, {"type": "Feature", "properties": {"country": "Mauritania", "operator": "Mauritel"}, "geometry": {"type": "LineString", "coordinates": [[-15.8124, 16.5103], [-15.7986, 16.5161], [-15.7682, 16.5414], [-15.6985, 16.5747], [-15.6207, 16.5862], [-15.6187, 16.5869], [-15.5353, 16.6035], [-15.3809, 16.6342], [-15.2689, 16.6737], [-15.1184, 16.7096], [-15.071, 16.6934], [-15.0704, 16.6938], [-15.0255, 16.709], [-14.9104, 16.7283], [-14.8526, 16.7521], [-14.8503, 16.7518], [-14.8483, 16.7515], [-14.7397, 16.7539], [-14.6696, 16.7425], [-14.608, 16.7355], [-14.5373, 16.7409], [-14.5179, 16.7631], [-14.4911, 16.7749], [-14.4908, 16.7746], [-14.453, 16.7678], [-14.4059, 16.742], [-14.3584, 16.7326], [-14.3279, 16.6935], [-14.3077, 16.6834], [-14.2906, 16.6744], [-14.2639, 16.5914], [-14.2438, 16.5928], [-14.2335, 16.5889], [-14.1632, 16.536], [-14.1626, 16.5354], [-14.084, 16.4716], [-14.028, 16.4285], [-14.0045, 16.3967], [-13.9441, 16.3457], [-13.9309, 16.3302], [-13.8869, 16.3047], [-13.829, 16.2963], [-13.778, 16.2918], [-13.7262, 16.2719], [-13.6332, 16.1812], [-13.5885, 16.1469], [-13.5688, 16.1436], [-13.5332, 16.1508], [-13.5101, 16.1502], [-13.492, 16.1646], [-13.3917, 16.0951], [-13.1849, 15.791], [-12.7332, 15.3534], [-12.4437, 15.2252], [-12.1813, 15.1594], [-11.9568, 15.2397], [-11.7818, 15.6041], [-11.5501, 15.8185], [-11.5244, 16.0031], [-11.5089, 16.1515], [-11.5024, 16.2832], [-11.4395, 16.3911], [-11.4239, 16.4622], [-11.4398, 16.5389], [-11.3955, 16.5995], [-11.4037, 16.6165]]}}, {"type": "Feature", "properties": {"country": "Mauritania", "operator": "Mauritel"}, "geometry": {"type": "LineString", "coordinates": [[-9.6043, 16.6621], [-9.5878, 16.6644], [-9.5516, 16.6561], [-9.5339, 16.6506], [-9.5115, 16.6415], [-9.4743, 16.6254], [-9.4361, 16.6225], [-9.3973, 16.5994], [-9.3586, 16.5586], [-9.3357, 16.5221], [-9.2735, 16.4567], [-9.2199, 16.44], [-9.1865, 16.4423], [-9.1265, 16.4482], [-9.0917, 16.4472], [-9.0321, 16.4363], [-8.9779, 16.4194], [-8.9259, 16.4095], [-8.8556, 16.3629], [-8.7927, 16.3466], [-8.7455, 16.3421], [-8.6613, 16.2933], [-8.581, 16.2769], [-8.4764, 16.2609], [-8.4283, 16.2716], [-8.3539, 16.2591], [-8.3056, 16.2595], [-8.3034, 16.2595], [-8.2998, 16.2594], [-8.2034, 16.2417], [-8.1609, 16.2431], [-8.1264, 16.2728], [-8.0461, 16.2936], [-8.0058, 16.3177], [-7.9539, 16.3359], [-7.8939, 16.3716], [-7.8612, 16.4153], [-7.859, 16.4165], [-7.7103, 16.457], [-7.5807, 16.5158], [-7.5307, 16.5402], [-7.4614, 16.5603], [-7.4374, 16.5762], [-7.3709, 16.5908], [-7.3118, 16.6081], [-7.2592, 16.6142]]}}, {"type": "Feature", "properties": {"country": "Mauritania", "operator": "Mauritel"}, "geometry": {"type": "LineString", "coordinates": [[-14.2627, 16.5907], [-14.2301, 16.6268], [-14.1877, 16.6463], [-14.1359, 16.7406], [-14.0617, 16.8073], [-14.0434, 16.8221], [-14.0464, 16.8434], [-13.9876, 16.9389], [-13.9606, 17.0299]]}}, {"type": "Feature", "properties": {"country": "Morocco", "operator": "National FO Backbone"}, "geometry": {"type": "LineString", "coordinates": [[-9.5018, 30.3501], [-9.4254, 30.3604], [-9.3426, 30.3712], [-9.2991, 30.368], [-9.2234, 30.3906], [-9.1398, 30.416], [-9.019, 30.423], [-8.9295, 30.4264], [-8.8956, 30.4324], [-8.8187, 30.4444], [-8.7891, 30.457]]}}, {"type": "Feature", "properties": {"country": "Morocco", "operator": "National FO Backbone"}, "geometry": {"type": "LineString", "coordinates": [[-12.9246, 27.9382], [-12.8539, 27.9556], [-12.7998, 27.9662], [-12.7086, 27.9756], [-12.6568, 27.9798], [-12.5464, 27.9951], [-12.4623, 27.9504], [-12.4107, 27.912], [-12.3551, 27.9015], [-12.3282, 27.9039], [-12.2894, 27.938], [-12.2739, 27.9634], [-12.2609, 27.9882], [-12.2192, 28.0102], [-12.1886, 28.023], [-12.1721, 28.0503], [-12.1486, 28.0651], [-12.0537, 28.0964], [-11.8735, 28.1743], [-11.712, 28.2345], [-11.654, 28.2504], [-11.625, 28.2492], [-11.5532, 28.2725], [-11.499, 28.3141], [-11.4642, 28.3333], [-11.4475, 28.3503], [-11.4111, 28.3942], [-11.3516, 28.4575], [-11.3275, 28.4818], [-11.2047, 28.4801], [-11.1586, 28.4651], [-11.0996, 28.4353], [-11.0457, 28.4427], [-11.0184, 28.4685], [-11.011, 28.4924], [-10.9815, 28.4897], [-10.9546, 28.5059], [-10.9505, 28.5235], [-10.9305, 28.5474], [-10.8904, 28.5675], [-10.8237, 28.6236], [-10.7803, 28.6251], [-10.7547, 28.6315], [-10.6964, 28.6587], [-10.6532, 28.664], [-10.6121, 28.6618], [-10.5548, 28.6978], [-10.5235, 28.7088], [-10.4617, 28.7697], [-10.3828, 28.8167], [-10.3534, 28.8146], [-10.2896, 28.8226], [-10.2805, 28.8248], [-10.217, 28.8538], [-10.1745, 28.9045], [-10.1628, 28.9073], [-10.137, 28.9411], [-10.1034, 28.965], [-10.0567, 28.9843], [-10.035, 29.0114], [-9.8973, 29.0793], [-9.7379, 29.1568], [-9.7197, 29.1756], [-9.7435, 29.1918], [-9.7389, 29.2569], [-9.7424, 29.3078], [-9.7423, 29.3873], [-9.6939, 29.4343], [-9.6959, 29.5088], [-9.6934, 29.577], [-9.7227, 29.7013], [-9.6483, 29.7954], [-9.5917, 29.8842], [-9.596, 29.9339], [-9.5875, 29.9912], [-9.5538, 30.0744], [-9.5386, 30.1628], [-9.5217, 30.2462], [-9.5038, 30.3023], [-9.5015, 30.3513], [-9.4849, 30.3948], [-9.3772, 30.4441], [-9.3188, 30.5382], [-9.3439, 30.5779], [-9.3326, 30.6219], [-9.2035, 30.7088], [-9.0888, 30.8598], [-9.0477, 30.9719], [-9.012, 31.1027], [-8.946, 31.1114], [-8.8531, 31.1547], [-8.8443, 31.1786], [-8.8129, 31.206], [-8.7337, 31.2347], [-8.5495, 31.3082], [-8.5253, 31.3461], [-8.4834, 31.3766], [-8.4348, 31.3956], [-8.3807, 31.4431], [-8.3621, 31.4727], [-8.3125, 31.5286], [-8.1961, 31.4942], [-8.1396, 31.5199], [-8.0711, 31.5711], [-7.9832, 31.6265], [-7.9448, 31.6426], [-7.9297, 31.6469], [-7.8825, 31.5864], [-7.7916, 31.5764], [-7.6415, 31.5483], [-7.5584, 31.5455], [-7.483, 31.5277], [-7.447, 31.4893], [-7.4044, 31.4643], [-7.4045, 31.4121], [-7.3984, 31.3568], [-7.3779, 31.306], [-7.3823, 31.2797], [-7.3832, 31.2647], [-7.4093, 31.2703], [-7.4191, 31.2317], [-7.444, 31.1995], [-7.4558, 31.1813], [-7.4556, 31.157], [-7.4129, 31.1464], [-7.3776, 31.1333], [-7.349, 31.1279], [-7.3202, 31.1229], [-7.3006, 31.0943], [-7.2675, 31.0781], [-7.2503, 31.0575], [-7.2177, 31.0429], [-7.1901, 31.0351], [-7.1621, 31.0195], [-7.1373, 30.9867], [-7.1026, 30.9752], [-7.1014, 30.9746], [-7.0681, 30.9714], [-7.0098, 30.945], [-6.9401, 30.9296], [-6.8974, 30.9215], [-6.8535, 30.9612], [-6.7979, 30.9817], [-6.7437, 30.976], [-6.6945, 30.9873], [-6.6175, 31.0115], [-6.5803, 31.0276], [-6.559, 31.0589], [-6.4524, 31.0952], [-6.4092, 31.1138], [-6.3759, 31.1104], [-6.3518, 31.1319], [-6.3273, 31.1344], [-6.1977, 31.1978], [-6.1707, 31.1991], [-6.1278, 31.2374], [-6.0754, 31.2578], [-6.0133, 31.3242], [-5.989, 31.3672], [-5.9, 31.3674], [-5.827, 31.3746], [-5.8247, 31.3734], [-5.7762, 31.3771], [-5.6824, 31.4213], [-5.5591, 31.4765], [-5.5255, 31.5308], [-5.4106, 31.478], [-5.3545, 31.4547], [-5.2333, 31.4633], [-5.0662, 31.5073], [-5.0075, 31.5243], [-4.9821, 31.594], [-4.9498, 31.7011], [-4.7984, 31.7759], [-4.7307, 31.7766], [-4.6388, 31.8306], [-4.534, 31.8691], [-4.418, 31.9342], [-4.4764, 31.9787], [-4.4688, 32.0215], [-4.3977, 32.0567], [-4.3732, 32.1081], [-4.3604, 32.1879], [-4.3961, 32.2261], [-4.3923, 32.252], [-4.4675, 32.279], [-4.5262, 32.299], [-4.541, 32.3303], [-4.4754, 32.4344], [-4.503, 32.474], [-4.4811, 32.559], [-4.511, 32.591], [-4.5564, 32.6489], [-4.6508, 32.6902], [-4.7262, 32.6745], [-4.7858, 32.6972], [-4.8704, 32.7095], [-4.9498, 32.82], [-4.9527, 32.8891], [-4.8852, 32.9797], [-4.7665, 33.0469], [-4.6659, 33.1576], [-4.6693, 33.2248], [-4.7018, 33.3322], [-4.7532, 33.3681], [-4.7733, 33.4114], [-4.8147, 33.4353], [-4.8503, 33.4437], [-4.8521, 33.5043], [-4.8596, 33.5555], [-4.8698, 33.6283], [-4.8556, 33.667], [-4.8249, 33.7186], [-4.8248, 33.7906], [-4.8385, 33.8281], [-4.8569, 33.8828], [-4.905, 33.9359], [-4.9965, 34.0307], [-4.9056, 33.9327], [-4.821, 33.9855], [-4.6488, 34.0152], [-4.5266, 34.0535], [-4.418, 34.1289], [-4.2242, 34.2048], [-4.0138, 34.25], [-3.722, 34.2596], [-3.4428, 34.2063], [-3.2614, 34.26], [-3.0281, 34.359], [-2.908, 34.441], [-2.8153, 34.525], [-2.6485, 34.5963], [-2.482, 34.5822], [-2.2498, 34.6184], [-2.0903, 34.6665], [-1.9048, 34.6869], [-1.9686, 34.8296], [-2.0374, 34.9253], [-2.2548, 34.9308], [-2.3395, 34.9136], [-2.471, 34.8811], [-2.719, 34.9359], [-2.8151, 34.9702], [-2.9378, 35.0568], [-2.9343, 35.0574], [-3.0091, 35.0167], [-3.1541, 34.9721], [-3.3761, 34.9659], [-3.4709, 34.9805], [-3.5875, 34.8986], [-3.7066, 34.8952], [-3.7827, 34.9009], [-3.8395, 35.0923], [-3.8507, 35.1681], [-3.8956, 35.1989], [-3.9424, 35.183], [-4.0187, 35.1003], [-4.049, 35.0574], [-4.3001, 34.9486], [-4.4226, 34.9634], [-4.4856, 34.9337], [-4.4886, 34.9317], [-4.5792, 34.9163], [-4.7417, 34.9747], [-4.9125, 34.9978], [-5.0086, 35.0215], [-5.0604, 35.088], [-5.2208, 35.0664], [-5.2814, 35.1078], [-5.3105, 35.1771], [-5.3407, 35.2626], [-5.3683, 35.3711], [-5.4084, 35.4713], [-5.4291, 35.5303], [-5.3876, 35.5713], [-5.3271, 35.5725], [-5.3194, 35.6339], [-5.3407, 35.7392], [-5.351, 35.8196], [-5.3517, 35.8795], [-5.4342, 35.8577], [-5.4829, 35.8978], [-5.5755, 35.8289], [-5.6925, 35.8182], [-5.7967, 35.7769], [-5.873, 35.729], [-5.9337, 35.6661], [-5.9752, 35.5949], [-6.0328, 35.4665], [-6.0309, 35.3244], [-6.0765, 35.2494], [-6.1341, 35.1659], [-6.1908, 35.0123], [-6.2263, 34.8371], [-6.2641, 34.749], [-6.2878, 34.6882], [-6.2957, 34.6123], [-6.3348, 34.5708], [-6.4169, 34.4938], [-6.5007, 34.4486], [-6.5251, 34.4136], [-6.5214, 34.368], [-6.5097, 34.3202], [-6.5034, 34.2931], [-6.5721, 34.2659], [-6.5719, 34.2293], [-6.6218, 34.2085], [-6.6775, 34.1506], [-6.6829, 34.1293], [-6.7085, 34.066], [-6.8089, 33.9934], [-6.9103, 33.9431], [-7.0422, 33.8592], [-7.2176, 33.7806], [-7.295, 33.7496], [-7.3966, 33.6907], [-7.5955, 33.558], [-7.7169, 33.4822], [-7.9562, 33.3718], [-8.1337, 33.307], [-8.2385, 33.2988], [-8.4031, 33.2504], [-8.4916, 33.2262]]}}, {"type": "Feature", "properties": {"country": "Morocco", "operator": "National FO Backbone"}, "geometry": {"type": "LineString", "coordinates": [[-8.0005, 31.6345], [-8.2576, 31.6176], [-8.5507, 31.5612], [-8.7572, 31.5537], [-9.1661, 31.5834], [-9.3797, 31.5338], [-9.5885, 31.5282], [-9.7065, 31.5102], [-9.6575, 31.6653], [-9.504, 31.8492], [-9.3896, 31.8949], [-9.3212, 31.9871], [-9.3104, 32.1351], [-9.2381, 32.19], [-9.2249, 32.3054], [-9.0186, 32.2721], [-8.8358, 32.1443], [-8.8312, 32.1392], [-8.687, 32.0991], [-8.5823, 32.0684], [-8.3444, 31.9821], [-8.2064, 31.9584], [-8.1118, 31.7501], [-8.0005, 31.6345], [-7.9733, 31.7833], [-8.0198, 31.8769], [-7.9911, 32.0743], [-7.9489, 32.2789], [-7.9155, 32.4089], [-7.8908, 32.5487], [-7.7642, 32.6615], [-7.7314, 32.7749], [-7.6458, 32.9433], [-7.6197, 32.9951], [-7.6134, 33.147], [-7.5895, 33.2473], [-7.5686, 33.2997], [-7.6043, 33.334], [-7.6249, 33.4295], [-7.6356, 33.5358], [-7.6246, 33.4283], [-7.6053, 33.3326], [-7.569, 33.3009], [-7.5818, 33.2651], [-7.5229, 33.2319], [-7.4126, 33.1752], [-7.3285, 33.1265], [-7.2855, 33.1012], [-7.1635, 33.0433], [-7.0987, 32.9745], [-6.9931, 32.9117], [-6.907, 32.904], [-6.8938, 32.8451], [-6.7999, 32.7155], [-6.7095, 32.6011], [-6.6666, 32.5167], [-6.563, 32.4718], [-6.4587, 32.3774], [-6.4047, 32.3162], [-6.6637, 32.237], [-6.9182, 32.1981], [-7.0321, 32.142], [-7.2018, 32.1544], [-7.2949, 32.1401], [-7.4047, 32.0488], [-7.3794, 31.9943], [-7.4163, 31.9281], [-7.5049, 31.8263], [-7.5635, 31.8154], [-7.6341, 31.7418], [-7.7226, 31.698], [-7.833, 31.653], [-7.9414, 31.6515]]}}, {"type": "Feature", "properties": {"country": "Morocco", "operator": "National FO Backbone"}, "geometry": {"type": "LineString", "coordinates": [[-5.2837, 35.1093], [-5.366, 35.0334], [-5.4087, 35.0267], [-5.4819, 35.0197], [-5.5198, 34.9902], [-5.5396, 34.9799], [-5.5394, 34.9027], [-5.5497, 34.8329], [-5.5729, 34.8021], [-5.5559, 34.7011], [-5.5183, 34.5432], [-5.4927, 34.3896], [-5.4625, 34.2566], [-5.4709, 34.166], [-5.4852, 34.161], [-5.5272, 34.1702], [-5.5445, 34.056], [-5.5622, 33.9613], [-5.5184, 33.8438], [-5.3596, 33.8637], [-5.0274, 33.956], [-5.0017, 34.0325], [-4.9982, 33.9073], [-4.9957, 33.7387], [-5.0801, 33.5924], [-5.1624, 33.4768], [-5.2579, 33.4278], [-5.4439, 33.3392], [-5.4951, 33.2617], [-5.5458, 33.1733], [-5.6117, 33.0511], [-5.667, 32.9164], [-5.6162, 32.8374], [-5.6643, 32.7692], [-5.7361, 32.7482], [-5.8424, 32.7116], [-5.9945, 32.6075], [-6.1522, 32.5907], [-6.2553, 32.5544], [-6.3163, 32.4527], [-6.3425, 32.3559], [-6.4065, 32.3176]]}}, {"type": "Feature", "properties": {"country": "Morocco", "operator": "National FO Backbone"}, "geometry": {"type": "LineString", "coordinates": [[-6.7568, 34.0298], [-6.536, 34.0104], [-6.408, 33.9166], [-6.2749, 33.8514], [-6.0744, 33.8204], [-5.9752, 33.7941], [-5.8659, 33.809], [-5.7425, 33.8911], [-5.5844, 33.853], [-5.513, 33.8462]]}}, {"type": "Feature", "properties": {"country": "Mozambique", "operator": "TDM"}, "geometry": {"type": "LineString", "coordinates": [[40.52, -12.9744], [40.5372, -13.0357], [40.5351, -13.0411], [40.5133, -13.0717], [40.4737, -13.0963], [40.4688, -13.0994], [40.461, -13.1002], [40.4275, -13.0844], [40.4235, -13.0835], [40.3911, -13.0766], [40.3214, -13.0915], [40.2558, -13.1317], [40.2534, -13.1345], [40.2298, -13.1472], [40.1955, -13.1225], [40.0644, -13.141], [40.0034, -13.1125], [39.9531, -13.1098], [39.8779, -13.1096], [39.8594, -13.2346], [39.8181, -13.2799], [39.785, -13.3666], [39.7814, -13.4594], [39.7808, -13.4672], [39.8137, -13.5667], [39.8449, -13.6754], [39.835, -13.7102], [39.854, -13.7959], [39.9033, -13.9167], [39.9559, -14.0002], [39.9202, -14.0777], [39.913, -14.1377], [39.8992, -14.2056], [39.8718, -14.2713], [39.8995, -14.3166], [39.9127, -14.369], [39.9019, -14.4219], [39.8934, -14.4987], [39.8962, -14.5729], [39.8892, -14.6011], [39.9217, -14.6871], [39.9636, -14.7511], [39.9665, -14.7785], [39.9534, -14.8448], [39.9548, -14.8761], [39.981, -14.9234], [39.919, -14.951], [39.8972, -14.9594], [39.8816, -14.9657], [39.8575, -14.9562], [39.8386, -14.9547], [39.8149, -14.958], [39.8024, -14.9545], [39.7547, -14.9777], [39.7459, -14.9786], [39.7137, -15.0041], [39.6823, -14.9953], [39.6396, -15.0337], [39.6128, -15.0522], [39.5851, -15.0696], [39.5641, -15.0755], [39.5557, -15.0749], [39.5372, -15.0862], [39.4957, -15.0698], [39.4806, -15.0718], [39.4721, -15.084], [39.4684, -15.0915], [39.4437, -15.0953], [39.4153, -15.1052], [39.4022, -15.1281], [39.3879, -15.1333], [39.375, -15.1269], [39.3457, -15.1194], [39.2975, -15.1141], [39.2662, -15.1152], [39.2303, -15.1098], [39.1982, -15.0794], [39.186, -15.0537], [39.164, -15.0557], [39.1304, -15.0374], [39.1244, -15.0193], [39.0947, -15.0126], [39.029, -15.0053], [38.9474, -15.0059], [38.88, -14.9812], [38.8173, -14.9763], [38.781, -14.929], [38.7728, -14.9162], [38.735, -14.9127], [38.6976, -14.9401], [38.6533, -14.9495], [38.6118, -14.9638], [38.5817, -14.9532], [38.5354, -14.9762], [38.5023, -15.0059], [38.459, -15.0311], [38.4074, -15.0557], [38.375, -15.0491], [38.3317, -15.0436], [38.3317, -15.0006], [38.3218, -14.9693], [38.3181, -14.9441], [38.2788, -14.9529], [38.2322, -14.9717], [38.1484, -14.9766], [38.017, -14.9781], [37.9316, -14.9534], [37.8302, -14.9194], [37.784, -14.898], [37.7379, -14.894], [37.6544, -14.92], [37.5942, -14.925], [37.4883, -14.9459], [37.3931, -14.9619], [37.312, -14.9661], [37.1826, -14.9405], [37.0871, -14.9081], [37.0069, -14.8796], [36.9957, -14.829], [36.9701, -14.7884], [36.9201, -14.7524], [36.8928, -14.788], [36.8619, -14.7972], [36.8071, -14.7696], [36.7373, -14.7765], [36.6301, -14.7971], [36.5722, -14.799], [36.5142, -14.7996], [36.4864, -14.7864], [36.4455, -14.7395], [36.4396, -14.7347], [36.4001, -14.6877], [36.3927, -14.6817], [36.3531, -14.6164], [36.3426, -14.541], [36.3023, -14.4812], [36.2357, -14.4326], [36.2323, -14.3751], [36.2351, -14.3277], [36.2123, -14.2652], [36.1732, -14.2341], [36.1252, -14.2103], [36.0787, -14.2205], [36.0446, -14.2337], [36.0107, -14.2009], [35.9507, -14.195], [35.9024, -14.2158], [35.8481, -14.2633], [35.7461, -14.3236], [35.664, -14.3613], [35.6295, -14.3194], [35.6015, -14.3071], [35.5972, -14.3048], [35.5567, -14.2699], [35.5315, -14.2429], [35.5039, -14.186], [35.4799, -14.1248], [35.4481, -14.026], [35.4264, -13.9399], [35.4203, -13.8946], [35.4033, -13.8696], [35.3881, -13.8157], [35.3747, -13.801], [35.3228, -13.7735], [35.2949, -13.7479], [35.2714, -13.7588], [35.2571, -13.7336], [35.2524, -13.7078], [35.2609, -13.6663], [35.2608, -13.6252], [35.2594, -13.573], [35.2611, -13.527], [35.2624, -13.4942], [35.2452, -13.4628], [35.2437, -13.4263], [35.2533, -13.4112], [35.2305, -13.3937], [35.2326, -13.3682], [35.2541, -13.3448], [35.2441, -13.3165]]}}, {"type": "Feature", "properties": {"country": "Mozambique", "operator": "TDM"}, "geometry": {"type": "LineString", "coordinates": [[35.2567, -13.3464], [35.3367, -13.3512], [35.4055, -13.3222], [35.4778, -13.2929], [35.5024, -13.2877], [35.5694, -13.3239], [35.6762, -13.3297], [35.739, -13.3182], [35.8065, -13.32], [35.8174, -13.3226], [35.9614, -13.3528], [36.0656, -13.3723], [36.134, -13.3876], [36.1874, -13.4347], [36.1318, -13.4869], [36.2402, -13.4751], [36.2542, -13.474], [36.3608, -13.4828], [36.4754, -13.5045], [36.5636, -13.5078], [36.589, -13.516], [36.5814, -13.4688], [36.5927, -13.4372], [36.687, -13.3888], [36.7373, -13.3609], [36.8, -13.3968], [36.8689, -13.422], [36.9751, -13.393], [37.1059, -13.3653], [37.2238, -13.3521], [37.3628, -13.2997], [37.4611, -13.2232], [37.5109, -13.1917], [37.6136, -13.2444], [37.7217, -13.3955], [38.0152, -13.4181], [38.083, -13.4293], [38.1353, -13.4623], [38.2333, -13.4947], [38.2639, -13.5604], [38.3338, -13.5543], [38.3895, -13.546], [38.4312, -13.5389], [38.5368, -13.3791], [38.6166, -13.335], [38.7192, -13.343], [38.8419, -13.2673], [38.9391, -13.1835], [39.0215, -13.1283], [39.0991, -13.0974], [39.2215, -13.059], [39.3452, -12.9965], [39.3994, -12.9401], [39.4388, -12.9125], [39.5194, -12.9119], [39.5957, -12.9766], [39.6784, -13.0338], [39.811, -13.0965], [39.8478, -13.1047], [39.8787, -13.11]]}}, {"type": "Feature", "properties": {"country": "Mozambique", "operator": "TDM"}, "geometry": {"type": "LineString", "coordinates": [[32.6661, -18.977], [32.7129, -18.9969], [32.7365, -18.9955], [32.8001, -18.9694], [32.8641, -18.9471], [32.891, -18.9343], [32.9499, -18.957], [33.0415, -18.9893], [33.104, -19.0043], [33.145, -19.0198], [33.1724, -19.0382], [33.1785, -19.0394], [33.223, -19.0461], [33.2629, -19.0515], [33.2859, -19.0579], [33.302, -19.0671], [33.3246, -19.0658], [33.3419, -19.0785], [33.3808, -19.0755], [33.4329, -19.1051], [33.3851, -19.0747], [33.3423, -19.0742], [33.3275, -19.0626], [33.3055, -19.0634], [33.2905, -19.0565], [33.2886, -19.0381], [33.2878, -19.0179], [33.2923, -19.0003], [33.2799, -18.9843], [33.2718, -18.9668], [33.2673, -18.9564], [33.2672, -18.9283], [33.2634, -18.9088], [33.2723, -18.8909], [33.2786, -18.8714], [33.2869, -18.8452], [33.294, -18.8197], [33.3056, -18.7951], [33.3123, -18.7629], [33.3071, -18.7411], [33.3106, -18.7276], [33.322, -18.7083], [33.3229, -18.6951], [33.307, -18.656], [33.3061, -18.6268], [33.2972, -18.5873], [33.2868, -18.5633], [33.2743, -18.5384], [33.287, -18.5197], [33.2872, -18.4865], [33.2672, -18.4615], [33.2524, -18.4283], [33.233, -18.3942], [33.2116, -18.3746], [33.2064, -18.3342], [33.2109, -18.3082], [33.2078, -18.2723], [33.2161, -18.2455], [33.2215, -18.2129], [33.2244, -18.1906], [33.2042, -18.1518], [33.1882, -18.1199], [33.1844, -18.0826], [33.1735, -18.0508], [33.1797, -18.0316], [33.179, -18.0107], [33.1862, -17.987], [33.1963, -17.96], [33.2036, -17.9375], [33.2075, -17.911], [33.212, -17.894], [33.2033, -17.8772], [33.2124, -17.8533], [33.2223, -17.8417], [33.2213, -17.8083], [33.2194, -17.7906], [33.229, -17.7744], [33.2386, -17.7583], [33.2389, -17.7344], [33.2548, -17.7191], [33.253, -17.6854], [33.2594, -17.6504], [33.2474, -17.622], [33.2576, -17.5962], [33.263, -17.5834], [33.2735, -17.5509], [33.2944, -17.5188], [33.3314, -17.4741], [33.3581, -17.4152], [33.3939, -17.3528], [33.4015, -17.285], [33.3928, -17.2458], [33.3778, -17.182], [33.3446, -17.0776], [33.336, -16.9945], [33.3026, -16.954], [33.2808, -16.9259], [33.276, -16.8762], [33.2657, -16.8607], [33.2756, -16.8247], [33.2704, -16.7927], [33.291, -16.7561], [33.3081, -16.7138], [33.3336, -16.6812], [33.34, -16.6397], [33.3567, -16.59], [33.3656, -16.5628], [33.4002, -16.5093], [33.394, -16.4641], [33.4107, -16.3955], [33.4301, -16.365], [33.4831, -16.3337], [33.5209, -16.3034], [33.5449, -16.2709], [33.5832, -16.2212], [33.5995, -16.1656], [33.5967, -16.1513], [33.6217, -16.135], [33.6567, -16.1078], [33.7047, -16.1137], [33.7309, -16.1136], [33.8953, -16.0377], [34.0437, -15.9331], [34.1376, -15.8647], [34.1573, -15.8352], [34.1728, -15.8099], [34.2071, -15.8039], [34.2254, -15.8057], [34.2634, -15.7972], [34.2252, -15.806], [34.2074, -15.8038], [34.1729, -15.8096], [34.1571, -15.8354], [34.1374, -15.8646], [34.1231, -15.8752], [34.1382, -15.899], [34.1844, -15.9738], [34.208, -16.0129], [34.2168, -16.0583], [34.239, -16.0875], [34.2485, -16.0942], [34.2592, -16.1381], [34.2626, -16.1659], [34.2827, -16.2046], [34.3222, -16.2663], [34.3388, -16.2932], [34.3691, -16.3473], [34.3781, -16.3654], [34.3954, -16.3929], [34.4257, -16.4275], [34.4445, -16.4476], [34.4576, -16.4554], [34.4789, -16.4987], [34.5136, -16.5158], [34.5449, -16.5257], [34.6158, -16.5884], [34.652, -16.6351], [34.6745, -16.6376], [34.6879, -16.6487], [34.7082, -16.6694], [34.7338, -16.6943], [34.7496, -16.7186], [34.7508, -16.7352], [34.7634, -16.7638], [34.7693, -16.7955], [34.7753, -16.8191], [34.7918, -16.8347], [34.7907, -16.85], [34.802, -16.8612], [34.8264, -16.8783], [34.8353, -16.8951], [34.8266, -16.909], [34.8357, -16.9278], [34.8485, -16.9309], [34.8559, -16.9451], [34.873, -16.9687], [34.8819, -16.9941], [34.888, -17.0278], [34.9062, -17.0566], [34.9057, -17.0726], [34.9259, -17.0993], [34.9393, -17.1191], [34.9405, -17.1344], [34.9486, -17.1405], [34.9549, -17.1588], [34.9567, -17.1734], [34.965, -17.1909], [34.9852, -17.2069], [34.9952, -17.2376], [35.0096, -17.2701], [35.0218, -17.3013], [35.0269, -17.3223], [35.0461, -17.3631], [35.0533, -17.3927], [35.0572, -17.4117], [35.0658, -17.4291], [35.0663, -17.435], [35.0604, -17.4396], [35.0309, -17.4484], [35.0483, -17.4736], [35.0644, -17.5036], [35.068, -17.5228], [35.0806, -17.5343], [35.0859, -17.5561], [35.1112, -17.5918], [35.1308, -17.6292], [35.1539, -17.6553], [35.1611, -17.6638], [35.184, -17.6782], [35.2044, -17.6982], [35.2153, -17.6974], [35.2357, -17.7084], [35.2651, -17.7216], [35.2751, -17.7375], [35.2765, -17.7741], [35.3004, -17.7918], [35.3216, -17.8028], [35.3373, -17.8169], [35.3415, -17.8332], [35.3778, -17.823], [35.399, -17.8049], [35.4065, -17.7898], [35.4084, -17.7689], [35.4221, -17.7575], [35.4584, -17.7487], [35.4838, -17.7476], [35.5055, -17.7429], [35.5241, -17.7485], [35.528, -17.7523], [35.5455, -17.7435], [35.5572, -17.7357], [35.5803, -17.7348], [35.6023, -17.7283], [35.6157, -17.7232], [35.6298, -17.727], [35.6432, -17.7212], [35.6519, -17.7123], [35.6674, -17.6973], [35.6747, -17.6885], [35.6945, -17.6822], [35.7126, -17.6726], [35.7557, -17.6583], [35.7756, -17.647], [35.7976, -17.6274], [35.8183, -17.6267], [35.8442, -17.6086], [35.8727, -17.5993], [35.8961, -17.5967], [35.9372, -17.5918], [35.9545, -17.5951], [35.9884, -17.5835], [36.0136, -17.5682], [36.034, -17.5639], [36.062, -17.5601], [36.0968, -17.5583], [36.1221, -17.5565], [36.1687, -17.5368], [36.1985, -17.5318], [36.2217, -17.5148], [36.2437, -17.5068], [36.2594, -17.5137], [36.2715, -17.5227], [36.3153, -17.5309], [36.3601, -17.5356], [36.4019, -17.5387], [36.4562, -17.5436], [36.5135, -17.5518], [36.5532, -17.5631], [36.5964, -17.5714], [36.6554, -17.5768], [36.7153, -17.5811], [36.7673, -17.5914], [36.7906, -17.5986], [36.8059, -17.6001], [36.8131, -17.5959], [36.8591, -17.6578], [36.8891, -17.7071], [36.9103, -17.7368], [36.9257, -17.7564], [36.9068, -17.784], [36.9051, -17.8025], [36.9256, -17.8306], [36.8887, -17.8727], [36.9256, -17.8309], [36.9052, -17.8029], [36.9068, -17.7835], [36.9257, -17.7566], [36.9105, -17.7367], [36.8891, -17.7068], [36.8588, -17.6578], [36.813, -17.596], [36.8148, -17.5945], [36.806, -17.5784], [36.7996, -17.5676], [36.7992, -17.5664], [36.7964, -17.5591], [36.7973, -17.5555], [36.8495, -17.51], [36.853, -17.5082], [36.8755, -17.5122], [36.9183, -17.4992], [36.9332, -17.4971], [36.9535, -17.4912], [36.9744, -17.5016], [37.0046, -17.4903], [37.0304, -17.4965], [37.0332, -17.4754], [37.0354, -17.4625], [37.0614, -17.4414], [37.05, -17.3493], [37.0545, -17.3331], [37.0484, -17.2855], [37.04, -17.2736], [37.0424, -17.2626], [37.0308, -17.2442], [37.0168, -17.22], [36.9812, -17.1918], [36.9639, -17.1824], [36.9582, -17.1709], [36.9611, -17.1435], [36.9716, -17.1199], [36.9857, -17.0985], [36.9995, -17.0905], [36.9999, -17.0797], [37.0017, -17.0701], [36.9973, -17.0426], [36.9805, -17.0237], [36.9669, -16.997], [36.9643, -16.9826], [36.9512, -16.9609], [36.942, -16.9395], [36.9399, -16.915], [36.9492, -16.8765], [36.9771, -16.8474], [36.9961, -16.8168], [37.035, -16.7659], [37.0512, -16.7408], [37.0682, -16.701], [37.1051, -16.6524], [37.151, -16.5948], [37.1659, -16.5541], [37.177, -16.5449], [37.1789, -16.5178], [37.2019, -16.4837], [37.2078, -16.4533], [37.1976, -16.4364], [37.2107, -16.3751], [37.2079, -16.3478], [37.2147, -16.3141], [37.1966, -16.3052], [37.1833, -16.2886], [37.1796, -16.2713], [37.1681, -16.2505], [37.1629, -16.2291], [37.1606, -16.2148], [37.142, -16.1998], [37.1402, -16.1792], [37.1406, -16.1471], [37.149, -16.1319], [37.1618, -16.106], [37.1654, -16.0985], [37.1582, -16.0898], [37.1632, -16.0728], [37.1676, -16.0621], [37.1612, -16.0502], [37.1674, -16.0352], [37.1624, -16.0149], [37.1556, -15.9988], [37.1444, -15.9811], [37.1436, -15.9594], [37.1389, -15.9433], [37.1269, -15.9287], [37.1415, -15.911], [37.1497, -15.8938], [37.1356, -15.868], [37.1467, -15.8485], [37.1434, -15.8353], [37.1518, -15.8212], [37.149, -15.8132], [37.1034, -15.7962], [37.0889, -15.7777], [37.0841, -15.7471], [37.0941, -15.7142], [37.0986, -15.6911], [37.102, -15.6815], [37.0858, -15.6797], [37.0839, -15.6582], [37.0772, -15.6433], [37.0618, -15.6383], [37.0449, -15.6293], [37.0404, -15.6152], [37.0458, -15.6034], [37.056, -15.585], [37.0639, -15.5762], [37.0527, -15.5708], [37.0457, -15.5652], [37.0374, -15.5679], [37.0174, -15.5352], [37.0097, -15.509], [37.0102, -15.4903], [36.9866, -15.4654], [36.9559, -15.4675], [36.9296, -15.4603], [36.9181, -15.4519], [36.9013, -15.4553], [36.8916, -15.4426], [36.8915, -15.4292], [36.8896, -15.42], [36.8736, -15.4079], [36.8443, -15.3906], [36.8233, -15.3706], [36.8004, -15.3528], [36.7789, -15.3401], [36.7488, -15.3259], [36.77, -15.2646], [36.8035, -15.1784], [36.8636, -15.1628], [36.9322, -15.1396], [36.9365, -15.0843], [36.9338, -15.0251], [36.9353, -14.9897], [36.9666, -14.9564], [36.9952, -14.9188], [37.012, -14.8817]]}}, {"type": "Feature", "properties": {"country": "Mozambique", "operator": "TDM"}, "geometry": {"type": "LineString", "coordinates": [[39.2316, -15.1099], [39.2218, -15.1143], [39.2072, -15.1296], [39.1921, -15.1452], [39.1864, -15.1636], [39.1842, -15.1787], [39.1684, -15.1901], [39.1417, -15.2028], [39.1208, -15.2259], [39.1066, -15.2272], [39.0898, -15.2316], [39.0573, -15.2575], [39.047, -15.2682], [39.0216, -15.2866], [38.9915, -15.2991], [38.9527, -15.3201], [38.9187, -15.3308], [38.8638, -15.3619], [38.8417, -15.3912], [38.795, -15.4238], [38.7576, -15.425], [38.7198, -15.4437], [38.6857, -15.4653], [38.6325, -15.516], [38.5666, -15.5645], [38.5259, -15.5906], [38.4818, -15.5957], [38.4398, -15.5852], [38.3939, -15.5817], [38.3781, -15.5459], [38.3614, -15.5255], [38.3227, -15.5268], [38.2938, -15.5086], [38.269, -15.5108], [38.2295, -15.5252], [38.1932, -15.5144], [38.1786, -15.5156], [38.1456, -15.5381], [38.101, -15.5571], [38.0558, -15.5841], [38.0312, -15.5874], [37.9993, -15.6098], [37.9679, -15.6016], [37.9288, -15.6201], [37.8835, -15.6447], [37.8485, -15.6707], [37.8234, -15.6805], [37.7902, -15.6888], [37.7692, -15.6698], [37.751, -15.6572], [37.7268, -15.6407], [37.7129, -15.6374], [37.6819, -15.6455], [37.6693, -15.6569], [37.6451, -15.6669], [37.6381, -15.6809], [37.6247, -15.6978], [37.6205, -15.7205], [37.6329, -15.7343], [37.6346, -15.7468], [37.6198, -15.7661], [37.6144, -15.7801], [37.6176, -15.8101], [37.6278, -15.8269], [37.6414, -15.8421], [37.6419, -15.8502], [37.6324, -15.8733], [37.6196, -15.8972], [37.6097, -15.9009], [37.5977, -15.9023], [37.5878, -15.9157], [37.5817, -15.9279], [37.5646, -15.9312], [37.5552, -15.9292], [37.5459, -15.9341], [37.5371, -15.9377], [37.5246, -15.9438], [37.5167, -15.9478], [37.5098, -15.9413], [37.5019, -15.9448], [37.4971, -15.9564], [37.4955, -15.9649], [37.5011, -15.9737], [37.5107, -15.9939], [37.5239, -16.0058], [37.5306, -16.0266], [37.5256, -16.0358], [37.5129, -16.0392], [37.5012, -16.0435], [37.4943, -16.0482], [37.4947, -16.0575], [37.4907, -16.0672], [37.4854, -16.0731], [37.4776, -16.0779], [37.4712, -16.0873], [37.4608, -16.0909], [37.4526, -16.1018], [37.4358, -16.1083], [37.4293, -16.1112], [37.4196, -16.1115], [37.4117, -16.121], [37.4108, -16.1328], [37.4077, -16.1414], [37.3991, -16.1431], [37.388, -16.1435], [37.3777, -16.1425], [37.3669, -16.1462], [37.3563, -16.1471], [37.3508, -16.1564], [37.3456, -16.1736], [37.3389, -16.1853], [37.3376, -16.1975], [37.3353, -16.2098], [37.329, -16.2155], [37.3197, -16.2204], [37.3199, -16.2366], [37.3294, -16.2512], [37.3294, -16.2619], [37.3292, -16.2647], [37.3278, -16.2714], [37.321, -16.2813], [37.3135, -16.2851], [37.3102, -16.291], [37.2974, -16.2893], [37.2907, -16.2903], [37.2833, -16.2946], [37.2543, -16.2909], [37.2453, -16.294], [37.2384, -16.303], [37.234, -16.307], [37.2271, -16.3102], [37.2217, -16.3114], [37.2211, -16.3115], [37.2181, -16.3118], [37.2147, -16.3142]]}}, {"type": "Feature", "properties": {"country": "Mozambique", "operator": "TDM"}, "geometry": {"type": "LineString", "coordinates": [[36.7493, -15.3272], [36.737, -15.3432], [36.7078, -15.3569], [36.6971, -15.3632], [36.6818, -15.3878], [36.6606, -15.3858], [36.6323, -15.3814], [36.61, -15.3826], [36.6007, -15.3893], [36.5853, -15.384], [36.5529, -15.383], [36.5201, -15.3905], [36.4864, -15.4104], [36.4593, -15.4281], [36.4386, -15.4405], [36.3863, -15.4655], [36.3494, -15.4768], [36.3221, -15.485], [36.2766, -15.4886], [36.2659, -15.4953], [36.2495, -15.5301], [36.2036, -15.5623], [36.1379, -15.6154], [36.0827, -15.6614], [36.0609, -15.6829], [36.0531, -15.7092], [36.0407, -15.7472], [36.0259, -15.7643], [35.9949, -15.7876], [35.9574, -15.8], [35.9206, -15.8153], [35.9214, -15.8393], [35.9103, -15.8707], [35.8836, -15.8865], [35.8632, -15.9197], [35.8682, -15.9421], [35.8693, -15.9863], [35.8709, -15.9982], [35.8688, -16.0059], [35.8646, -16.0231], [35.8484, -16.0543], [35.8359, -16.0613], [35.834, -16.0602], [35.8224, -16.0485], [35.8023, -16.0537], [35.7735, -16.075], [35.7691, -16.0902], [35.7726, -16.102], [35.7445, -16.1258], [35.6946, -16.1186], [35.6587, -16.1195], [35.6322, -16.1688], [35.6281, -16.211], [35.5868, -16.2395], [35.5415, -16.2429], [35.4862, -16.3161], [35.448, -16.3609], [35.3935, -16.3977], [35.3925, -16.4088], [35.3342, -16.4989], [35.3072, -16.5467], [35.2776, -16.5854], [35.3095, -16.627], [35.363, -16.6504], [35.3525, -16.6878], [35.4552, -16.777], [35.5608, -16.8549], [35.6343, -16.8823], [35.6826, -16.9098], [35.7533, -16.9301], [35.7355, -17.0372], [35.7216, -17.0766], [35.7231, -17.0965], [35.7155, -17.0971], [35.6994, -17.1348], [35.7066, -17.1762], [35.7084, -17.198], [35.6692, -17.2172], [35.6436, -17.2555], [35.6044, -17.2894], [35.5964, -17.3556], [35.582, -17.3894], [35.6231, -17.4247], [35.6071, -17.486], [35.6334, -17.5497], [35.686, -17.6061], [35.6996, -17.6221], [35.7062, -17.6437], [35.7151, -17.6718]]}}, {"type": "Feature", "properties": {"country": "Mozambique", "operator": "TDM"}, "geometry": {"type": "LineString", "coordinates": [[35.3341, -17.8437], [35.3357, -17.8637], [35.3327, -17.8728], [35.3486, -17.9095], [35.3581, -17.9346], [35.3627, -17.9641], [35.3693, -17.9935], [35.3668, -18.004], [35.3666, -18.0154], [35.4578, -18.061], [35.4528, -18.0922], [35.4363, -18.1428], [35.3997, -18.1721], [35.326, -18.2114], [35.2617, -18.2447], [35.1983, -18.2483], [35.1615, -18.2201], [35.1529, -18.2207], [35.1401, -18.2503], [35.0775, -18.3461], [35.0244, -18.4134], [34.9911, -18.4711], [34.9908, -18.4814], [34.9974, -18.4963], [34.9987, -18.5281], [34.9881, -18.5597], [34.9743, -18.5771], [34.9455, -18.5966], [34.9171, -18.6078], [34.8978, -18.6102], [34.8852, -18.6296], [34.8796, -18.6514], [34.8575, -18.6878], [34.8419, -18.7238], [34.8394, -18.7608], [34.8362, -18.8041], [34.8371, -18.8297], [34.8142, -18.8425], [34.8018, -18.8783], [34.7917, -18.9159], [34.7942, -18.9342], [34.7862, -18.9429], [34.7936, -18.9835], [34.7892, -19.0105], [34.7941, -19.046], [34.8038, -19.0741], [34.8105, -19.0911], [34.7982, -19.1146], [34.7889, -19.1348], [34.787, -19.1668], [34.7796, -19.1744], [34.7479, -19.2002], [34.7114, -19.2201], [34.6945, -19.2418], [34.676, -19.2554], [34.691, -19.2954], [34.6894, -19.316], [34.705, -19.3632], [34.7078, -19.4144], [34.716, -19.4651], [34.7223, -19.5191], [34.7252, -19.5569], [34.7222, -19.5744], [34.7371, -19.5847], [34.7453, -19.62], [34.7583, -19.6469], [34.7785, -19.6681], [34.777, -19.6908], [34.8055, -19.7207], [34.8397, -19.7399], [34.8674, -19.7462], [34.8822, -19.7678], [34.876, -19.7857], [34.8588, -19.8177], [34.846, -19.835], [35.0549, -20.0522], [35.0732, -20.2806], [35.4109, -20.7829], [35.7504, -21.186], [35.8229, -21.8017], [35.316, -21.9996], [35.8223, -21.8024], [35.8101, -22.4766], [35.7784, -23.0353], [35.6899, -23.8239], [35.3477, -23.8628], [35.6898, -23.8232], [35.6976, -24.0123], [35.3777, -24.449], [35.1266, -24.7159], [34.5766, -24.9254], [33.766, -25.2029], [33.7316, -25.1222], [33.7636, -25.203], [33.6, -25.2707], [33.1324, -25.4764], [32.7909, -25.9701], [32.5796, -25.9747]]}}, {"type": "Feature", "properties": {"country": "Mozambique", "operator": "TDM"}, "geometry": {"type": "LineString", "coordinates": [[33.4362, -19.1039], [33.4609, -19.1104], [33.4801, -19.1191], [33.4902, -19.13], [33.5085, -19.1262], [33.526, -19.1234], [33.5453, -19.1064], [33.5763, -19.0967], [33.5965, -19.0786], [33.6181, -19.0668], [33.6402, -19.0768], [33.6573, -19.0969], [33.6703, -19.1093], [33.693, -19.1008], [33.7121, -19.0802], [33.7285, -19.0739], [33.7455, -19.0771], [33.7608, -19.0945], [33.7816, -19.0985], [33.8087, -19.0976], [33.8252, -19.1082], [33.8345, -19.134], [33.85, -19.1682], [33.8701, -19.1881], [33.8977, -19.1952], [33.9236, -19.2051], [33.9559, -19.2224], [34.0317, -19.2439], [34.0627, -19.2309], [34.086, -19.2301], [34.1148, -19.2414], [34.1455, -19.251], [34.1632, -19.2498], [34.1901, -19.2596], [34.2134, -19.2722], [34.2376, -19.2954], [34.2763, -19.3124], [34.3218, -19.3334], [34.3672, -19.3517], [34.4391, -19.4108], [34.5261, -19.4441], [34.5457, -19.4561], [34.5817, -19.4879], [34.6246, -19.5223], [34.646, -19.5456], [34.661, -19.5579], [34.6946, -19.5681], [34.7222, -19.5734], [34.7327, -19.5877], [34.7415, -19.6181], [34.7542, -19.6491], [34.7715, -19.6674], [34.7711, -19.6869], [34.7929, -19.7129], [34.8229, -19.7366], [34.8415, -19.7451], [34.8588, -19.7502], [34.8736, -19.7705], [34.8491, -19.8208]]}}, {"type": "Feature", "properties": {"country": "Mozambique", "operator": "TDM"}, "geometry": {"type": "LineString", "coordinates": [[33.9287, -19.2081], [33.9107, -19.2441], [33.9102, -19.2614], [33.8967, -19.269], [33.8818, -19.2747], [33.8649, -19.2926], [33.842, -19.3206], [33.8205, -19.3367], [33.8049, -19.3566], [33.8018, -19.3751], [33.8041, -19.3814], [33.8132, -19.3957], [33.8145, -19.3962], [33.8233, -19.4051], [33.8186, -19.4285], [33.8306, -19.4573], [33.843, -19.4843], [33.8453, -19.509], [33.84, -19.5318], [33.8396, -19.5454], [33.8644, -19.5586], [33.8648, -19.5752], [33.8526, -19.5978], [33.8548, -19.6226], [33.8664, -19.646], [33.8734, -19.6745], [33.8727, -19.7101], [33.8646, -19.739], [33.8468, -19.7559], [33.836, -19.7732], [33.8224, -19.8036], [33.8174, -19.8211], [33.7974, -19.843], [33.7868, -19.862], [33.8098, -19.8866], [33.82, -19.8978], [33.8217, -19.9238], [33.8296, -19.9381], [33.8148, -19.9703], [33.8145, -19.9845], [33.8258, -19.9927], [33.829, -19.9931], [33.839, -20.0122], [33.8418, -20.025], [33.8442, -20.0421], [33.8717, -20.0754], [33.8691, -20.1105], [33.9048, -20.1528], [33.9133, -20.1753], [33.9092, -20.2118], [33.9188, -20.2506], [33.9088, -20.2734], [33.9166, -20.3114], [33.929, -20.3577], [33.9373, -20.387], [33.9754, -20.4373], [33.9839, -20.4851], [34.0087, -20.5636], [34.0561, -20.6362], [34.0745, -20.6497], [34.1284, -20.7142], [34.1809, -20.7837], [34.229, -20.8379], [34.2721, -20.8869], [34.3074, -20.908], [34.3498, -20.9482], [34.4829, -21.0265], [34.5057, -21.043], [34.5399, -21.081], [34.5574, -21.1053], [34.5719, -21.1593], [34.5911, -21.1673], [34.6175, -21.1889], [34.6743, -21.2136], [34.7304, -21.2692], [34.7766, -21.3021], [34.8122, -21.3258], [34.8474, -21.3588], [34.9399, -21.4178], [34.9751, -21.4421], [35.0034, -21.4685], [35.0412, -21.504], [35.0535, -21.5201], [35.0756, -21.5936], [35.0948, -21.6521], [35.0913, -21.6865], [35.0996, -21.7327], [35.1199, -21.7977], [35.1118, -21.8281], [35.0966, -21.8596], [35.099, -21.9056], [35.1082, -21.9323], [35.1198, -21.9462], [35.1346, -21.9854], [35.1453, -21.9977], [35.1506, -21.9941], [35.2197, -22.008], [35.2548, -21.9931], [35.3174, -21.9991], [35.255, -21.9931], [35.2198, -22.0079], [35.1503, -21.9943], [35.1454, -21.9973], [35.1531, -22.0072], [35.1608, -22.0223], [35.1615, -22.0344], [35.1566, -22.0559], [35.1422, -22.0793], [35.1356, -22.1022], [35.1246, -22.1311], [35.1132, -22.162], [35.112, -22.1949], [35.1082, -22.2244], [35.1117, -22.2582], [35.1174, -22.2729], [35.1078, -22.2998], [35.0969, -22.3251], [35.0919, -22.3471], [35.1036, -22.3845], [35.0992, -22.4239], [35.0955, -22.4489], [35.0969, -22.4932], [35.101, -22.5404], [35.1172, -22.5985], [35.1363, -22.7124], [35.1802, -22.8508], [35.2063, -22.9529], [35.2437, -23.0108], [35.2755, -23.0785], [35.3049, -23.1514], [35.3686, -23.251], [35.3729, -23.263], [35.3769, -23.2971], [35.375, -23.3196], [35.3831, -23.3314], [35.3757, -23.3655], [35.3827, -23.4047], [35.3807, -23.4434], [35.3789, -23.4779], [35.3873, -23.4932], [35.3889, -23.5124], [35.3801, -23.5338], [35.3778, -23.5525], [35.3548, -23.5804], [35.3391, -23.5961], [35.3374, -23.6321], [35.3434, -23.6491], [35.3398, -23.6559], [35.3201, -23.6752], [35.305, -23.7037], [35.2975, -23.7338], [35.2718, -23.7881], [35.3216, -23.8315], [35.3489, -23.8616], [35.3194, -23.851], [35.276, -23.8711], [35.2545, -23.868], [35.2166, -23.8946], [35.1825, -23.906], [35.1645, -23.8993], [35.1506, -23.8823], [35.0808, -23.9283], [35.0284, -23.9629], [34.9831, -23.9881], [34.9264, -23.9996], [34.8867, -24.0225], [34.8292, -24.0511], [34.7372, -24.0588], [34.706, -24.0721], [34.6748, -24.0939], [34.6528, -24.1061], [34.6371, -24.107], [34.6136, -24.1181], [34.5695, -24.1886], [34.5456, -24.1943], [34.538, -24.1978], [34.502, -24.2276], [34.4958, -24.2328], [34.48, -24.25], [34.4597, -24.2518], [34.4445, -24.2678], [34.4312, -24.2758], [34.4155, -24.2762], [34.3538, -24.3064], [34.3245, -24.3297], [34.3057, -24.3423], [34.2906, -24.3432], [34.2259, -24.3668], [34.1778, -24.3763], [34.1319, -24.3701], [34.1124, -24.3562], [34.083, -24.3682], [34.0612, -24.3761], [34.0445, -24.3909], [34.0185, -24.4062], [34.0043, -24.4196], [33.9692, -24.4349], [33.9587, -24.4457], [33.9611, -24.4888], [33.9363, -24.4932], [33.9311, -24.5037], [33.9423, -24.5414], [33.9364, -24.5528], [33.9352, -24.5643], [33.917, -24.5684], [33.9177, -24.6338], [33.8842, -24.7125], [33.9121, -24.7236], [33.8722, -24.8784], [33.8739, -24.8917], [33.8593, -24.9052], [33.8372, -24.9177], [33.8214, -24.9499], [33.8266, -24.9778], [33.8053, -25.0014], [33.7944, -25.0214], [33.7757, -25.024], [33.7372, -25.0382], [33.7271, -25.0343], [33.7122, -25.0521], [33.6667, -25.056], [33.6833, -25.0662], [33.6899, -25.0802], [33.7033, -25.0851], [33.713, -25.0871], [33.7182, -25.096], [33.7283, -25.1031], [33.7299, -25.1175], [33.7283, -25.103], [33.7182, -25.096], [33.713, -25.0871], [33.7032, -25.085], [33.6899, -25.0802], [33.6833, -25.0663], [33.6666, -25.056], [33.6628, -25.057], [33.6508, -25.0562], [33.6311, -25.0274], [33.6283, -25.0198], [33.6281, -25.0196], [33.5716, -24.9978], [33.5548, -24.9908], [33.5376, -24.9687], [33.4984, -24.9552], [33.4519, -24.944], [33.3828, -24.9258], [33.3186, -24.9498], [33.2258, -24.9525], [33.1911, -24.9854], [33.1378, -25.0145], [33.1077, -25.024], [33.0796, -25.0374], [33.0442, -25.0583], [33.0117, -25.0584], [32.9815, -25.0663], [32.9202, -25.0679], [32.8831, -25.0785], [32.8597, -25.0743], [32.8269, -25.0938], [32.8037, -25.1534], [32.8213, -25.2075], [32.8445, -25.2354], [32.8745, -25.2581], [32.8232, -25.3255], [32.8046, -25.4025], [32.7424, -25.4089], [32.6542, -25.4892], [32.6755, -25.6319], [32.6616, -25.6988], [32.6679, -25.7421], [32.5899, -25.7865], [32.5618, -25.8573], [32.56, -25.9156], [32.5372, -25.9423], [32.5114, -25.929], [32.4754, -25.9463], [32.4521, -25.9565], [32.4356, -25.9761], [32.4088, -26.0154], [32.3943, -26.0232], [32.3859, -26.0337], [32.3809, -26.0444], [32.3687, -26.053], [32.3455, -26.0538], [32.3276, -26.0422], [32.3243, -26.0424], [32.2964, -26.0138], [32.267, -26.0293], [32.2396, -26.0514], [32.2346, -26.0547], [32.2144, -26.0472], [32.1884, -26.0323], [32.188, -26.0253], [32.179, -26.0193], [32.1708, -26.02], [32.1437, -25.9868], [32.1428, -25.9651], [32.1424, -25.9638], [32.1387, -25.958], [32.1326, -25.9549], [32.1257, -25.9583], [32.1208, -25.9626], [32.1122, -25.968], [32.1073, -25.974], [32.1041, -25.9765], [32.0995, -25.9727], [32.0986, -25.9695], [32.0966, -25.9665], [32.0932, -25.9721], [32.0889, -25.9752], [32.0861, -25.9774], [32.079, -25.978], [32.0697, -25.9825], [32.0599, -25.9853], [32.0525, -25.9859], [32.0448, -25.9923], [32.0404, -25.9875], [32.038, -25.982], [32.0324, -25.9803], [32.026, -25.9826], [32.0174, -25.9867], [32.0086, -25.9891], [31.9983, -25.9895]]}}, {"type": "Feature", "properties": {"country": "Namibia", "operator": "TelecomNamibia"}, "geometry": {"type": "LineString", "coordinates": [[18.0923, -19.57], [18.0111, -19.4742], [17.8484, -19.3554], [17.7783, -19.2761], [17.7723, -19.2744], [17.7068, -19.26], [17.6998, -19.2305], [17.5566, -19.1889], [17.5137, -19.092], [17.2237, -18.7241], [17.1104, -18.5169], [16.7594, -18.4491], [16.6105, -18.3847], [16.315, -18.1246], [15.9833, -17.9169], [15.8877, -17.391], [15.9121, -17.5178], [16.3244, -17.4799], [15.912, -17.518], [15.9829, -17.9171], [15.9392, -17.8874], [15.9026, -17.8448], [15.8557, -17.8362], [15.8042, -17.8241], [15.7645, -17.7847], [15.7223, -17.786], [15.6954, -17.7768], [15.6831, -17.7655], [15.6389, -17.765], [15.6286, -17.7535], [15.6282, -17.7535], [15.5912, -17.7425], [15.5293, -17.6936], [15.5288, -17.6928], [15.5284, -17.6912], [15.5046, -17.6658], [15.5038, -17.6654], [15.479, -17.6483], [15.4508, -17.6623], [15.4303, -17.6497], [15.4009, -17.65], [15.3679, -17.6729], [15.3445, -17.6624], [15.3038, -17.6704], [15.2767, -17.6389], [15.2459, -17.6354], [15.1814, -17.6011], [15.0027, -17.5097], [14.8914, -17.499], [14.7666, -17.4491], [14.6446, -17.4269], [14.49, -17.4156], [14.4043, -17.4177], [14.3598, -17.493], [14.3591, -17.4951], [14.3247, -17.5795], [14.3166, -17.6579], [14.27, -17.7951], [14.2801, -17.9528], [14.2909, -18.1456], [14.1502, -18.1803], [14.0755, -18.1677], [13.9996, -18.1887], [13.8779, -18.125], [13.8423, -18.0573], [13.8779, -18.1258], [13.9999, -18.189], [14.0751, -18.1676], [14.1499, -18.1799], [14.2908, -18.1462], [14.3073, -18.3271], [14.311, -18.4371], [14.3028, -18.6369], [14.3609, -18.8159], [14.3951, -18.9291], [14.3497, -19.064], [14.4232, -19.243], [14.4654, -19.2745], [14.4821, -19.3283], [14.4581, -19.3715], [14.4498, -19.4214], [14.4881, -19.4466], [14.5685, -19.446], [14.5931, -19.4299], [14.6414, -19.4394], [14.7347, -19.5015], [14.8104, -19.529], [14.8439, -19.6221], [14.9028, -19.6151], [14.999, -19.6476], [15.1107, -19.6957], [15.2003, -19.7316], [15.2446, -19.7654], [15.3768, -19.8044], [15.4664, -19.845], [15.5527, -19.9244], [15.7312, -20.0163], [15.8508, -20.0296], [15.9862, -20.0365], [16.0866, -20.0461], [16.1523, -20.1122], [16.1697, -20.1497], [16.253, -20.1741], [16.5224, -20.4191], [16.6446, -20.464], [16.8018, -20.3041], [16.8801, -20.1546], [17.0151, -20.065], [17.2246, -19.7909], [17.36, -19.6461], [17.5076, -19.6431], [17.7085, -19.6852], [17.8981, -19.722], [18.0018, -19.6842], [18.0515, -19.5875], [18.1431, -19.5306], [18.2212, -19.5096], [18.3136, -19.3706], [18.4953, -19.2434], [18.5605, -19.1648], [18.624, -19.1286], [18.7237, -18.9879], [18.768, -18.9681], [19.0421, -18.6653], [19.4939, -18.1889], [19.7509, -17.9391], [19.6408, -17.8857], [19.3619, -17.8672], [19.1264, -17.8469], [18.8955, -17.8282], [18.6045, -17.6467], [18.8956, -17.8282], [19.1266, -17.8472], [19.362, -17.8672], [19.6408, -17.8855], [19.7509, -17.9389], [19.8084, -17.9215], [19.8139, -17.9213], [19.8693, -17.9298], [19.9219, -17.9387], [19.9432, -17.9351], [19.9809, -17.9301], [20.0308, -17.9464], [20.1119, -17.9404], [20.181, -17.911], [20.3918, -17.9451], [20.4627, -17.9687], [20.5492, -18.0318], [20.6436, -18.0517], [20.7203, -18.0415], [20.8149, -18.0621], [20.9255, -18.0531], [21.086, -17.9895], [21.193, -17.9841], [21.3584, -18.0434], [21.3915, -18.0715], [21.5145, -18.1054], [21.6281, -18.0942], [21.9617, -18.0401], [22.1005, -18.0588], [22.3133, -18.0164], [22.4071, -18.019], [22.4714, -17.9792], [22.6491, -17.9348], [22.7786, -17.9133], [23.1104, -17.8087], [23.1794, -17.8131], [23.3165, -17.7786], [23.3959, -17.8225], [23.5244, -17.8799], [23.6868, -17.8383], [23.8542, -17.7453], [24.0412, -17.6926], [24.1599, -17.6538], [24.2528, -17.5603]]}}, {"type": "Feature", "properties": {"country": "Namibia", "operator": "TelecomNamibia"}, "geometry": {"type": "LineString", "coordinates": [[14.8441, -19.622], [14.8516, -19.6356], [14.8465, -19.6463], [14.858, -19.6595], [14.8556, -19.6777], [14.8288, -19.7019], [14.8334, -19.7455], [14.8538, -19.7986], [14.8643, -19.8215], [14.887, -19.8649], [14.9435, -19.909], [14.9601, -19.9277], [14.9723, -19.9734], [15.0037, -20.0365], [15.0794, -20.104], [15.084, -20.1347], [15.0148, -20.2022], [15.037, -20.2724], [15.0433, -20.3521], [15.0398, -20.3687], [15.0913, -20.3607], [15.1335, -20.3375], [15.1907, -20.3032], [15.2252, -20.2745], [15.3121, -20.2534], [15.378, -20.2333], [15.4193, -20.2354], [15.4197, -20.2463], [15.4257, -20.2926], [15.4441, -20.3029], [15.4448, -20.3204], [15.4512, -20.3242], [15.4539, -20.3361], [15.453, -20.3493], [15.4471, -20.3554], [15.4398, -20.4082], [15.4468, -20.412], [15.4634, -20.4082], [15.4807, -20.3984], [15.4941, -20.397], [15.516, -20.3994], [15.5394, -20.4121], [15.5693, -20.4724], [15.5718, -20.5001], [15.5943, -20.5233], [15.6187, -20.5975], [15.6275, -20.6308], [15.654, -20.6565], [15.6515, -20.6653], [15.6411, -20.7236], [15.6515, -20.7371], [15.6461, -20.751], [15.6298, -20.7717], [15.6198, -20.8103], [15.6265, -20.8225], [15.6274, -20.8339], [15.587, -20.8551], [15.5708, -20.8765], [15.5533, -20.9038], [15.5511, -20.9128], [15.5449, -20.9514], [15.5317, -21.0075], [15.5312, -21.0088], [15.5125, -21.0438], [15.5039, -21.0475], [15.435, -21.0311], [15.3739, -21.0205], [15.2741, -20.9711], [15.2434, -20.9641], [15.2182, -20.9421], [15.1699, -20.9188], [15.1012, -20.9111], [15.0556, -20.9041], [14.9893, -20.885], [14.9826, -20.9117], [14.948, -20.9428], [14.8825, -21.0643], [14.8583, -21.1133], [14.8552, -21.1358], [14.8449, -21.1716], [14.8446, -21.1973], [14.8585, -21.2267], [14.8394, -21.2675], [14.8176, -21.3023], [14.7812, -21.3861], [14.7269, -21.5087], [14.6998, -21.5832], [14.6226, -21.689], [14.5112, -21.824], [14.409, -21.9351], [14.3822, -21.9766], [14.267, -22.0732], [14.2963, -22.1184], [14.3434, -22.2228], [14.3937, -22.2775], [14.4335, -22.3552], [14.4656, -22.4434], [14.4799, -22.4899], [14.5301, -22.5828], [14.5421, -22.6426], [14.5325, -22.6775], [14.7234, -22.6483], [14.8415, -22.7128], [14.6745, -23.0015], [14.5244, -22.9573], [14.6746, -23.0017], [14.8415, -22.7128], [14.7235, -22.6483], [14.5326, -22.6773], [14.582, -22.6637], [14.6792, -22.6147], [14.7182, -22.5932], [14.8036, -22.5694], [14.9391, -22.4751], [15.0264, -22.404], [15.0942, -22.328], [15.1547, -22.2279], [15.1682, -22.1882], [15.228, -22.0885], [15.3151, -21.9927], [15.3519, -21.9772], [15.416, -21.9858], [15.4655, -21.979], [15.5873, -21.9987], [15.673, -21.935], [15.7931, -21.9317], [15.8498, -21.939], [15.9079, -21.9382], [15.9995, -21.9737], [16.1316, -21.9173], [16.3242, -21.9148], [16.4948, -21.9014], [16.6273, -21.9269], [16.7735, -21.9583], [16.9166, -21.9897], [17.0241, -22.2548], [17.0741, -22.4524], [17.0836, -22.5848], [17.2742, -22.5435], [17.3363, -22.5351], [17.4577, -22.7853], [17.6647, -22.946], [17.4579, -22.7856], [17.3371, -22.5349], [17.4086, -22.5021], [17.5621, -22.459], [17.6798, -22.405], [17.8899, -22.3941], [18.0446, -22.3623], [18.28, -22.3553], [18.5114, -22.4164], [18.5776, -22.3843], [18.943, -22.4291], [18.9736, -22.4438], [19.0232, -22.4329], [19.1308, -22.3857], [19.6959, -22.3092], [19.8657, -22.3096], [19.9998, -22.2807], [19.8657, -22.3092], [19.696, -22.309], [19.5922, -22.1188], [19.4463, -21.9756], [19.2279, -21.8015], [19.0503, -21.6799], [19.0355, -21.5348], [18.9257, -21.4306], [18.861, -21.3657], [18.8442, -21.2761], [18.7824, -21.2231], [18.7824, -21.1427], [18.667, -21.103], [18.5731, -21.0527], [18.4754, -20.9905], [18.3472, -21.0286], [18.228, -20.9835], [18.1902, -20.8229], [18.1738, -20.7278], [18.1086, -20.62], [18.0752, -20.5147], [18.1054, -20.4569], [18.2131, -20.4035], [18.2134, -20.3272], [18.2535, -20.3254], [18.3417, -20.217], [18.3159, -20.1598], [18.2948, -20.0833], [18.2646, -20.0566], [18.2439, -20.0547], [18.237, -19.9947], [18.2981, -19.9622], [18.3338, -19.9164], [18.2533, -19.8028], [18.2105, -19.7364], [18.2029, -19.7015], [18.15, -19.6218], [18.0924, -19.57]]}}, {"type": "Feature", "properties": {"country": "Namibia", "operator": "TelecomNamibia"}, "geometry": {"type": "LineString", "coordinates": [[15.8819, -21.9384], [15.8793, -21.9009], [15.8923, -21.8673], [15.9072, -21.855], [15.9243, -21.8392], [15.9486, -21.7706], [15.9541, -21.7329], [15.9816, -21.6768], [15.9712, -21.5574], [15.9714, -21.4884], [15.9585, -21.4374], [15.9478, -21.4251], [15.9619, -21.4135], [15.9691, -21.401], [15.9695, -21.3809], [15.979, -21.367], [15.993, -21.2965], [16.0325, -21.2098], [16.03, -21.1971], [16.0455, -21.1183], [16.0563, -21.0806], [16.0651, -21.0637], [16.0733, -21.0335], [16.0988, -21.0151], [16.1547, -20.9433], [16.1736, -20.9143], [16.1781, -20.9015], [16.1901, -20.8887], [16.1913, -20.8667], [16.2444, -20.7676], [16.3125, -20.6712], [16.4153, -20.5904], [16.5246, -20.5417], [16.572, -20.5013], [16.6446, -20.4639], [16.7469, -20.5874], [16.779, -20.681], [16.8124, -20.6787], [16.936, -20.647], [16.9777, -20.6587], [17.1014, -20.6449], [17.1563, -20.645], [17.2245, -20.6489], [17.3144, -20.631], [17.3177, -20.631], [17.3976, -20.617], [17.4567, -20.5873]]}}, {"type": "Feature", "properties": {"country": "Namibia", "operator": "TelecomNamibia"}, "geometry": {"type": "LineString", "coordinates": [[17.0843, -22.5841], [17.0821, -22.647], [17.0665, -22.6784], [17.1258, -22.744], [17.1258, -22.8179], [17.1132, -22.848], [17.1303, -22.9369], [17.131, -22.9537], [17.1028, -23.0337], [17.0931, -23.1793], [17.0797, -23.2853], [17.07, -23.3257], [17.0961, -23.3572], [17.1296, -23.5064], [17.1348, -23.5467], [17.2058, -23.6684], [17.3149, -23.7565], [17.5889, -24.0721], [17.6829, -24.1427], [17.7531, -24.2307], [17.9019, -24.4002], [17.9165, -24.4514], [17.915, -24.4672], [17.9501, -24.5347], [17.9596, -24.6213], [17.9249, -24.6355], [17.7135, -24.624], [17.5601, -24.7181], [17.5519, -24.7543], [17.4723, -24.8083], [17.4086, -24.8334], [17.1074, -24.8223], [16.9726, -24.8447], [16.9042, -24.9023], [16.8409, -24.8997], [16.7484, -25.0218], [16.7757, -25.118], [16.7783, -25.185], [16.7877, -25.2724], [16.7929, -25.3685], [16.7955, -25.4159], [16.7705, -25.4733], [16.7841, -25.5631], [16.788, -25.6617], [16.8586, -25.7156], [16.8445, -25.802], [16.8207, -25.8618], [16.8193, -25.8943], [16.7316, -25.9914], [16.6522, -26.0823], [16.6285, -26.0834], [16.6076, -26.1083], [16.5974, -26.2293], [16.5497, -26.3041], [16.5243, -26.3888], [16.4792, -26.4821], [16.4259, -26.553], [16.3558, -26.6076], [16.3079, -26.6585], [16.26, -26.6629], [16.202, -26.6429], [16.1203, -26.6269], [16.0058, -26.5938], [15.8392, -26.5727], [15.6315, -26.5778], [15.5543, -26.5967], [15.4515, -26.6462], [15.3908, -26.7087], [15.3405, -26.7067], [15.3009, -26.7259], [15.2634, -26.7057], [15.1558, -26.6481], [15.2403, -26.6934], [15.301, -26.7258], [15.3253, -26.7143], [15.3285, -26.721], [15.3301, -26.7352], [15.3403, -26.7861], [15.3684, -26.8386], [15.3732, -26.892], [15.3543, -26.9288], [15.3374, -26.9558], [15.3396, -26.9644], [15.3486, -26.9741], [15.3519, -27.0009], [15.3542, -27.0136], [15.3586, -27.0209], [15.3566, -27.0459], [15.3713, -27.0629], [15.3762, -27.0855], [15.3966, -27.1154], [15.4115, -27.1303], [15.4187, -27.1482], [15.441, -27.1896], [15.4449, -27.2084], [15.4706, -27.2477], [15.4862, -27.2682], [15.4864, -27.2725], [15.5061, -27.3091], [15.524, -27.3772], [15.5453, -27.4324], [15.5494, -27.4594], [15.5512, -27.4671], [15.5756, -27.5039], [15.5957, -27.5467], [15.6098, -27.5802], [15.618, -27.6107], [15.6371, -27.6316], [15.6451, -27.6599], [15.6474, -27.6876], [15.6568, -27.7315], [15.6661, -27.7467], [15.6825, -27.7665], [15.6985, -27.7782], [15.7207, -27.8171], [15.7312, -27.8464], [15.7331, -27.8617], [15.7405, -27.875], [15.7543, -27.8852], [15.7782, -27.9147], [15.793, -27.9357], [15.8052, -27.9839], [15.8147, -28.0008], [15.8621, -28.0202], [15.8727, -28.0333], [15.9106, -28.054], [15.9429, -28.0645], [15.9766, -28.0771], [15.9927, -28.1025], [16.0162, -28.1344], [16.0312, -28.1509], [16.0384, -28.1543], [16.0612, -28.1572], [16.1465, -28.1996], [16.1767, -28.2175], [16.2008, -28.2203], [16.2231, -28.2251], [16.2376, -28.2425], [16.2489, -28.2516], [16.2612, -28.2668], [16.2672, -28.2817], [16.2773, -28.2949], [16.2909, -28.3303], [16.2969, -28.3418], [16.3066, -28.3535], [16.3066, -28.3542], [16.3058, -28.3786], [16.329, -28.4351], [16.3598, -28.5066], [16.3897, -28.534], [16.4046, -28.5567], [16.4392, -28.5568], [16.4717, -28.5661], [16.5016, -28.5585], [16.5718, -28.5371], [16.5919, -28.5208], [16.6062, -28.5016], [16.636, -28.4773], [16.657, -28.45], [16.663, -28.4397], [16.7007, -28.4294], [16.7231, -28.4365], [16.7281, -28.4249], [16.7283, -28.3911], [16.7619, -28.3593], [16.7654, -28.3425], [16.7598, -28.3335], [16.7522, -28.3165], [16.7529, -28.3049], [16.7529, -28.3046], [16.7475, -28.2857], [16.7509, -28.2699], [16.7555, -28.2667], [16.7569, -28.2589], [16.7763, -28.2524], [16.7952, -28.2335], [16.7994, -28.2261], [16.7939, -28.2166], [16.7985, -28.2144], [16.8131, -28.2122], [16.8337, -28.2115], [16.8425, -28.2064], [16.8365, -28.192], [16.8279, -28.1786], [16.8265, -28.1742], [16.8285, -28.1671], [16.8383, -28.161], [16.8402, -28.1542], [16.8386, -28.142], [16.8309, -28.066], [16.828, -28.0411], [16.8279, -28.0302], [16.8292, -28.0288], [16.7743, -27.9632], [16.75, -27.9593], [16.7272, -27.9295], [16.6844, -27.8834], [16.6836, -27.8761], [16.6877, -27.8659], [16.6927, -27.853], [16.6933, -27.8339], [16.6914, -27.8243], [16.7135, -27.7788], [16.7131, -27.7584], [16.7192, -27.746], [16.7162, -27.733], [16.7157, -27.7213], [16.6976, -27.7049], [16.7048, -27.6737], [16.7, -27.5978], [16.7052, -27.5856], [16.699, -27.5604], [16.7217, -27.5295], [16.7418, -27.5115], [16.7497, -27.4806], [16.7446, -27.471], [16.6835, -27.4185], [16.5339, -27.3018], [16.5174, -27.2739], [16.4979, -27.2266], [16.4444, -27.1828], [16.4024, -27.0822], [16.4014, -27.0822], [16.3954, -27.0757], [16.3874, -27.0264], [16.3577, -26.9891], [16.2873, -26.7585], [16.2727, -26.7234], [16.282, -26.6918], [16.2785, -26.6757], [16.2677, -26.6706], [16.2676, -26.6705], [16.2605, -26.6668], [16.2611, -26.6629], [16.2638, -26.6627], [16.2687, -26.6648], [16.2782, -26.6631], [16.2862, -26.6616], [16.3173, -26.6605], [16.4133, -26.6578], [16.4592, -26.6222], [16.4725, -26.619], [16.4834, -26.6218], [16.502, -26.6337], [16.5629, -26.6405], [16.6136, -26.6215], [16.6483, -26.6142], [16.6784, -26.6101], [16.7445, -26.6211], [16.7867, -26.6179], [16.8486, -26.6438], [16.9067, -26.642], [16.941, -26.6559], [17.0715, -26.6592], [17.1593, -26.689], [17.1826, -26.6948], [17.2212, -26.7444], [17.231, -26.7566], [17.2316, -26.7396], [17.2383, -26.7132], [17.2292, -26.6973], [17.2282, -26.6465], [17.1602, -26.502], [17.2282, -26.6465], [17.2295, -26.6972], [17.2383, -26.7132], [17.2315, -26.7398], [17.2314, -26.7565], [17.2551, -26.7712], [17.3084, -26.7954], [17.3266, -26.8007], [17.3736, -26.8081], [17.3976, -26.8004], [17.4109, -26.7903], [17.4495, -26.787], [17.4697, -26.7799], [17.5234, -26.7797], [17.5573, -26.7846], [17.5961, -26.7701], [17.6433, -26.7655], [17.6676, -26.7501], [17.6975, -26.7576], [17.7252, -26.7587], [17.74, -26.7712], [17.7608, -26.7775], [17.7814, -26.7902], [17.7903, -26.8047], [17.8079, -26.8084], [17.8046, -26.8309], [17.8309, -26.9371], [17.8554, -27.0313], [17.8633, -27.0446], [17.8948, -27.1721], [17.8993, -27.1839], [17.917, -27.246], [17.936, -27.319], [17.9446, -27.3584], [17.9428, -27.4108], [17.9475, -27.4414], [17.9488, -27.4592], [17.9547, -27.4972], [17.9587, -27.511], [18.0467, -27.5534], [18.059, -27.5573], [18.0977, -27.5718], [18.1552, -27.6259], [18.1762, -27.6574], [18.2198, -27.6718], [18.2467, -27.677], [18.3629, -27.725], [18.3803, -27.7292], [18.3898, -27.741], [18.5612, -27.8212], [18.6542, -27.8691], [18.6982, -27.9235], [18.7438, -28.0026], [18.7525, -28.0354], [18.7329, -28.0683], [18.7308, -28.1518], [18.7286, -28.2201], [18.75, -28.2695], [18.7517, -28.3186], [18.7545, -28.368], [18.7596, -28.4202], [18.735, -28.4473], [18.7404, -28.4512], [18.7434, -28.4706], [18.7628, -28.5017], [18.7934, -28.5423], [18.8223, -28.5808], [18.8686, -28.6317], [18.8819, -28.6559], [18.8838, -28.6593], [18.8847, -28.6661], [18.8979, -28.6757], [18.918, -28.7003], [18.9249, -28.7085], [18.9343, -28.7135], [18.9483, -28.7186], [18.9617, -28.7277], [18.9713, -28.7369], [18.9826, -28.7513], [19.0171, -28.7825], [19.0715, -28.8286], [19.0923, -28.8497], [19.1525, -28.9008], [19.198, -28.9473]]}}, {"type": "Feature", "properties": {"country": "Namibia", "operator": "TelecomNamibia"}, "geometry": {"type": "LineString", "coordinates": [[17.6113, -28.7326], [17.6401, -28.7038], [17.6386, -28.6578], [17.634, -28.6357], [17.6271, -28.6236], [17.6381, -28.5937], [17.6489, -28.5716], [17.6663, -28.5611], [17.6668, -28.5602], [17.7, -28.5263], [17.7099, -28.5049], [17.7356, -28.4656], [17.7755, -28.4388], [17.8333, -28.4051], [17.8566, -28.3811], [17.9993, -28.3049], [18.0487, -28.1643], [18.088, -28.0386], [18.1539, -27.9902], [18.2504, -28.0042], [18.3804, -28.0169], [18.5969, -28.008], [18.7635, -28.0195], [18.792, -28.0057], [18.9668, -28.0168], [19.0987, -27.994], [19.2195, -28.0431], [19.3317, -28.0751], [19.4738, -28.091], [19.5728, -28.0874], [19.6239, -28.0969], [19.6743, -28.092], [19.7795, -28.1279], [19.8187, -28.1296], [19.8423, -28.1199], [19.9169, -28.1154], [19.9572, -28.1129], [19.9994, -28.0944]]}}, {"type": "Feature", "properties": {"country": "Namibia", "operator": "TelecomNamibia"}, "geometry": {"type": "LineString", "coordinates": [[17.8088, -26.8078], [17.921, -26.7882], [18.021, -26.7023], [18.0782, -26.636], [18.1409, -26.6026], [18.1486, -26.5662], [18.1616, -26.4826], [18.1948, -26.4155], [18.1849, -26.2885], [18.1564, -26.1152], [18.1193, -25.8991], [18.0907, -25.8297], [18.0256, -25.6519], [17.9823, -25.6029], [17.9579, -25.4767], [17.8438, -25.2885], [17.8225, -25.2369], [17.8309, -25.1579], [17.901, -25.0258], [17.9162, -24.9119], [17.93, -24.8086], [17.9624, -24.6191], [17.9524, -24.5331], [17.9796, -24.5132], [18.0385, -24.5009], [18.1519, -24.4319], [18.3077, -24.3751], [18.3909, -24.3549], [18.4034, -24.3421], [18.4317, -24.3138], [18.4817, -24.2759], [18.5821, -24.2313], [18.6465, -24.2308], [18.7516, -24.1779], [18.8764, -24.1558], [18.9454, -24.1393], [19.0385, -24.1544], [18.9995, -24.0995], [18.9813, -24.0372], [18.9154, -23.8784], [18.8736, -23.808], [18.8379, -23.7212], [18.7962, -23.6508], [18.7797, -23.5987], [18.7956, -23.5864], [18.7878, -23.5036], [18.7731, -23.4967], [18.7721, -23.4588], [18.7473, -23.4061], [18.7531, -23.3569], [18.7422, -23.2977], [18.7117, -23.2393], [18.6912, -23.1921], [18.705, -23.1585], [18.7202, -23.1526], [18.7318, -23.1239], [18.7244, -23.0736], [18.7294, -23.0104], [18.7381, -22.983], [18.7602, -22.9008], [18.8089, -22.8564], [18.8632, -22.8197], [18.8932, -22.7824], [18.9194, -22.7089], [18.9395, -22.6449], [18.9518, -22.6257], [18.9409, -22.5799], [18.9687, -22.4681], [18.9615, -22.4363]]}}, {"type": "Feature", "properties": {"country": "Namibia", "operator": "TelecomNamibia"}, "geometry": {"type": "LineString", "coordinates": [[16.9729, -24.8451], [16.9589, -24.7657], [16.9602, -24.7488], [16.9535, -24.7273], [16.9225, -24.7216], [16.8867, -24.6954], [16.853, -24.6706], [16.7765, -24.6819], [16.7386, -24.6817], [16.6922, -24.6537], [16.692, -24.6537], [16.6689, -24.6327], [16.5869, -24.6345], [16.5623, -24.6322], [16.5071, -24.6119], [16.4838, -24.5737], [16.4355, -24.5355], [16.4312, -24.5081], [16.4263, -24.498], [16.3734, -24.4773], [16.3623, -24.4838], [16.3493, -24.4861], [16.3383, -24.4896], [16.3293, -24.4859], [16.3287, -24.4861], [16.3198, -24.4864], [16.2976, -24.4956], [16.2854, -24.4929], [16.2786, -24.4936], [16.2754, -24.4896], [16.2776, -24.4842], [16.2786, -24.4816], [16.2726, -24.4796], [16.2685, -24.4744], [16.2425, -24.4643], [16.2337, -24.4661], [16.224, -24.4749], [16.1906, -24.4652], [16.1637, -24.441], [16.0597, -24.5243], [16.0358, -24.5326], [16.0058, -24.5826], [15.9822, -24.6498], [15.9219, -24.5835], [15.9139, -24.5243], [15.9199, -24.4917], [15.9072, -24.437], [15.9072, -24.4358], [15.9065, -24.415], [15.9065, -24.4143], [15.8992, -24.3951], [15.9059, -24.3311], [15.881, -24.2799], [15.9081, -24.2308], [15.9641, -24.2011], [15.9685, -24.1885], [15.9574, -24.1408], [15.9587, -24.0897], [15.9757, -24.0485], [15.9582, -24.0085], [15.9621, -24.0001], [16.001, -23.9864], [16.0082, -23.9813], [16.0057, -23.8933]]}}, {"type": "Feature", "properties": {"country": "Namibia", "operator": "TelecomNamibia"}, "geometry": {"type": "LineString", "coordinates": [[18.4028, -24.3421], [18.4718, -24.3944], [18.5992, -24.577], [18.7353, -24.7432], [18.8073, -24.8765], [18.9639, -25.153], [19.0482, -25.2553], [19.1427, -25.3526], [19.2512, -25.4089], [19.3107, -25.49], [19.3987, -25.6508], [19.2087, -25.7701], [19.1353, -25.9246], [19.1203, -25.9382]]}}, {"type": "Feature", "properties": {"country": "Niger", "operator": "Sonitel"}, "geometry": {"type": "LineString", "coordinates": [[2.1725, 13.5276], [2.1627, 13.481], [2.1048, 13.5119], [1.9853, 13.5887]]}}, {"type": "Feature", "properties": {"country": "Niger", "operator": "Sonitel"}, "geometry": {"type": "LineString", "coordinates": [[1.5767, 12.6317], [1.6266, 12.7233], [1.6705, 12.8048], [1.7074, 12.8855], [1.7613, 13.0096], [1.7925, 13.0911], [1.7936, 13.108], [1.843, 13.1825], [1.8787, 13.2337], [1.9258, 13.3087], [1.9365, 13.3203], [1.9473, 13.3702], [1.9774, 13.4292], [2.0, 13.4438], [2.0127, 13.4629], [2.0225, 13.4911], [2.049, 13.5011], [2.0956, 13.4937], [2.2436, 13.4377], [2.382, 13.4078], [2.4649, 13.3698], [2.5511, 13.3478], [2.651, 13.2575], [2.7266, 13.1713], [2.8002, 13.1183], [2.912, 13.0904], [2.9919, 13.0899], [3.1255, 13.056], [3.1954, 13.0381], [3.1883, 12.937], [3.1753, 12.8321], [3.176, 12.6866], [3.2266, 12.5563], [3.3152, 12.4333], [3.401, 12.2869], [3.4637, 12.1445], [3.4968, 12.051], [3.5436, 11.9881], [3.4963, 11.9403], [3.4718, 11.9018], [3.4497, 11.8838], [3.4366, 11.8792], [3.4248, 11.8793], [3.4178, 11.8841], [3.4002, 11.8875], [3.3971, 11.8813]]}}, {"type": "Feature", "properties": {"country": "Niger", "operator": "Sonitel"}, "geometry": {"type": "LineString", "coordinates": [[3.1955, 13.0379], [3.2063, 13.0393], [3.2147, 13.0394], [3.251, 13.0277], [3.3667, 12.9887], [3.4494, 12.9619], [3.5722, 12.959], [3.697, 13.1122], [3.8288, 13.2531], [3.9048, 13.2901], [3.9241, 13.37], [3.9988, 13.4627], [4.0471, 13.6337], [4.266, 13.7415], [4.433, 13.7314], [4.5251, 13.7632], [4.5943, 13.8133], [4.8324, 13.8545], [4.932, 13.7932], [5.1261, 13.7927], [5.2658, 13.8041], [5.3476, 13.8985], [5.4779, 13.944], [5.6344, 13.9664], [5.7114, 13.9714], [5.8109, 14.026], [5.9554, 14.0716], [6.1094, 13.9565], [6.2509, 13.8564], [6.328, 13.8488], [6.4638, 13.7695], [6.5593, 13.6221], [6.7355, 13.6689], [6.9388, 13.6384], [7.0322, 13.6114], [7.1132, 13.5162], [7.1882, 13.5331], [7.3242, 13.5196], [7.4806, 13.549], [7.6128, 13.5459], [7.7119, 13.502], [7.8274, 13.5116], [7.9155, 13.5281], [7.9432, 13.596], [7.9324, 13.6648], [7.9992, 13.7506], [8.1641, 13.7383], [8.3285, 13.6948], [8.4267, 13.6632], [8.5335, 13.6877], [8.7518, 13.7639], [8.9877, 13.8005], [9.0145, 13.7707], [9.1663, 13.7122], [9.2837, 13.7066], [9.3693, 13.7102], [9.4334, 13.646], [9.5447, 13.7049], [9.5768, 13.7039], [9.6082, 13.6821], [9.7086, 13.6665], [9.8206, 13.6713], [9.9657, 13.7438], [10.0156, 13.779], [10.0784, 13.8313], [10.1266, 13.8537], [10.2048, 13.9143], [10.2297, 13.9716], [10.27, 13.989], [10.3549, 13.9265], [10.4719, 13.8392], [10.5732, 13.8046], [10.6129, 13.7961], [10.7389, 13.7198], [10.7874, 13.7099], [10.8433, 13.6949], [10.846, 13.6949], [10.9225, 13.7055], [10.9501, 13.7073], [10.9749, 13.719], [11.0311, 13.7152], [11.1193, 13.7163], [11.141, 13.7074], [11.1778, 13.7039], [11.2294, 13.6834], [11.2828, 13.6724], [11.2994, 13.6603], [11.316, 13.6572], [11.3626, 13.6322], [11.4138, 13.6363], [11.4507, 13.6215], [11.4669, 13.6081], [11.5281, 13.5823], [11.5893, 13.5805], [11.6105, 13.5693], [11.6358, 13.5707], [11.6658, 13.5595], [11.6953, 13.5545], [11.7419, 13.554], [11.7617, 13.5312], [11.7714, 13.5146], [11.7695, 13.4932], [11.7889, 13.4717], [11.8298, 13.4318], [11.8464, 13.395], [11.8941, 13.3471], [11.9107, 13.3283], [11.9263, 13.3086], [11.9543, 13.2974], [11.9809, 13.2876], [12.0039, 13.254], [12.0323, 13.2133], [12.0704, 13.2132], [12.0791, 13.2007], [12.1178, 13.1948], [12.1885, 13.1875], [12.2261, 13.1776], [12.2781, 13.1905], [12.3446, 13.1782], [12.3956, 13.1826], [12.4237, 13.2067], [12.4454, 13.2325], [12.4678, 13.2532], [12.4904, 13.2692], [12.5267, 13.2794], [12.5733, 13.3146], [12.6063, 13.3131], [12.6257, 13.2794], [12.6064, 13.3131], [12.6142, 13.3184], [12.6181, 13.348], [12.6595, 13.3613], [12.6752, 13.3724], [12.7562, 13.3922], [12.7858, 13.4332], [12.8068, 13.4895], [12.8314, 13.5275], [12.8653, 13.5525], [12.8831, 13.6195], [12.9007, 13.6324], [12.9156, 13.6739], [12.931, 13.7127], [12.948, 13.7959], [12.934, 13.8488], [12.9378, 13.868], [12.9471, 13.9322], [12.969, 13.9768], [12.9683, 14.0153], [12.9767, 14.0407], [12.9678, 14.0931], [12.9795, 14.1254], [13.0092, 14.1539], [13.0376, 14.2038], [13.0562, 14.2395], [13.0849, 14.2496], [13.108, 14.2522], [13.1119, 14.256], [13.1261, 14.2415], [13.13, 14.2426], [13.1355, 14.2475], [13.1355, 14.2476], [13.1357, 14.248], [13.1375, 14.2553], [13.139, 14.2613], [13.1488, 14.2669], [13.1496, 14.271], [13.1583, 14.2816], [13.165, 14.2828], [13.1748, 14.291], [13.175, 14.291], [13.1842, 14.2979], [13.187, 14.2971], [13.1912, 14.3001], [13.191, 14.3081], [13.1889, 14.3162], [13.1863, 14.3276], [13.1953, 14.3359], [13.2151, 14.3555], [13.2305, 14.3707], [13.2527, 14.3841], [13.2686, 14.3918], [13.2718, 14.3969], [13.2868, 14.4053], [13.2972, 14.4089], [13.3179, 14.4122], [13.3486, 14.4129], [13.3814, 14.4084], [13.3938, 14.409], [13.4143, 14.4218], [13.4341, 14.4251], [13.4347, 14.4251], [13.4414, 14.4267], [13.4633, 14.4261], [13.4703, 14.4239]]}}, {"type": "Feature", "properties": {"country": "Niger", "operator": "Sonitel"}, "geometry": {"type": "LineString", "coordinates": [[8.2986, 13.1757], [8.4166, 13.2759], [8.4522, 13.4083], [8.4672, 13.5484], [8.5265, 13.6758], [8.5744, 13.7026], [8.7501, 13.7629], [8.9878, 13.8012], [8.9811, 13.8169], [8.9881, 13.8919], [8.948, 14.0287], [8.8288, 14.1876], [8.7588, 14.3342], [8.7299, 14.4921], [8.7435, 14.6391], [8.8529, 14.7774], [8.885, 14.9696], [8.7884, 15.0063], [8.6709, 15.014], [8.6616, 15.044], [8.5802, 15.1071], [8.5387, 15.1049], [8.3644, 15.2711], [8.2109, 15.3685], [8.2189, 15.3963], [8.1957, 15.4252], [8.0885, 15.4304], [8.0073, 15.4958], [7.9501, 15.5915], [7.8978, 15.6204], [7.908, 15.6638], [7.8881, 15.7226], [7.8579, 15.7581], [7.834, 15.8938], [7.8404, 16.0144], [7.8369, 16.2421], [7.8605, 16.3634], [7.9054, 16.4303], [7.9597, 16.7011], [7.9812, 16.8156], [7.9669, 16.8945], [7.9679, 16.9434], [7.9875, 16.9668], [7.9782, 16.9816], [7.973, 16.9841], [7.9262, 17.0066], [7.8742, 17.0142], [7.8247, 17.0143], [7.7454, 17.0368], [7.7208, 17.0916], [7.7482, 17.1401], [7.7614, 17.2259], [7.7458, 17.2955], [7.772, 17.3415], [7.7512, 17.435], [7.7578, 17.4923], [7.7226, 17.5285], [7.7018, 17.551], [7.6718, 17.6334], [7.6473, 17.738], [7.595, 17.8439], [7.5544, 17.981], [7.5399, 18.0709], [7.5403, 18.1513], [7.5901, 18.1936], [7.5836, 18.2695], [7.5718, 18.3454], [7.5468, 18.4813], [7.4495, 18.5634], [7.4167, 18.6467], [7.4114, 18.6841], [7.4206, 18.6978], [7.4101, 18.7264], [7.3825, 18.75], [7.3535, 18.7948], [7.1703, 18.9044], [6.9638, 19.003], [6.7098, 19.1433], [6.6253, 19.189], [6.5658, 19.226], [6.5311, 19.2906], [6.4506, 19.3039], [6.3165, 19.3685], [6.2324, 19.4084], [6.192, 19.4577], [6.1371, 19.4804], [6.0931, 19.501], [6.0191, 19.4547], [5.9534, 19.4245], [5.8575, 19.3781], [5.8016, 19.3537], [5.7795, 19.3732], [5.79, 19.4376]]}}, {"type": "Feature", "properties": {"country": "Niger", "operator": "Sonitel"}, "geometry": {"type": "LineString", "coordinates": [[5.2697, 14.894], [5.321, 14.8162], [5.3504, 14.7582], [5.3351, 14.7126], [5.3317, 14.6823], [5.3467, 14.6173], [5.3703, 14.5255], [5.3717, 14.4929], [5.3685, 14.444], [5.3739, 14.3673], [5.3674, 14.2705], [5.3592, 14.1729], [5.3396, 14.0715], [5.3209, 14.0097], [5.3238, 13.9492], [5.3464, 13.8971]]}}, {"type": "Feature", "properties": {"country": "Nigeria", "operator": "phase3"}, "geometry": {"type": "LineString", "coordinates": [[3.3948, 6.4512], [3.2801, 6.6594], [3.1861, 6.8415], [3.2319, 7.0089], [3.34, 7.1559], [3.4843, 7.2156], [3.5939, 7.2835], [3.6737, 7.3807], [3.7767, 7.395], [3.8553, 7.3781], [3.9182, 7.3974], [3.9122, 7.6208], [3.9362, 7.8382], [4.1613, 7.824], [4.3907, 7.7919], [4.4884, 7.7856], [4.5592, 7.7774], [4.6463, 8.1514], [4.7119, 8.5418], [4.7745, 8.8334], [4.8262, 9.1202], [4.7726, 9.157], [4.7591, 9.2423], [4.6935, 9.285], [4.6182, 9.3374], [4.6096, 9.4264], [4.57, 9.5142], [4.5613, 9.573], [4.607, 9.6778], [4.638, 9.7265], [4.6207, 9.8484], [4.5984, 10.0277], [4.5526, 10.1105], [4.5555, 10.1881], [4.5885, 10.3224], [4.5809, 10.4325], [4.5419, 10.6044], [4.5172, 10.8527], [4.4858, 11.0205], [4.4772, 11.3266], [4.4874, 11.4629], [4.4805, 11.5946], [4.4976, 11.6592], [4.472, 11.735], [4.4226, 11.8249], [4.3929, 11.9038], [4.3894, 11.9654], [4.3792, 12.007], [4.3706, 12.047], [4.3783, 12.1079], [4.3777, 12.1485], [4.3771, 12.1496], [4.3646, 12.1937], [4.3735, 12.2244], [4.3474, 12.2516], [4.294, 12.2973], [4.2495, 12.3205], [4.2051, 12.3356], [4.2001, 12.3472], [4.2016, 12.374], [4.1962, 12.4019], [4.1939, 12.4243], [4.1988, 12.4541], [4.2062, 12.4627], [4.235, 12.4719], [4.2681, 12.4832], [4.291, 12.4938], [4.3164, 12.4954], [4.3527, 12.5091], [4.3787, 12.5256], [4.3902, 12.5348], [4.3907, 12.5353], [4.4089, 12.558], [4.4276, 12.5867], [4.4392, 12.6048], [4.4426, 12.6196], [4.462, 12.6351], [4.4793, 12.6507], [4.4959, 12.6742], [4.5084, 12.696], [4.5212, 12.7258], [4.5294, 12.7397], [4.5373, 12.7512], [4.5403, 12.7555], [4.5475, 12.7576], [4.5547, 12.758], [4.588, 12.7351], [4.6218, 12.7183], [4.6574, 12.705], [4.6919, 12.705], [4.7411, 12.6988], [4.7765, 12.697], [4.8222, 12.7013], [4.8678, 12.6995], [4.8943, 12.6986], [4.9262, 12.7225], [4.9799, 12.7349], [5.0309, 12.7516], [5.0618, 12.7604], [5.0764, 12.7622], [5.0991, 12.7825], [5.1256, 12.8055], [5.1438, 12.841], [5.1667, 12.8719], [5.1832, 12.9102], [5.2015, 12.9652], [5.2171, 13.0157], [5.2309, 13.0476], [5.2589, 12.9943], [5.2816, 12.9703], [5.2916, 12.9516], [5.3119, 12.9166], [5.3272, 12.8783], [5.358, 12.8356], [5.3943, 12.7947], [5.4341, 12.7537], [5.4722, 12.7199], [5.504, 12.6879], [5.5585, 12.6636], [5.6223, 12.6473], [5.6677, 12.6337], [5.7178, 12.6432], [5.8077, 12.6224], [5.8902, 12.5989], [5.9592, 12.5782], [5.9728, 12.5737], [6.0111, 12.5762], [6.0401, 12.5707], [6.0607, 12.565], [6.0745, 12.565], [6.0798, 12.5631], [6.0876, 12.5666], [6.1019, 12.5627], [6.1178, 12.5482], [6.1325, 12.5354], [6.1366, 12.5295], [6.1459, 12.5104], [6.1561, 12.4941], [6.1631, 12.485], [6.169, 12.4785], [6.1758, 12.4764], [6.1817, 12.469], [6.1849, 12.4595], [6.1853, 12.4511], [6.1883, 12.4456], [6.1882, 12.4456], [6.1893, 12.4375], [6.1905, 12.4313], [6.1932, 12.4279], [6.1986, 12.4249], [6.2037, 12.4155], [6.2058, 12.4088], [6.2058, 12.4028], [6.2105, 12.398], [6.2147, 12.3951], [6.2155, 12.3909], [6.2182, 12.3855], [6.2214, 12.3827], [6.229, 12.3792], [6.2361, 12.3734], [6.2427, 12.3698], [6.249, 12.367], [6.2529, 12.3615], [6.2586, 12.3559], [6.2636, 12.3517], [6.2734, 12.3523], [6.2824, 12.3528], [6.287, 12.3529], [6.2921, 12.3519], [6.295, 12.3516], [6.2982, 12.3522], [6.3049, 12.3494], [6.3108, 12.3465], [6.3146, 12.3448], [6.3193, 12.3445], [6.3243, 12.3453], [6.3303, 12.3462], [6.3368, 12.3467], [6.3399, 12.3475], [6.3422, 12.3489], [6.3439, 12.3493], [6.3495, 12.3488], [6.3525, 12.3489], [6.3573, 12.3513], [6.3611, 12.3529], [6.3641, 12.3537], [6.3662, 12.3534], [6.3738, 12.3449], [6.3825, 12.3367], [6.3899, 12.3339], [6.3977, 12.3302], [6.4041, 12.3273], [6.4074, 12.3213], [6.4076, 12.3208], [6.4109, 12.314], [6.4179, 12.3088], [6.427, 12.3035], [6.4339, 12.2978], [6.44, 12.2929], [6.4427, 12.2846], [6.4438, 12.2779], [6.4406, 12.2724], [6.4432, 12.2652], [6.4502, 12.2626], [6.4591, 12.2588], [6.465, 12.2549], [6.4786, 12.2541], [6.4847, 12.2531], [6.4916, 12.25], [6.5005, 12.249], [6.5054, 12.2478], [6.5135, 12.2482], [6.521, 12.2473], [6.5325, 12.2498], [6.5461, 12.2532], [6.5543, 12.2557], [6.5575, 12.26], [6.5614, 12.266], [6.5634, 12.2711], [6.5665, 12.2762], [6.5694, 12.2784], [6.5724, 12.2785], [6.5746, 12.2745], [6.5776, 12.2685], [6.578, 12.2683], [6.5826, 12.2628], [6.5866, 12.2568], [6.5944, 12.251], [6.6043, 12.2444], [6.6113, 12.2386], [6.6134, 12.2332], [6.6136, 12.233], [6.6184, 12.228], [6.6234, 12.2221], [6.632, 12.2127], [6.6397, 12.2031], [6.6436, 12.1936], [6.6482, 12.1839], [6.654, 12.1775], [6.6618, 12.1726], [6.6623, 12.1724], [6.665, 12.1713], [6.6675, 12.173], [6.6784, 12.1635], [6.6937, 12.1541], [6.7172, 12.1482], [6.7336, 12.1469], [6.7451, 12.1493], [6.7612, 12.1426], [6.783, 12.1344], [6.8048, 12.1321], [6.8182, 12.1364], [6.8303, 12.1276], [6.8436, 12.1155], [6.8499, 12.1105], [6.8624, 12.0942], [6.8703, 12.0755], [6.8704, 12.0751], [6.8774, 12.0531], [6.8866, 12.0365], [6.8949, 12.0151], [6.8997, 11.9955], [6.9011, 11.9873], [6.9104, 11.9714], [6.9184, 11.9589], [6.9307, 11.9428], [6.9321, 11.9336], [6.9382, 11.9224], [6.9527, 11.8961], [6.957, 11.8844], [6.9736, 11.8637], [6.9824, 11.8501], [6.9928, 11.8444], [7.0033, 11.8397], [7.0181, 11.8304], [7.0314, 11.8212], [7.0411, 11.8143], [7.0457, 11.8048], [7.0474, 11.7991], [7.0635, 11.7903], [7.0818, 11.781], [7.0977, 11.7713], [7.1116, 11.7555], [7.122, 11.7432], [7.1394, 11.729], [7.1561, 11.7087], [7.1686, 11.6957], [7.1756, 11.6891], [7.1895, 11.663], [7.2059, 11.6309], [7.2171, 11.6092], [7.2221, 11.5985], [7.2337, 11.5865], [7.2478, 11.5786], [7.2612, 11.5749], [7.2822, 11.5559], [7.3085, 11.5293], [7.3239, 11.4586], [7.3337, 11.3947], [7.346, 11.3565], [7.3849, 11.3337], [7.4154, 11.2781], [7.4605, 11.2582], [7.5016, 11.2341], [7.5645, 11.2019], [7.6069, 11.1751], [7.6192, 11.1737], [7.6672, 11.1507], [7.7065, 11.127], [7.7208, 11.1087], [7.7156, 11.0845], [7.6857, 11.0769], [7.6773, 11.0321], [7.6607, 11.0021], [7.6428, 10.9786], [7.6427, 10.9355], [7.644, 10.9342], [7.6494, 10.9052], [7.6386, 10.8803], [7.6178, 10.8698], [7.5953, 10.8631], [7.5837, 10.843], [7.5631, 10.8182], [7.5467, 10.7981], [7.5253, 10.7772], [7.5185, 10.7653], [7.5174, 10.751], [7.5102, 10.7369], [7.5117, 10.7067], [7.5089, 10.6933], [7.4915, 10.6784], [7.4747, 10.6513], [7.4686, 10.6216], [7.4601, 10.6036], [7.4476, 10.5873], [7.4309, 10.584], [7.4189, 10.5717], [7.4127, 10.5445], [7.3994, 10.5121], [7.377, 10.4888], [7.3453, 10.4613], [7.294, 10.4216], [7.2635, 10.4021], [7.2139, 10.3705], [7.1829, 10.3563], [7.1458, 10.3315], [7.0854, 10.3262], [7.057, 10.3066], [7.0214, 10.2721], [7.0055, 10.2401], [6.974, 10.2323], [6.9634, 10.1998], [6.9475, 10.1774], [6.9215, 10.1851], [6.887, 10.1355], [6.879, 10.079], [6.8711, 10.0336], [6.8554, 9.988], [6.8411, 9.9654], [6.8182, 9.9832], [6.7376, 9.9901], [6.6469, 10.0098], [6.5709, 9.9462], [6.5336, 9.9636], [6.5001, 9.9169], [6.4762, 9.8663], [6.4413, 9.8543], [6.401, 9.8709], [6.4001, 9.8717], [6.2391, 9.7651], [5.1581, 9.3277], [5.0821, 9.3021], [5.0465, 9.2913], [4.9862, 9.257], [4.9674, 9.2432], [4.9185, 9.2436], [4.8823, 9.2225], [4.867, 9.2002], [4.8322, 9.1713], [4.8147, 9.1499], [4.8143, 9.1459], [4.8128, 9.1365], [4.8176, 9.1277]]}}, {"type": "Feature", "properties": {"country": "Nigeria", "operator": "phase3"}, "geometry": {"type": "LineString", "coordinates": [[7.7044, 11.1279], [7.7347, 11.143], [7.7713, 11.18], [7.7917, 11.2288], [7.8414, 11.2632], [7.9012, 11.3341], [7.9606, 11.3696], [8.0408, 11.3629], [8.1119, 11.4031], [8.1973, 11.4641], [8.2688, 11.5379], [8.3551, 11.5862], [8.4084, 11.64], [8.4214, 11.7175], [8.4233, 11.7743], [8.5289, 11.8511], [8.5556, 11.9312], [8.5655, 11.9545], [8.5364, 11.9916], [8.5311, 12.0112], [8.4547, 12.0761], [8.3575, 12.1578], [8.2553, 12.2265], [8.2011, 12.2626], [8.1545, 12.3331], [8.1292, 12.3488], [8.0036, 12.3016], [7.9403, 12.3141], [7.892, 12.361], [7.8865, 12.4276], [7.8625, 12.5101], [7.8194, 12.5721], [7.7616, 12.6188], [7.7315, 12.6476], [7.7069, 12.7486], [7.6785, 12.8328], [7.6488, 12.9112], [7.631, 12.96], [7.6045, 12.9899], [7.6772, 13.0562], [7.7384, 13.087], [7.7176, 13.1674], [7.7457, 13.255], [7.7965, 13.3083], [7.7859, 13.4073], [7.8399, 13.4201], [7.8597, 13.4597], [7.8924, 13.4978], [7.9129, 13.5242]]}}, {"type": "Feature", "properties": {"country": "Nigeria", "operator": "phase3"}, "geometry": {"type": "LineString", "coordinates": [[7.4455, 10.5863], [7.5093, 10.5966], [7.5435, 10.5969], [7.6476, 10.636], [7.6921, 10.6451], [7.6911, 10.6015], [7.7361, 10.5916], [7.7616, 10.5775], [7.7467, 10.5412], [7.7723, 10.5231], [7.8144, 10.5221], [7.8288, 10.5026], [7.8524, 10.5004], [7.873, 10.4684], [7.8844, 10.413], [7.9125, 10.3853], [7.9115, 10.3574], [7.895, 10.3493], [7.9111, 10.335], [7.9428, 10.3295], [7.962, 10.3044], [7.9841, 10.2946], [8.004, 10.3018], [8.0075, 10.3218], [8.0289, 10.3311], [8.0474, 10.3188], [8.0789, 10.3177], [8.1174, 10.2795], [8.1615, 10.244], [8.2594, 10.1982], [8.3565, 10.1675], [8.5128, 10.0973], [8.6471, 10.0513], [8.7995, 9.9825], [8.8816, 9.9292], [8.8727, 9.8745], [8.8611, 9.7761], [8.8628, 9.7228], [8.7901, 9.6748], [8.7627, 9.6359], [8.6575, 9.5592], [8.6197, 9.5395], [8.6193, 9.5177], [8.561, 9.5018], [8.5587, 9.5018], [8.5397, 9.4923], [8.5538, 9.4765], [8.568, 9.4636], [8.5742, 9.4076], [8.5845, 9.3775], [8.5406, 9.2998], [8.4729, 9.255], [8.4707, 9.2536], [8.465, 9.2193], [8.4853, 9.208], [8.5206, 9.189], [8.5298, 9.1367], [8.5187, 9.0919], [8.5478, 9.0598], [8.5635, 9.041], [8.5996, 9.0294], [8.601, 8.9518], [8.5676, 8.935], [8.5155, 8.9348], [8.4724, 8.9278], [8.4694, 8.9271], [8.4111, 8.9068], [8.338, 8.9208], [8.2735, 8.908], [8.2681, 8.9073], [8.2702, 8.8789], [8.233, 8.8621], [8.2043, 8.8624], [8.1263, 8.8437], [8.124, 8.8437], [8.0259, 8.8499], [7.9805, 8.8353], [7.8658, 8.8535], [7.7478, 8.888], [7.6829, 8.948], [7.6739, 9.0035], [7.6014, 9.0257], [7.5258, 9.0539], [7.3759, 9.1267], [7.2274, 9.1087], [7.1259, 9.2696], [6.9973, 9.2827], [6.9395, 9.3874], [6.929, 9.3874], [6.9043, 9.3876], [6.7477, 9.3989], [6.7424, 9.399], [6.6318, 9.4708], [6.555, 9.6033], [6.7064, 9.8635], [6.8377, 9.9656], [6.8542, 9.8034], [6.9424, 9.5438], [7.1189, 9.2871], [7.1256, 9.2713]]}}, {"type": "Feature", "properties": {"country": "Nigeria", "operator": "phase3"}, "geometry": {"type": "LineString", "coordinates": [[4.5617, 7.7805], [4.6178, 7.7329], [4.6812, 7.7062], [4.7074, 7.6976], [4.7248, 7.6619], [4.7465, 7.6388], [4.7465, 7.6376], [4.7461, 7.6337], [4.7438, 7.5926], [4.7856, 7.6129], [4.837, 7.6164], [4.8694, 7.5922], [4.8897, 7.5226], [4.8929, 7.4889], [4.9237, 7.4394], [4.9637, 7.4151], [5.0151, 7.3998], [5.0558, 7.3977], [5.0894, 7.3754], [5.1189, 7.3181], [5.1738, 7.2871], [5.1963, 7.2792], [5.2049, 7.2443], [5.2369, 7.2234], [5.2981, 7.1639], [5.3577, 7.0771], [5.3703, 7.0098], [5.3989, 6.9584], [5.4517, 6.931], [5.5138, 6.9229], [5.5586, 6.8818], [5.562, 6.8783], [5.6057, 6.8565], [5.5941, 6.8041], [5.5699, 6.7698], [5.5388, 6.7608], [5.5629, 6.691], [5.5822, 6.6151], [5.6097, 6.5831], [5.5819, 6.4907], [5.6128, 6.389], [5.6288, 6.3386], [5.7453, 6.3276], [5.9299, 6.2914], [6.0914, 6.279], [6.1996, 6.2576], [6.3343, 6.2742], [6.399, 6.3067], [6.5049, 6.2857], [6.5731, 6.2574], [6.6065, 6.2513], [6.6485, 6.2165], [6.7135, 6.195], [6.7456, 6.1746], [6.7516, 6.1384], [6.7792, 6.1276], [6.8221, 6.1488], [6.8655, 6.1757], [6.9008, 6.206], [6.9232, 6.2417], [6.9439, 6.2484], [6.9981, 6.2051], [7.0349, 6.2035], [7.0526, 6.2174], [7.0682, 6.2237], [7.1115, 6.2327], [7.1513, 6.2538], [7.1951, 6.2601], [7.1972, 6.2606], [7.2583, 6.2638], [7.3011, 6.2889], [7.3403, 6.337], [7.3683, 6.3792], [7.4047, 6.4218], [7.435, 6.4646], [7.4464, 6.4739], [7.4668, 6.4679], [7.5103, 6.4524], [7.5385, 6.4579], [7.5309, 6.4128], [7.501, 6.3846], [7.5004, 6.3834], [7.4887, 6.3431], [7.4659, 6.2811], [7.471, 6.2275], [7.5115, 6.1961], [7.4997, 6.1371], [7.4964, 6.0841], [7.4827, 6.0305], [7.4684, 5.9827], [7.4198, 5.9321], [7.3761, 5.873], [7.3384, 5.8473], [7.3573, 5.7709], [7.3859, 5.719], [7.4175, 5.6824], [7.4269, 5.6344], [7.4525, 5.5604], [7.4822, 5.5315], [7.4604, 5.5172], [7.4328, 5.4723], [7.4093, 5.4356], [7.3803, 5.3867], [7.3581, 5.3405], [7.3334, 5.3175], [7.326, 5.2112], [7.3393, 5.1403], [7.3501, 5.1144], [7.3307, 5.0749], [7.292, 4.9865], [7.2191, 4.9145], [7.134, 4.8835], [7.053, 4.8496], [7.0063, 4.832], [7.0019, 4.7869]]}}, {"type": "Feature", "properties": {"country": "Nigeria", "operator": "phase3"}, "geometry": {"type": "LineString", "coordinates": [[3.2653, 6.6888], [3.2345, 6.6951], [3.1835, 6.6797], [3.1003, 6.6692], [3.0273, 6.6826], [2.932, 6.7011], [2.8743, 6.6957], [2.7932, 6.6888], [2.7641, 6.6749], [2.7424, 6.6349], [2.7203, 6.6833], [2.6587, 6.7352], [2.6145, 6.6886], [2.5871, 6.6355], [2.5871, 6.6326], [2.5809, 6.5594], [2.5927, 6.5189], [2.6074, 6.5008], [2.6178, 6.4824], [2.6242, 6.4293], [2.6198, 6.3821], [2.5584, 6.3712], [2.4615, 6.3653], [2.4254, 6.3678], [2.3662, 6.3857], [2.3437, 6.4014], [2.3502, 6.4479], [2.3041, 6.4642], [2.3001, 6.4642], [2.2474, 6.4582], [2.2124, 6.5027], [2.1819, 6.621], [2.1503, 6.6576], [2.1488, 6.6687], [2.1088, 6.6836], [2.0668, 6.6811], [2.0437, 6.6776], [1.9032, 6.592], [1.7774, 6.5361], [1.7694, 6.5343], [1.5631, 6.4759], [1.4317, 6.4389], [1.2179, 6.4333], [1.2194, 6.3274], [1.2111, 6.2627], [1.2249, 6.1638], [1.214, 6.1368], [1.2001, 6.1348]]}}, {"type": "Feature", "properties": {"country": "Nigeria", "operator": "phase3"}, "geometry": {"type": "LineString", "coordinates": [[2.6599, 6.7361], [2.6326, 6.789], [2.6117, 6.855], [2.6196, 6.9015], [2.6106, 6.9407], [2.6074, 6.9922], [2.6168, 7.0039], [2.6388, 6.9901], [2.6593, 6.9881], [2.6688, 6.9903], [2.6592, 7.0157], [2.6481, 7.0389], [2.6437, 7.0874], [2.6551, 7.1601], [2.6496, 7.1846], [2.5045, 7.2318], [2.4816, 7.2206], [2.4712, 7.216], [2.4462, 7.2263], [2.401, 7.2267], [2.3657, 7.2187], [2.329, 7.221], [2.2924, 7.2053], [2.2352, 7.201], [2.186, 7.2052], [2.1546, 7.2076], [2.1227, 7.1912], [2.0947, 7.1729], [2.0581, 7.1733], [2.0168, 7.1821], [1.9887, 7.1826]]}}, {"type": "Feature", "properties": {"country": "Nigeria", "operator": "phase3"}, "geometry": {"type": "LineString", "coordinates": [[1.5657, 6.4767], [1.5583, 6.7137], [1.5445, 6.8925], [1.5247, 6.9818], [1.482, 7.0818], [1.4261, 7.2509], [1.395, 7.3441], [1.3324, 7.3955], [1.2749, 7.4475], [1.2153, 7.4855], [1.1456, 7.5165], [1.1494, 7.5281], [1.1456, 7.5404], [1.1572, 7.5773], [1.1698, 7.6002], [1.1776, 7.6307], [1.1983, 7.6924], [1.1958, 7.7203], [1.1912, 7.7633], [1.1944, 7.8222], [1.1936, 7.827], [1.1889, 7.9095], [1.1881, 7.9111], [1.1992, 7.9292], [1.1914, 7.9882], [1.1461, 8.0666], [1.1358, 8.102], [1.1358, 8.1263], [1.139, 8.1899], [1.1383, 8.2268], [1.0948, 8.2936], [1.0448, 8.3305], [1.0107, 8.3422], [0.9933, 8.3854], [0.9925, 8.431], [0.9901, 8.4596], [0.9632, 8.5358], [0.9838, 8.5687], [1.0084, 8.626], [1.0251, 8.6864], [1.049, 8.7344], [1.0791, 8.8347], [1.0714, 8.85], [1.0841, 8.8861], [1.1079, 8.9237], [1.1397, 8.9794], [1.1351, 9.0505], [1.1574, 9.1485], [1.2026, 9.2081], [1.1912, 9.2418], [1.2119, 9.2747], [1.2134, 9.2755], [1.2379, 9.2934], [1.245, 9.3508], [1.2434, 9.3548], [1.2276, 9.4058], [1.2094, 9.4467], [1.2072, 9.5145], [1.1945, 9.5482], [1.2088, 9.5543], [1.2224, 9.5662], [1.2332, 9.5853], [1.2418, 9.609], [1.2506, 9.6263], [1.2506, 9.6268], [1.2556, 9.6438], [1.2747, 9.6553], [1.2903, 9.6588], [1.3104, 9.6609], [1.3318, 9.6594], [1.3527, 9.6646], [1.3731, 9.6763], [1.3933, 9.6838], [1.404, 9.7012], [1.4139, 9.7161], [1.4406, 9.712], [1.4902, 9.7026], [1.5204, 9.691], [1.5493, 9.6801], [1.5694, 9.6791], [1.5989, 9.6893], [1.6339, 9.698], [1.6643, 9.7067], [1.6878, 9.6841], [1.7039, 9.6614], [1.7334, 9.6516], [1.7757, 9.6053], [1.821, 9.564], [1.8521, 9.5497], [1.8547, 9.5466], [1.9071, 9.537], [1.9347, 9.5244], [1.9501, 9.5208], [1.9892, 9.4975], [2.0322, 9.4571], [2.0642, 9.4341], [2.0931, 9.4054], [2.1041, 9.3923], [2.1143, 9.3886], [2.1153, 9.3804], [2.1226, 9.3687], [2.1327, 9.3442], [2.1475, 9.3302], [2.1598, 9.3234], [2.1789, 9.2992], [2.1838, 9.2858], [2.1835, 9.2675], [2.1868, 9.2494], [2.2009, 9.2305], [2.2097, 9.2176], [2.2327, 9.2092], [2.2526, 9.2037], [2.2663, 9.1992], [2.2855, 9.2015], [2.3072, 9.2076], [2.3261, 9.213], [2.3463, 9.2336], [2.3713, 9.2445], [2.3944, 9.2593], [2.4135, 9.2716], [2.4292, 9.276], [2.4497, 9.2883], [2.4704, 9.3019], [2.4919, 9.3157], [2.5199, 9.3298], [2.5463, 9.3439], [2.5563, 9.3464], [2.5821, 9.3442], [2.6051, 9.3408], [2.6273, 9.3399]]}}, {"type": "Feature", "properties": {"country": "Nigeria", "operator": "phase3"}, "geometry": {"type": "LineString", "coordinates": [[3.3964, 6.4541], [3.3923, 6.4753], [3.4032, 6.5065], [3.3992, 6.5468], [3.3987, 6.5494], [3.3987, 6.551], [3.3931, 6.5823], [3.3804, 6.5945], [3.3959, 6.6082], [3.4289, 6.609], [3.4541, 6.6199], [3.4898, 6.6244], [3.5015, 6.6228], [3.5181, 6.6427], [3.5141, 6.674], [3.5122, 6.711], [3.5262, 6.7304], [3.5333, 6.7589], [3.5586, 6.7794], [3.5891, 6.8083], [3.6233, 6.8245], [3.6305, 6.8577]]}}, {"type": "Feature", "properties": {"country": "Senegal", "operator": "Sonatel"}, "geometry": {"type": "LineString", "coordinates": [[-15.4994, 16.511], [-15.6108, 16.4754], [-15.6922, 16.4623], [-15.7455, 16.4734], [-15.8005, 16.4612], [-15.7994, 16.4975], [-15.8005, 16.461], [-15.8027, 16.4594], [-15.8074, 16.4469], [-15.8256, 16.4447], [-15.8258, 16.4447], [-15.8675, 16.4083], [-15.9162, 16.3777], [-15.9586, 16.3672], [-16.0052, 16.3451], [-16.0528, 16.3168], [-16.0966, 16.2953], [-16.1706, 16.2738], [-16.2159, 16.2427], [-16.2665, 16.194], [-16.3101, 16.1426], [-16.3432, 16.1097], [-16.3835, 16.0736], [-16.4241, 16.0545], [-16.4852, 16.0263], [-16.4837, 15.9826], [-16.4422, 15.9516], [-16.4178, 15.9118], [-16.3447, 15.927], [-16.2966, 15.9221], [-16.2475, 15.8917], [-16.2343, 15.8393], [-16.2539, 15.7675], [-16.2656, 15.693], [-16.2458, 15.6133], [-16.2943, 15.537], [-16.3958, 15.4311], [-16.5099, 15.3021], [-16.6001, 15.1628], [-16.7042, 15.0424], [-16.845, 14.9129], [-16.9148, 14.8028], [-17.0382, 14.7626], [-17.1087, 14.7589], [-17.1759, 14.7151], [-17.2454, 14.6992], [-17.3449, 14.7413], [-17.422, 14.7388]]}}, {"type": "Feature", "properties": {"country": "Senegal", "operator": "Sonatel"}, "geometry": {"type": "LineString", "coordinates": [[-17.174, 14.7165], [-17.1577, 14.6981], [-17.1499, 14.6878], [-17.1239, 14.6795], [-17.0806, 14.6415], [-17.0678, 14.6338], [-17.0165, 14.5527], [-16.9927, 14.4843], [-16.9698, 14.4189], [-16.9045, 14.4297], [-16.8333, 14.4396], [-16.6911, 14.4183], [-16.6348, 14.4185], [-16.6017, 14.4224], [-16.5537, 14.3868], [-16.5107, 14.364], [-16.459, 14.3467], [-16.4016, 14.3455], [-16.3605, 14.3102], [-16.3479, 14.29], [-16.1243, 14.1646], [-16.0747, 14.1379], [-16.0293, 14.1522], [-15.9487, 14.1245], [-15.7816, 14.1412], [-15.7021, 14.1091], [-15.6201, 14.0827], [-15.5333, 14.106], [-15.4159, 14.1012], [-15.3782, 14.0852], [-15.2545, 14.0621], [-15.1439, 14.0037], [-15.0944, 13.9828], [-15.0704, 13.9679], [-15.0423, 13.9732], [-14.8676, 13.9622], [-14.8183, 13.9766], [-14.7826, 13.9902], [-14.756, 14.002], [-14.6207, 13.9882], [-14.4547, 13.9776], [-14.3614, 13.963], [-14.221, 13.9118], [-14.1421, 13.8773], [-14.0809, 13.8687], [-14.0491, 13.8698], [-14.0042, 13.8463], [-13.8992, 13.8091], [-13.8072, 13.7799], [-13.7019, 13.7735], [-13.6365, 13.7833], [-13.5529, 13.8263], [-13.4452, 13.9041], [-13.3508, 13.952], [-13.2592, 13.9811], [-13.1314, 14.0305], [-12.9243, 14.0964], [-12.7754, 14.1718], [-12.7163, 14.1854], [-12.628, 14.2436], [-12.5491, 14.2616], [-12.4526, 14.2989], [-12.4458, 14.3257], [-12.3542, 14.3874], [-12.2809, 14.4166], [-12.2072, 14.4143], [-12.2042, 14.4333], [-12.2085, 14.4479], [-12.2104, 14.4553], [-12.2057, 14.4565]]}}, {"type": "Feature", "properties": {"country": "Senegal", "operator": "Sonatel"}, "geometry": {"type": "LineString", "coordinates": [[-13.6698, 13.7783], [-13.6699, 13.7687], [-13.6709, 13.7573], [-13.6724, 13.7414], [-13.6696, 13.7327], [-13.6781, 13.6957], [-13.6805, 13.6772], [-13.6935, 13.6657], [-13.6931, 13.638], [-13.6933, 13.5857], [-13.693, 13.5757], [-13.6924, 13.5369], [-13.6924, 13.5066], [-13.7105, 13.4824], [-13.7296, 13.4561], [-13.7488, 13.4454], [-13.7622, 13.4411], [-13.7893, 13.4157], [-13.8008, 13.3766], [-13.8143, 13.3602], [-13.8226, 13.3321], [-13.8338, 13.3322], [-13.8597, 13.3203], [-13.8811, 13.2841], [-13.9065, 13.2585], [-13.9223, 13.2429], [-13.951, 13.2277], [-13.9935, 13.1734], [-14.0642, 13.162], [-14.1034, 13.1445], [-14.1589, 13.1256], [-14.2043, 13.1073], [-14.2245, 13.0884], [-14.2483, 13.0926], [-14.298, 13.0759], [-14.3505, 13.0801], [-14.3651, 13.0764], [-14.4024, 13.0602], [-14.442, 13.0495], [-14.462, 13.0555], [-14.4773, 13.0544], [-14.4983, 13.0641], [-14.5322, 13.0607], [-14.5667, 13.0595], [-14.6021, 13.0514], [-14.6457, 13.0358], [-14.6712, 13.0161], [-14.705, 12.9955], [-14.738, 12.9791], [-14.7476, 12.9715], [-14.7819, 12.9677], [-14.8094, 12.9575], [-14.827, 12.957], [-14.8612, 12.9417], [-14.8782, 12.926], [-14.9205, 12.9212], [-14.9382, 12.894], [-14.9387, 12.868], [-14.9408, 12.8235], [-15.0068, 12.816], [-15.0326, 12.8222], [-15.095, 12.778], [-15.1105, 12.7653], [-15.1315, 12.7667], [-15.1563, 12.7396], [-15.2706, 12.7048], [-15.3206, 12.686], [-15.4219, 12.6593], [-15.4514, 12.6557], [-15.508, 12.6364], [-15.5193, 12.6175], [-15.4942, 12.5958], [-15.5021, 12.572], [-15.5158, 12.5354], [-15.5283, 12.5135], [-15.576, 12.4941], [-15.5798, 12.4946], [-15.6275, 12.4962], [-15.6523, 12.5286], [-15.6884, 12.5645], [-15.7619, 12.56], [-15.8069, 12.5436], [-15.8836, 12.5714], [-15.8995, 12.5659], [-15.9786, 12.5972], [-15.9919, 12.6158], [-16.019, 12.6291], [-16.0643, 12.5996], [-16.1248, 12.5828], [-16.1731, 12.5735], [-16.2036, 12.5727], [-16.2289, 12.5635], [-16.2822, 12.5792]]}}, {"type": "Feature", "properties": {"country": "Senegal", "operator": "Sonatel"}, "geometry": {"type": "LineString", "coordinates": [[-14.1006, 13.1455], [-14.1206, 13.161], [-14.1358, 13.171], [-14.1528, 13.1788], [-14.1622, 13.1974], [-14.1672, 13.2148], [-14.1784, 13.2262], [-14.1882, 13.2349], [-14.2, 13.2529], [-14.2037, 13.2735], [-14.2061, 13.2911], [-14.21, 13.3108]]}}, {"type": "Feature", "properties": {"country": "Senegal", "operator": "Sonatel"}, "geometry": {"type": "LineString", "coordinates": [[-15.4994, 16.511], [-15.4751, 16.5095], [-15.4573, 16.5191], [-15.4408, 16.5226], [-15.4186, 16.523], [-15.3866, 16.5257], [-15.3473, 16.5226], [-15.3233, 16.5219], [-15.2975, 16.5252], [-15.2713, 16.5272], [-15.2709, 16.5272], [-15.2543, 16.5252], [-15.2313, 16.527], [-15.1733, 16.526], [-15.1133, 16.5102], [-15.0898, 16.5173], [-15.0454, 16.4996], [-15.0107, 16.491], [-14.9384, 16.4906], [-14.9074, 16.5111], [-14.9052, 16.5112], [-14.8606, 16.524], [-14.806, 16.5246], [-14.7247, 16.5181], [-14.6906, 16.5168], [-14.57, 16.4987], [-14.4483, 16.4935], [-14.4079, 16.4499], [-14.3938, 16.4401], [-14.3593, 16.4326], [-14.3049, 16.3829], [-14.2331, 16.3417], [-14.2217, 16.32], [-14.1976, 16.316], [-14.1301, 16.2498], [-14.0793, 16.2279], [-14.0488, 16.2032], [-13.9818, 16.1697], [-13.9627, 16.1143], [-13.9164, 16.072], [-13.8525, 16.0729], [-13.7876, 16.0549], [-13.7686, 16.0551], [-13.7249, 16.0387], [-13.7036, 16.0082], [-13.5943, 15.9649], [-13.5338, 15.9231], [-13.4779, 15.879], [-13.4359, 15.7939], [-13.3936, 15.733], [-13.3714, 15.6784], [-13.3185, 15.6049], [-13.308, 15.5536], [-13.2615, 15.5091], [-13.1767, 15.4825], [-13.187, 15.454], [-13.1328, 15.3667], [-13.0275, 15.3463], [-12.9344, 15.2488], [-12.9241, 15.2217], [-12.9479, 15.1939], [-12.946, 15.1201], [-12.8686, 15.0691], [-12.773, 15.0802], [-12.7399, 15.0501], [-12.6271, 14.9958], [-12.525, 14.9106], [-12.4865, 14.8637], [-12.4893, 14.8492], [-12.4512, 14.8272], [-12.4236, 14.7505], [-12.4119, 14.7124], [-12.3319, 14.6404], [-12.3034, 14.6042], [-12.256, 14.5527], [-12.2422, 14.4971], [-12.2281, 14.4731], [-12.2104, 14.4552]]}}, {"type": "Feature", "properties": {"country": "Somalia", "operator": "SomCable"}, "geometry": {"type": "LineString", "coordinates": [[47.3606, 8.474], [47.304, 8.5374], [47.2626, 8.5821], [47.2102, 8.6071], [47.1671, 8.644], [47.1483, 8.6825], [47.0584, 8.7105], [46.8578, 8.8233], [46.6595, 8.9222], [46.4203, 8.9482], [46.2349, 8.9287], [46.2297, 8.9287], [46.0937, 8.9887], [45.9626, 9.137], [45.7372, 9.3658], [45.5409, 9.5227], [45.2818, 9.4006], [45.0475, 9.4072], [44.5874, 9.3867], [44.3792, 9.455], [44.0739, 9.5663], [43.8502, 9.6055], [43.7509, 9.6784], [43.6201, 9.6894], [43.4898, 9.6745], [43.2512, 9.8605], [43.1886, 9.8975], [43.1804, 9.9231], [43.107, 9.9957], [43.0541, 10.0686], [43.0135, 10.0961], [43.031, 10.1359], [43.0098, 10.1612], [43.0157, 10.2067], [43.05, 10.236], [43.0453, 10.2793], [43.0295, 10.2874], [42.9832, 10.2932], [43.0214, 10.3545], [43.034, 10.458], [43.0451, 10.5894], [43.1063, 10.6697], [43.2197, 10.7977], [43.3594, 10.9314], [43.4391, 10.9788], [43.3776, 11.1093], [43.3389, 11.1999], [43.2932, 11.2377], [43.2983, 11.3549], [43.3051, 11.4211], [43.246, 11.4644]]}}, {"type": "Feature", "properties": {"country": "Somalia", "operator": "SomCable"}, "geometry": {"type": "LineString", "coordinates": [[43.4811, 9.6801], [43.3382, 9.621], [43.335, 9.6031], [43.332, 9.6001]]}}, {"type": "Feature", "properties": {"country": "South Africa", "operator": "DarkFibreAfrica"}, "geometry": {"type": "LineString", "coordinates": [[26.1701, -29.0909], [26.1629, -29.1175], [26.1632, -29.1273], [26.1826, -29.1673], [26.1935, -29.1903], [26.1935, -29.1909], [26.1779, -29.2488], [26.1395, -29.3923], [26.1181, -29.4323], [26.0936, -29.495], [26.0858, -29.5156], [26.025, -29.6009], [26.0011, -29.6334], [25.9977, -29.6399], [25.9879, -29.662], [25.9811, -29.6776], [25.9521, -29.7757], [25.9023, -29.8364], [25.8892, -29.8522], [25.8359, -29.9362], [25.8251, -29.9604], [25.7853, -30.0569], [25.7567, -30.1237], [25.7325, -30.1751], [25.7212, -30.209], [25.7217, -30.2344], [25.732, -30.2626], [25.7275, -30.2897], [25.724, -30.2952], [25.6925, -30.3484], [25.6774, -30.382], [25.6704, -30.4012], [25.6409, -30.4241], [25.6204, -30.4446], [25.5887, -30.4836], [25.5628, -30.5121], [25.5339, -30.5335], [25.5169, -30.5382], [25.4943, -30.5506], [25.4587, -30.5696], [25.4148, -30.5865], [25.4033, -30.5913], [25.3823, -30.6106], [25.3599, -30.6179], [25.3457, -30.6206], [25.2932, -30.6163], [25.2688, -30.6229], [25.239, -30.6352], [25.2005, -30.6518], [25.1545, -30.6868], [25.1372, -30.6954], [25.1053, -30.7102], [25.0865, -30.7262], [25.0831, -30.7347], [25.0504, -30.7613], [24.9662, -30.8142], [24.88, -30.8612], [24.81, -30.9028], [24.7106, -30.9436], [24.6506, -30.9651], [24.5994, -30.9865], [24.554, -31.0187], [24.5053, -31.0401], [24.4718, -31.0603], [24.4506, -31.0715], [24.4358, -31.0715], [24.4101, -31.0966], [24.3904, -31.1149], [24.39, -31.1146], [24.3301, -31.1562], [24.2881, -31.1998], [24.2618, -31.2219], [24.1717, -31.2788], [24.1422, -31.297], [24.0994, -31.3333], [24.0118, -31.3713], [23.9854, -31.3821], [23.9541, -31.409], [23.9338, -31.4131], [23.9216, -31.417], [23.9101, -31.4296], [23.8788, -31.446], [23.8521, -31.4492], [23.8025, -31.4743], [23.709, -31.491], [23.6434, -31.5052], [23.6176, -31.5101], [23.5785, -31.5508], [23.5656, -31.5631], [23.5279, -31.5984], [23.5227, -31.6101], [23.465, -31.6647], [23.4429, -31.7109], [23.4383, -31.7262], [23.4086, -31.7635], [23.3747, -31.8004], [23.3601, -31.8127], [23.3307, -31.8317], [23.3087, -31.8387], [23.231, -31.8827], [23.22, -31.8858], [23.1931, -31.8856], [23.15, -31.8835], [23.1086, -31.8846], [23.0997, -31.8841], [23.0821, -31.8844], [23.0569, -31.9011], [23.0377, -31.9337], [23.0196, -31.9746], [23.0115, -31.9929], [23.0075, -32.0231], [22.9995, -32.029], [22.9721, -32.0451], [22.9673, -32.0586], [22.9637, -32.0674], [22.9533, -32.0813], [22.9314, -32.098], [22.9261, -32.1093], [22.9093, -32.1212], [22.9064, -32.1267], [22.8889, -32.148], [22.8805, -32.1547], [22.8495, -32.2038], [22.8212, -32.223], [22.7703, -32.2485], [22.7139, -32.2751], [22.6582, -32.2999], [22.6247, -32.3165], [22.5915, -32.33], [22.5821, -32.3352], [22.5837, -32.3476], [22.5832, -32.3479], [22.583, -32.3599], [22.5651, -32.3656], [22.5491, -32.3614], [22.5263, -32.3774], [22.4893, -32.3993], [22.4472, -32.4238], [22.4042, -32.4447], [22.3537, -32.4794], [22.2981, -32.5103], [22.2434, -32.5602], [22.1962, -32.5988], [22.1477, -32.6236], [22.106, -32.6621], [22.0729, -32.6932], [22.0349, -32.7193], [22.0067, -32.7388], [21.9748, -32.775], [21.97, -32.8033], [21.9587, -32.8346], [21.9499, -32.8546], [21.9324, -32.8649], [21.9092, -32.876], [21.8709, -32.8868], [21.8106, -32.9068], [21.7676, -32.9213], [21.7344, -32.9339], [21.6988, -32.9602], [21.6921, -32.977], [21.6801, -32.9912], [21.6586, -33.0033], [21.6536, -33.0218], [21.6343, -33.0375], [21.5982, -33.065], [21.5827, -33.0777], [21.5746, -33.0908], [21.5504, -33.0961], [21.4925, -33.0981], [21.4242, -33.1057], [21.4233, -33.1057], [21.419, -33.1068], [21.3675, -33.1135], [21.3649, -33.1146], [21.3372, -33.1227], [21.2731, -33.1251], [21.2605, -33.1266], [21.2154, -33.125], [21.1475, -33.1364], [21.0981, -33.1452], [21.0293, -33.1642], [20.9618, -33.1802], [20.9222, -33.1888], [20.865, -33.1917], [20.8581, -33.1957], [20.8342, -33.1946], [20.8208, -33.187], [20.8182, -33.1837], [20.7991, -33.1852], [20.7758, -33.1815], [20.7389, -33.1822], [20.7134, -33.1822], [20.6374, -33.1991], [20.6055, -33.2192], [20.5782, -33.2257], [20.5106, -33.2332], [20.4879, -33.2375], [20.4367, -33.2436], [20.3742, -33.2477], [20.3412, -33.2548], [20.3408, -33.2548], [20.267, -33.2639], [20.2657, -33.2643], [20.2089, -33.2578], [20.1963, -33.2599], [20.1728, -33.2619], [20.1308, -33.2718], [20.0663, -33.3069], [20.0467, -33.3159], [20.0327, -33.3274], [19.9764, -33.3596], [19.962, -33.3643], [19.9216, -33.402], [19.902, -33.4047], [19.8643, -33.3986], [19.8365, -33.397], [19.787, -33.3969], [19.7687, -33.3989], [19.7582, -33.4053], [19.7604, -33.4079], [19.7516, -33.4114], [19.7316, -33.4149], [19.7196, -33.4362], [19.7091, -33.4408], [19.6914, -33.4649], [19.688, -33.4779], [19.6779, -33.4829], [19.6509, -33.4895], [19.5828, -33.5048], [19.5449, -33.5283], [19.537, -33.5358], [19.5351, -33.5412], [19.5272, -33.5502], [19.5144, -33.5566], [19.5095, -33.5692], [19.5093, -33.6095], [19.5079, -33.6153], [19.4952, -33.6162], [19.4633, -33.6249], [19.4328, -33.6293], [19.3983, -33.6343], [19.3717, -33.6355], [19.3377, -33.6351], [19.3251, -33.6349], [19.3028, -33.6455], [19.2869, -33.6584], [19.2848, -33.6757], [19.268, -33.6911], [19.2586, -33.7044], [19.2346, -33.7045], [19.209, -33.7001], [19.1907, -33.7196], [19.1801, -33.7238], [19.1587, -33.7243], [19.1337, -33.729], [19.118, -33.7306], [19.1048, -33.7344], [19.08, -33.7316], [19.0676, -33.7401], [19.0659, -33.7415], [19.0584, -33.7465], [19.0327, -33.7436], [19.0309, -33.7435], [19.0074, -33.7421], [18.9835, -33.7577], [18.9516, -33.7804], [18.7345, -33.8358], [18.6712, -33.8717], [18.6349, -33.8871], [18.6021, -33.8883], [18.5896, -33.8845], [18.5492, -33.891], [18.5306, -33.8852], [18.511, -33.8982], [18.4882, -33.9167], [18.4779, -33.9244], [18.47, -33.9283]]}}, {"type": "Feature", "properties": {"country": "South Africa", "operator": "DarkFibreAfrica"}, "geometry": {"type": "LineString", "coordinates": [[26.1964, -29.2099], [26.2216, -29.2135], [26.1687, -29.6926], [26.3747, -29.9663], [26.5296, -30.2048], [26.5414, -30.2254], [26.6013, -30.2666], [26.6682, -30.2818], [26.7697, -30.3684], [26.8326, -30.4161], [26.7942, -30.4898], [26.7942, -30.519], [26.7943, -30.5201], [26.783, -30.5683], [26.7696, -30.5991], [26.7469, -30.6337], [26.7155, -30.6581], [26.7035, -30.6817], [26.7084, -30.7154], [26.7244, -30.7567], [26.7705, -30.7838], [26.7676, -30.7948], [26.7767, -30.8014], [26.7785, -30.8122], [26.7871, -30.8234], [26.8051, -30.8773], [26.804, -30.909], [26.8169, -30.9522], [26.8376, -30.9791], [26.8568, -31.0315], [26.8716, -31.0465], [26.8779, -31.0503], [26.8656, -31.0593], [26.8614, -31.0698], [26.8366, -31.0851], [26.8208, -31.104], [26.807, -31.1234], [26.8123, -31.1302], [26.809, -31.1439], [26.8032, -31.1732], [26.8007, -31.1922], [26.7758, -31.2308], [26.7474, -31.2556], [26.7406, -31.2718], [26.7284, -31.2702], [26.7209, -31.2834], [26.7071, -31.2878], [26.6998, -31.3174], [26.6998, -31.3298], [26.7011, -31.3679], [26.7052, -31.3935], [26.6927, -31.4237], [26.6922, -31.4386], [26.696, -31.4559], [26.7091, -31.4638], [26.7179, -31.465], [26.7127, -31.4766], [26.6913, -31.5037], [26.6707, -31.5357], [26.6566, -31.558], [26.6529, -31.5661], [26.6553, -31.5809], [26.66, -31.605], [26.6594, -31.6299], [26.6597, -31.6373], [26.6881, -31.6572], [26.725, -31.6857], [26.7314, -31.6979], [26.7339, -31.7251], [26.7319, -31.7555], [26.7299, -31.7863], [26.7269, -31.7979], [26.7298, -31.8087], [26.7404, -31.8108], [26.7478, -31.82], [26.7465, -31.8284], [26.7884, -31.8726], [26.7997, -31.8886], [26.8242, -31.8992], [26.8543, -31.8932], [26.8607, -31.8914], [26.8799, -31.9012], [26.9192, -31.9204], [26.9558, -31.9374], [26.9707, -31.9548], [26.981, -31.9738], [26.9989, -31.992], [27.0074, -32.0091], [27.0256, -32.0213], [27.0633, -32.0363], [27.0791, -32.0352], [27.1003, -32.0503], [27.1128, -32.0975], [27.1109, -32.107], [27.1159, -32.1346], [27.1227, -32.1517], [27.1117, -32.177], [27.1122, -32.1975], [27.1265, -32.2238], [27.1242, -32.2353], [27.1302, -32.2495], [27.1289, -32.258], [27.1327, -32.2633], [27.1445, -32.2644], [27.1491, -32.2746], [27.1424, -32.2917], [27.1411, -32.3007], [27.1578, -32.3165], [27.1642, -32.3371], [27.1985, -32.3731], [27.21, -32.3796], [27.2164, -32.3997], [27.2449, -32.4117], [27.2836, -32.4216], [27.2952, -32.4296], [27.311, -32.427], [27.3248, -32.4324], [27.3326, -32.445], [27.3562, -32.4575], [27.3662, -32.467], [27.3797, -32.4665], [27.3968, -32.4782], [27.4109, -32.4777], [27.4271, -32.483], [27.4366, -32.494], [27.4381, -32.5094], [27.4381, -32.5103], [27.4447, -32.5324], [27.4362, -32.5492], [27.4288, -32.5743], [27.4279, -32.5782], [27.4394, -32.5932], [27.4646, -32.6111], [27.4783, -32.6244], [27.4939, -32.6392], [27.5138, -32.6468], [27.5139, -32.6473], [27.5356, -32.6763], [27.5666, -32.6914], [27.5881, -32.694], [27.6149, -32.6968], [27.6296, -32.7099], [27.6512, -32.7566], [27.6628, -32.7626], [27.6746, -32.7621], [27.7105, -32.7815], [27.7386, -32.7857], [27.7508, -32.7932], [27.768, -32.8034], [27.7907, -32.8262], [27.8076, -32.832], [27.823, -32.8323], [27.8335, -32.8398], [27.856, -32.8492], [27.8561, -32.8517], [27.8569, -32.8537], [27.8551, -32.8637], [27.8552, -32.8652], [27.8553, -32.8662], [27.8529, -32.8857], [27.8622, -32.9012], [27.8851, -32.9071], [27.8991, -32.9135], [27.9073, -32.9221], [27.9091, -32.9339], [27.9096, -32.9382], [27.9156, -32.9435], [27.9196, -32.9488], [27.9142, -32.9538], [27.9149, -32.9582], [27.921, -32.9638]]}}, {"type": "Feature", "properties": {"country": "South Africa", "operator": "DarkFibreAfrica"}, "geometry": {"type": "LineString", "coordinates": [[18.5454, -33.9597], [18.644, -34.0052], [18.7327, -34.0427], [18.7993, -34.0651], [18.8661, -34.1124], [18.9354, -34.1378], [18.9302, -34.1486], [18.9636, -34.1539], [18.9975, -34.1643], [19.0241, -34.1656], [19.0452, -34.1695], [19.0478, -34.1711], [19.0701, -34.1832], [19.1121, -34.194], [19.1417, -34.2049], [19.1894, -34.2255], [19.2003, -34.2363], [19.2309, -34.2333], [19.2564, -34.2349], [19.2882, -34.2238], [19.3087, -34.224], [19.328, -34.2139], [19.3976, -34.2103], [19.4346, -34.2289], [19.4932, -34.2292], [19.5396, -34.2268], [19.5825, -34.2088], [19.6367, -34.1963], [19.6393, -34.1964], [19.6748, -34.1839], [19.7255, -34.1838], [19.7627, -34.1727], [19.7741, -34.1747], [19.8288, -34.1662], [19.9096, -34.1503], [19.9623, -34.1605], [19.9836, -34.1459], [20.0249, -34.1373], [20.0465, -34.1168], [20.0701, -34.106], [20.0887, -34.0905], [20.1074, -34.089], [20.152, -34.101], [20.2096, -34.1024], [20.2511, -34.1062], [20.3514, -34.1069], [20.3869, -34.0913], [20.4279, -34.0517], [20.4411, -34.0329], [20.4629, -34.0246], [20.5172, -34.0367], [20.5679, -34.0433], [20.5918, -34.0559], [20.6059, -34.058], [20.6484, -34.0894], [20.7065, -34.0903], [20.7397, -34.1], [20.7697, -34.1049], [20.7959, -34.102], [20.8214, -34.1148], [20.9005, -34.1143], [20.9437, -34.1113], [20.977, -34.0915], [21.0024, -34.0863], [21.0326, -34.0939], [21.0621, -34.0986], [21.0928, -34.1159], [21.1122, -34.1254], [21.1405, -34.1158], [21.1705, -34.1078], [21.2051, -34.0999], [21.2216, -34.0936], [21.2478, -34.0922], [21.2585, -34.1148], [21.2652, -34.1284], [21.2825, -34.1453], [21.2842, -34.1476], [21.3062, -34.1616], [21.3265, -34.1727], [21.3715, -34.1762], [21.458, -34.1919], [21.557, -34.2131], [21.6164, -34.2132], [21.6772, -34.1999], [21.7506, -34.1869], [21.798, -34.197], [21.8186, -34.1979], [21.8831, -34.1794], [21.9165, -34.1772], [22.0584, -34.1827], [22.0987, -34.1598], [22.1023, -34.1331], [22.1113, -34.105], [22.139, -34.0811], [22.188, -34.0628], [22.2197, -34.0545], [22.2425, -34.0446], [22.2549, -34.0508], [22.293, -34.0375], [22.3048, -34.0326], [22.3518, -34.0232], [22.3854, -34.0112], [22.4313, -34.0069], [22.4557, -33.9984], [22.4954, -33.9925], [22.5068, -33.9867], [22.5299, -33.9946], [22.5481, -33.986], [22.5622, -33.996], [22.599, -33.9967], [22.6671, -34.0016], [22.6806, -34.0003], [22.7387, -34.0073], [22.779, -34.011], [22.8174, -34.0198], [22.8486, -34.0227], [22.8826, -34.0251], [22.9119, -34.0344], [22.9264, -34.0366], [22.9454, -34.0294], [22.9685, -34.031], [22.9762, -34.0374], [22.992, -34.0343], [22.9981, -34.0273], [23.0105, -34.034], [23.0139, -34.0395], [23.0324, -34.0362], [23.0472, -34.0349], [23.0636, -34.0378], [23.0931, -34.0447], [23.1042, -34.0413], [23.1171, -34.0415], [23.1251, -34.0345], [23.1387, -34.0382], [23.1582, -34.0347], [23.1605, -34.0258], [23.1646, -34.0248], [23.1783, -34.0278], [23.2042, -34.0364], [23.2349, -34.038], [23.2631, -34.0439], [23.3159, -34.0445], [23.3296, -34.0476], [23.3432, -34.0549], [23.3606, -34.0491], [23.366, -34.0438], [23.3812, -34.023], [23.3961, -34.0047], [23.4001, -34.0029], [23.4076, -34.0055], [23.4138, -34.0078], [23.4219, -34.0027], [23.4336, -33.9989], [23.4351, -33.9929], [23.4381, -33.9896], [23.4374, -33.9825], [23.4314, -33.9735], [23.433, -33.9699], [23.443, -33.9689], [23.4498, -33.9668], [23.463, -33.9658], [23.4703, -33.9623], [23.4769, -33.9521], [23.4856, -33.9451], [23.4911, -33.9362], [23.5108, -33.9346], [23.5383, -33.9333], [23.5519, -33.9393], [23.6071, -33.9376], [23.6154, -33.9399], [23.6366, -33.9656], [23.6495, -33.9673], [23.693, -33.9704], [23.7241, -33.9738], [23.7616, -33.9758], [23.8069, -33.9765], [23.865, -33.9672], [23.9065, -33.9676], [23.9517, -33.9721], [23.9801, -33.9791], [24.0272, -33.983], [24.0475, -33.9796], [24.0908, -33.9905], [24.1399, -33.9914], [24.2146, -33.9967], [24.2758, -34.0051], [24.3112, -34.0149], [24.3487, -34.0258], [24.4112, -34.0462], [24.4801, -34.0534], [24.5106, -34.0553], [24.5471, -34.0423], [24.5568, -34.0334], [24.5845, -34.0418], [24.6097, -34.0238], [24.6351, -34.0159], [24.6797, -34.0041], [24.6957, -33.9952], [24.7339, -33.9946], [24.7901, -34.0098], [24.8579, -34.0278], [24.9062, -34.0021], [24.9342, -33.9825], [24.9529, -33.9607], [25.0034, -33.9346], [25.0296, -33.9324], [25.0532, -33.9249], [25.0662, -33.9177], [25.0707, -33.909], [25.0864, -33.9021], [25.1081, -33.9036], [25.138, -33.8917], [25.1821, -33.9037], [25.2005, -33.9108], [25.2469, -33.9097], [25.3151, -33.9241], [25.4009, -33.9471], [25.4204, -33.952], [25.4854, -33.9448], [25.5091, -33.9486], [25.5405, -33.9441], [25.5558, -33.937], [25.5558, -33.9368], [25.5593, -33.9279], [25.5685, -33.9208], [25.5827, -33.9132], [25.6037, -33.9145], [25.6106, -33.9178], [25.6206, -33.8991], [25.6228, -33.8748], [25.6265, -33.8653], [25.6376, -33.8476], [25.6519, -33.8102], [25.6631, -33.7851], [25.6694, -33.7712], [25.7149, -33.7492], [25.754, -33.7334], [25.8002, -33.7073], [25.8212, -33.6919], [25.8329, -33.6887], [25.8551, -33.6726], [25.8591, -33.6604], [25.8982, -33.6323], [25.9158, -33.6061], [25.924, -33.6097], [25.9341, -33.6052], [25.94, -33.5875], [25.9732, -33.574], [26.0101, -33.5581], [26.0461, -33.5325], [26.0855, -33.5349], [26.1057, -33.5187], [26.131, -33.5029], [26.1569, -33.4951], [26.1796, -33.4915], [26.1935, -33.4957], [26.2245, -33.4808], [26.2541, -33.4724], [26.2854, -33.4517], [26.2893, -33.4428], [26.3458, -33.4239], [26.3704, -33.4114], [26.3816, -33.4038], [26.399, -33.4032], [26.4346, -33.3933], [26.4489, -33.3792], [26.4574, -33.3777], [26.4684, -33.3783], [26.4776, -33.3688], [26.4827, -33.3593], [26.4985, -33.354], [26.4981, -33.3333], [26.4878, -33.326], [26.5003, -33.3231], [26.5234, -33.3235], [26.5518, -33.3254], [26.5692, -33.3191], [26.575, -33.3095], [26.5967, -33.2804], [26.6092, -33.2735], [26.6762, -33.2844], [26.6944, -33.2817], [26.712, -33.2879], [26.7197, -33.2885], [26.7491, -33.2995], [26.7617, -33.2983], [26.767, -33.3006], [26.7816, -33.2821], [26.7904, -33.2799], [26.8021, -33.2777], [26.8104, -33.2833], [26.8331, -33.2833], [26.866, -33.2865], [26.878, -33.2805], [26.9028, -33.2815], [26.9152, -33.2772], [26.9255, -33.2658], [26.9359, -33.2579], [26.9431, -33.2571], [26.9531, -33.2525], [26.9705, -33.2488], [26.9827, -33.2357], [26.9925, -33.2373], [27.0079, -33.24], [27.0202, -33.2462], [27.0444, -33.257], [27.0727, -33.2565], [27.1036, -33.2441], [27.1146, -33.2296], [27.1281, -33.2185], [27.1179, -33.2024], [27.1208, -33.1871], [27.1267, -33.1657], [27.1482, -33.1238], [27.1494, -33.1092], [27.1555, -33.0945], [27.1724, -33.0766], [27.1738, -33.0701], [27.1876, -33.0706], [27.1964, -33.0697], [27.2097, -33.0678], [27.2138, -33.0541], [27.2149, -33.0497], [27.2285, -33.0437], [27.2347, -33.0358], [27.2497, -33.0351], [27.2614, -33.0207], [27.2615, -33.0102], [27.2744, -32.9957], [27.2774, -32.9827], [27.2972, -32.9688], [27.3037, -32.9436], [27.3106, -32.9302], [27.3101, -32.9252], [27.3024, -32.9097], [27.3053, -32.8995], [27.347, -32.8889], [27.3532, -32.8806], [27.3684, -32.8769], [27.3867, -32.8813], [27.3913, -32.8869], [27.3977, -32.8844], [27.4035, -32.8921], [27.4349, -32.8897], [27.4469, -32.8976], [27.4693, -32.8914], [27.48, -32.885], [27.5425, -32.8823], [27.5737, -32.8745], [27.6494, -32.8915], [27.6829, -32.9056], [27.6906, -32.9176], [27.7103, -32.9175], [27.7254, -32.9206], [27.7458, -32.9157], [27.776, -32.9261], [27.7887, -32.9323], [27.7974, -32.9615], [27.8099, -32.9616], [27.8317, -32.9729], [27.8391, -32.969], [27.8569, -32.9716], [27.8754, -32.9678], [27.8929, -32.9734], [27.9066, -32.9724], [27.9237, -32.9629], [27.9334, -32.9514], [27.9499, -32.9398], [27.9614, -32.9298], [27.9728, -32.922], [27.974, -32.9217], [27.9859, -32.9146], [27.9897, -32.9077], [27.988, -32.9067], [27.9856, -32.896], [27.9852, -32.8729], [27.9914, -32.8562], [28.0062, -32.8419], [28.0117, -32.8373], [28.0135, -32.8298], [28.0241, -32.8231], [28.0242, -32.8143], [28.0161, -32.8122], [28.0198, -32.8043], [28.0184, -32.787], [28.0191, -32.7748], [28.01, -32.7683], [28.0023, -32.7674], [28.0032, -32.7586], [28.0204, -32.7426], [28.0204, -32.7321], [28.0274, -32.7255], [28.0288, -32.7075], [28.02, -32.6992], [28.0202, -32.682], [28.0104, -32.6795], [28.002, -32.6797], [27.9885, -32.6618], [27.9727, -32.65], [27.9473, -32.615], [27.9521, -32.5908], [27.9545, -32.578], [27.973, -32.5561], [27.9639, -32.5503], [27.9639, -32.5377], [27.9781, -32.5191], [27.982, -32.5044], [27.992, -32.4916], [27.9943, -32.479], [27.9909, -32.4625], [27.9964, -32.458], [28.0067, -32.4557], [27.9974, -32.4518], [27.9886, -32.4307], [27.9832, -32.4139], [27.9878, -32.3992], [28.0074, -32.3735], [28.0331, -32.3505], [28.0506, -32.3456], [28.0644, -32.3405], [28.0801, -32.3411], [28.0981, -32.34], [28.1123, -32.3342], [28.1361, -32.3363], [28.1459, -32.3312], [28.1551, -32.3212], [28.1754, -32.3172], [28.1878, -32.3142], [28.214, -32.2867], [28.2079, -32.2757], [28.1993, -32.2698], [28.2021, -32.2586], [28.2036, -32.245], [28.1999, -32.2325], [28.2001, -32.2274], [28.2113, -32.2271], [28.2389, -32.205], [28.2439, -32.1804], [28.254, -32.1723], [28.2986, -32.1046], [28.3091, -32.0962], [28.3089, -32.0908], [28.3274, -32.0736], [28.3305, -32.0509], [28.3381, -32.0415], [28.3394, -32.0343], [28.3534, -32.0234], [28.3559, -32.0135], [28.3551, -32.0041], [28.3634, -31.9913], [28.3528, -31.976], [28.3506, -31.9615], [28.3566, -31.9522], [28.3701, -31.9491], [28.3883, -31.9462], [28.4179, -31.9467], [28.4285, -31.9413], [28.434, -31.9303], [28.445, -31.9266], [28.4499, -31.9179], [28.4645, -31.9155], [28.465, -31.907], [28.4702, -31.8977], [28.4735, -31.8901], [28.4836, -31.883], [28.4966, -31.8799], [28.5018, -31.8703], [28.5148, -31.8648], [28.5174, -31.8525], [28.5276, -31.8438], [28.5366, -31.8391], [28.545, -31.8399], [28.548, -31.8347], [28.5616, -31.8347], [28.569, -31.8209], [28.5909, -31.8121], [28.5983, -31.8068], [28.6172, -31.8028], [28.6162, -31.7886], [28.6204, -31.7827], [28.6239, -31.7718], [28.636, -31.7663], [28.6459, -31.7636], [28.6708, -31.7405], [28.6766, -31.7359], [28.6832, -31.7336], [28.7043, -31.699], [28.704, -31.6922], [28.7095, -31.6724], [28.7159, -31.6546], [28.7228, -31.6388], [28.7338, -31.6164], [28.7474, -31.6], [28.7563, -31.594], [28.7802, -31.5924], [28.7892, -31.5926], [28.7924, -31.5766], [28.7976, -31.5622], [28.8017, -31.553], [28.8191, -31.5471], [28.8345, -31.5305], [28.8371, -31.519], [28.8552, -31.5177], [28.8626, -31.5078], [28.863, -31.491], [28.8577, -31.4781], [28.8567, -31.4519], [28.861, -31.4246], [28.8581, -31.413], [28.8434, -31.4001], [28.832, -31.3904], [28.8297, -31.3828], [28.8229, -31.3803], [28.8087, -31.3794], [28.8089, -31.3761], [28.8099, -31.3539], [28.8074, -31.3312], [28.8054, -31.3222], [28.7993, -31.3097], [28.7984, -31.2966], [28.8097, -31.2862], [28.8088, -31.2775], [28.8486, -31.237], [28.8496, -31.2336], [28.8458, -31.2271], [28.8443, -31.2204], [28.8549, -31.211], [28.8609, -31.1971], [28.8673, -31.1922], [28.8792, -31.1871], [28.8779, -31.1831], [28.8662, -31.1668], [28.8692, -31.1559], [28.8675, -31.1523], [28.8731, -31.1206], [28.8655, -31.1078], [28.8659, -31.0997], [28.8791, -31.0886], [28.8818, -31.0794], [28.899, -31.0705], [28.9015, -31.0647], [28.8962, -31.0595], [28.9, -31.0567], [28.8852, -31.0408], [28.8941, -31.0305], [28.8892, -31.0249], [28.8979, -31.0189], [28.9043, -31.0217], [28.9072, -31.017], [28.923, -31.003], [28.9227, -30.9883], [28.9289, -30.9784], [28.9545, -30.9654], [28.9675, -30.9513], [28.9736, -30.946], [28.9749, -30.9332], [28.9839, -30.9235], [28.9908, -30.9234], [28.9882, -30.9185], [28.9947, -30.8982], [28.9981, -30.8873], [29.007, -30.8773], [29.0083, -30.8712], [29.0203, -30.8604], [29.0269, -30.8585], [29.0328, -30.8526], [29.0399, -30.8527], [29.0475, -30.8488], [29.0683, -30.8518], [29.0767, -30.8394], [29.0821, -30.8375], [29.0931, -30.8482], [29.1217, -30.8489], [29.124, -30.8411], [29.1325, -30.8301], [29.154, -30.8313], [29.1588, -30.8287], [29.1627, -30.8208], [29.1689, -30.8183], [29.183, -30.8204], [29.1909, -30.8141], [29.2095, -30.8195], [29.232, -30.8254], [29.2451, -30.8212], [29.2554, -30.8232], [29.2749, -30.8165], [29.2939, -30.8141], [29.307, -30.811], [29.3206, -30.8085], [29.3308, -30.8027], [29.3638, -30.7998], [29.3697, -30.7855], [29.3856, -30.7669], [29.4035, -30.7655], [29.4103, -30.7616], [29.4309, -30.7377], [29.427, -30.7304], [29.4417, -30.7044], [29.4506, -30.6887], [29.4593, -30.683], [29.4624, -30.6748], [29.4693, -30.6729], [29.474, -30.6583], [29.4701, -30.6501], [29.471, -30.644], [29.478, -30.6444], [29.4782, -30.6401], [29.4713, -30.6346], [29.4737, -30.6288], [29.445, -30.5767], [29.4732, -30.5656], [29.5011, -30.5481], [29.5306, -30.5389], [29.5464, -30.5199], [29.558, -30.511], [29.5738, -30.5158], [29.5789, -30.524], [29.5859, -30.5204], [29.5937, -30.5207], [29.6147, -30.5062], [29.6209, -30.5059], [29.6242, -30.5021], [29.6379, -30.5177], [29.647, -30.5207], [29.6686, -30.5255], [29.6799, -30.5254], [29.6886, -30.5358], [29.7154, -30.5337], [29.7274, -30.5287], [29.7316, -30.5198], [29.7598, -30.5154], [29.7963, -30.5437], [29.8126, -30.5568], [29.8219, -30.5769], [29.8357, -30.5814], [29.8406, -30.5775], [29.8723, -30.5735], [29.8771, -30.5683], [29.8902, -30.5667], [29.9021, -30.5713], [29.9033, -30.5783], [29.9099, -30.585], [29.9287, -30.5806], [29.945, -30.5786], [29.9515, -30.584], [29.9664, -30.5985], [29.9752, -30.6038], [29.9734, -30.6132], [29.9883, -30.6351], [29.9997, -30.6455], [30.0114, -30.6597], [30.0221, -30.6623], [30.0294, -30.6748], [30.0415, -30.6883], [30.049, -30.6964], [30.0546, -30.7126], [30.0539, -30.7203], [30.0601, -30.7204], [30.0705, -30.7183], [30.083, -30.7178], [30.0994, -30.7258], [30.1015, -30.7351], [30.1041, -30.7397], [30.1038, -30.7484], [30.109, -30.7565], [30.108, -30.7663], [30.1231, -30.7838], [30.1309, -30.7838], [30.1451, -30.7868], [30.1532, -30.7848], [30.1584, -30.7802], [30.174, -30.7816], [30.1837, -30.7865], [30.2018, -30.7831], [30.2297, -30.7792], [30.2411, -30.7671], [30.2606, -30.7461], [30.2679, -30.7384], [30.2935, -30.7299], [30.3089, -30.7259], [30.3285, -30.7274], [30.3378, -30.7266], [30.3561, -30.7328], [30.3712, -30.7312], [30.3823, -30.727], [30.3936, -30.7271], [30.4002, -30.7389], [30.4079, -30.7506], [30.4244, -30.7526], [30.4331, -30.7542], [30.4377, -30.7332], [30.443, -30.7185], [30.4436, -30.7017], [30.4493, -30.6929], [30.473, -30.673], [30.4917, -30.6604], [30.5007, -30.648], [30.5161, -30.6329], [30.5283, -30.6273], [30.5357, -30.6159], [30.5425, -30.6122], [30.5539, -30.5942], [30.5655, -30.5675], [30.5823, -30.5567], [30.5842, -30.5559], [30.5853, -30.5552], [30.5914, -30.549], [30.5948, -30.5405], [30.6095, -30.5207], [30.6226, -30.5117], [30.6255, -30.5022], [30.6269, -30.488], [30.6357, -30.4728], [30.6348, -30.4531], [30.6362, -30.4316], [30.6478, -30.418], [30.6534, -30.4023], [30.6526, -30.3902], [30.6689, -30.3707], [30.692, -30.3663], [30.709, -30.3457], [30.721, -30.3331], [30.7238, -30.3165], [30.7408, -30.2909], [30.7472, -30.2758], [30.7615, -30.2621], [30.7673, -30.244], [30.7724, -30.232], [30.7739, -30.2011], [30.7936, -30.1824], [30.8125, -30.1734], [30.8216, -30.1542], [30.8343, -30.1409], [30.834, -30.1248], [30.8504, -30.1029], [30.8658, -30.077], [30.8854, -30.0505], [30.9138, -30.0226], [30.9186, -30.0093], [30.9279, -30.0034], [30.9369, -29.9758], [30.9376, -29.9751], [30.9476, -29.9565], [30.9516, -29.9345], [30.9484, -29.9273], [30.9524, -29.9053], [30.9495, -29.8914], [30.9453, -29.8808], [30.9501, -29.8766], [30.9516, -29.852]]}}, {"type": "Feature", "properties": {"country": "South Africa", "operator": "DarkFibreAfrica"}, "geometry": {"type": "LineString", "coordinates": [[27.8199, -26.2981], [27.8458, -26.2898], [27.8808, -26.2631], [27.9226, -26.2597], [27.9254, -26.2595], [27.9697, -26.2632], [28.0136, -26.2623], [28.0151, -26.2626], [28.0435, -26.2698], [28.0449, -26.2697], [28.0643, -26.2689], [28.0644, -26.2706], [28.0744, -26.2904], [28.1041, -26.2886], [28.1156, -26.3095], [28.1044, -26.3428], [28.1014, -26.3464], [28.0791, -26.4144], [28.0715, -26.4632], [28.0523, -26.4906], [28.0279, -26.5256], [28.0102, -26.5424], [27.9962, -26.564], [27.9958, -26.5772], [27.9684, -26.6229], [27.9337, -26.6471], [27.9143, -26.6601], [27.9033, -26.6777], [27.9026, -26.6939], [27.8689, -26.7065], [27.8309, -26.7062], [27.7254, -26.7316], [27.6818, -26.7456], [27.6356, -26.8533], [27.6095, -26.9196], [27.5709, -26.9978], [27.5192, -27.1444], [27.5039, -27.1894], [27.4971, -27.222], [27.4942, -27.2535], [27.4723, -27.2878], [27.4216, -27.3605], [27.3994, -27.3905], [27.3379, -27.4781], [27.2863, -27.5519], [27.2519, -27.6245], [27.2467, -27.6499], [27.254, -27.6671], [27.2406, -27.6868], [27.2355, -27.6961], [27.2197, -27.7026], [27.1858, -27.7053], [27.1206, -27.7225], [26.9922, -27.7677], [26.8447, -27.8437], [26.7997, -27.8662], [26.7967, -27.8987], [26.7933, -27.9165], [26.7721, -27.9613], [26.7648, -27.9663], [26.7587, -27.9599], [26.7504, -27.9253], [26.7504, -27.9248], [26.7405, -27.9122], [26.6928, -27.8802], [26.7408, -27.9125], [26.7504, -27.9253], [26.742, -27.9823], [26.7556, -27.9864], [26.7627, -27.9802], [26.8045, -27.9812], [26.8225, -28.0485], [26.8282, -28.0854], [26.8367, -28.1049], [26.9111, -28.1237], [26.9268, -28.1352], [26.9564, -28.1582], [27.019, -28.2179], [27.0881, -28.2423], [27.0882, -28.2482], [27.0753, -28.2571], [27.0651, -28.283], [27.0665, -28.3403], [27.0385, -28.3971], [27.0346, -28.4117], [27.0341, -28.4264], [27.0325, -28.4639], [27.0284, -28.471], [27.0052, -28.4809], [27.0013, -28.488], [26.9812, -28.5428], [26.9775, -28.5517], [26.9585, -28.565], [26.9353, -28.607], [26.9247, -28.6169], [26.8336, -28.6785], [26.7776, -28.715], [26.7267, -28.7678], [26.7108, -28.782], [26.6795, -28.8075], [26.6515, -28.8255], [26.6513, -28.8255], [26.5654, -28.8543], [26.492, -28.8836], [26.4629, -28.9063], [26.3928, -28.9522], [26.3468, -28.9654], [26.3456, -28.9652], [26.2858, -28.9786], [26.2607, -29.0167], [26.2553, -29.0245], [26.2242, -29.0373], [26.2075, -29.0472], [26.2074, -29.0567], [26.1944, -29.0638], [26.1715, -29.0888], [26.1931, -29.107], [26.2257, -29.1148]]}}, {"type": "Feature", "properties": {"country": "South Africa", "operator": "DarkFibreAfrica"}, "geometry": {"type": "LineString", "coordinates": [[27.8195, -26.2996], [27.6487, -26.3484], [27.5633, -26.4], [27.4833, -26.442], [27.4715, -26.4438], [27.4343, -26.4466], [27.4069, -26.4651], [27.3974, -26.4855], [27.3637, -26.4961], [27.2975, -26.5481], [27.2191, -26.6246], [27.1643, -26.668], [27.1198, -26.7071], [27.0855, -26.7097], [27.0691, -26.7252], [27.0234, -26.7499], [26.9742, -26.7637], [26.9718, -26.7652], [26.9664, -26.7682], [26.951, -26.7758], [26.9263, -26.7902], [26.8922, -26.8055], [26.8444, -26.8178], [26.774, -26.8365], [26.7347, -26.8428], [26.6961, -26.8477], [26.6588, -26.8638], [26.6014, -26.8735], [26.5175, -26.8918], [26.4798, -26.9008], [26.4284, -26.9032], [26.2513, -26.9814], [26.132, -27.0331], [26.1174, -27.047], [26.0645, -27.1163], [25.9906, -27.1983], [25.9813, -27.2049], [25.9738, -27.2172], [25.8788, -27.3443], [25.8506, -27.3797], [25.7682, -27.4561], [25.7536, -27.4721], [25.6979, -27.5421], [25.696, -27.5555], [25.6874, -27.5621], [25.6319, -27.6173], [25.6188, -27.6318], [25.6154, -27.6503], [25.5748, -27.6535], [25.5648, -27.6505], [25.5141, -27.6631], [25.5008, -27.6719], [25.4636, -27.6807], [25.4068, -27.7012], [25.3755, -27.7217], [25.3304, -27.7581], [25.2793, -27.7841], [25.2498, -27.8109], [25.2283, -27.8382], [25.2137, -27.8569], [25.1928, -27.8807], [25.1758, -27.8995], [25.1551, -27.9035], [25.1378, -27.9109], [25.1204, -27.9205], [25.1032, -27.9429], [25.0612, -27.9855], [25.0254, -28.0181], [24.9813, -28.0445], [24.9402, -28.0623], [24.9371, -28.0638], [24.9283, -28.0668], [24.8863, -28.0811], [24.8689, -28.0871], [24.8676, -28.1005], [24.8457, -28.1194], [24.8402, -28.1548], [24.8361, -28.1789], [24.8468, -28.2203], [24.8522, -28.2334], [24.8445, -28.2442], [24.8378, -28.2634], [24.8329, -28.2925], [24.8287, -28.3144], [24.8155, -28.3295], [24.8152, -28.3486], [24.8194, -28.3584], [24.8099, -28.3932], [24.7966, -28.4379], [24.7914, -28.4514], [24.7967, -28.4697], [24.7947, -28.4867], [24.7864, -28.508], [24.7787, -28.523], [24.7704, -28.5607], [24.77, -28.6073], [24.7759, -28.6517], [24.7784, -28.6827], [24.7759, -28.7103], [24.7658, -28.726], [24.7654, -28.7409], [24.7665, -28.7514], [24.7653, -28.7684], [24.7688, -28.7803], [24.7936, -28.8024], [24.8358, -28.8175], [24.8575, -28.8433], [24.8584, -28.8447], [24.8593, -28.8482], [24.8626, -28.8523], [24.9001, -28.8954], [24.9703, -28.9236], [25.0172, -28.9557], [25.0739, -28.9912], [25.1185, -28.9987], [25.1697, -29.0377], [25.1846, -29.0487], [25.2776, -29.1031], [25.2948, -29.1097], [25.4174, -29.1202], [25.4965, -29.1282], [25.6816, -29.1495], [25.8531, -29.171], [25.9632, -29.1857], [26.0048, -29.1688], [26.0231, -29.1619], [26.0538, -29.1589], [26.0639, -29.1494], [26.0879, -29.1439], [26.1363, -29.1344], [26.1521, -29.1294], [26.1592, -29.1273], [26.1631, -29.127]]}}, {"type": "Feature", "properties": {"country": "South Africa", "operator": "DarkFibreAfrica"}, "geometry": {"type": "LineString", "coordinates": [[28.2623, -25.7406], [28.2771, -25.7665], [28.2611, -25.8025], [28.2202, -25.8573], [28.1656, -25.8769], [28.1394, -25.9444], [28.1125, -26.0163], [28.1089, -26.0209], [28.0984, -26.0501], [28.1331, -26.1178], [28.1323, -26.177], [28.1235, -26.2029], [28.1262, -26.241], [28.1492, -26.2519], [28.1577, -26.2897], [28.2265, -26.344], [28.2693, -26.4137], [28.3759, -26.4919], [28.3906, -26.5194], [28.3836, -26.5442], [28.3916, -26.5611], [28.3873, -26.6632], [28.4255, -26.7471], [28.481, -26.8548], [28.5394, -26.9045], [28.6141, -27.0285], [28.7028, -27.1625], [28.7357, -27.2344], [28.7603, -27.2718], [28.8197, -27.4579], [28.8429, -27.5749], [28.8737, -27.6267], [28.9266, -27.6899], [28.9389, -27.7204], [28.949, -27.7323], [28.9647, -27.8059], [28.9598, -27.8607], [28.9635, -27.8712], [28.9606, -27.8977], [28.9628, -27.9252], [28.975, -27.9463], [28.9753, -27.9682], [28.986, -28.0045], [29.0167, -28.0521], [29.0428, -28.1037], [29.0903, -28.191], [29.1193, -28.2425], [29.1171, -28.2504], [29.1147, -28.2555], [29.1408, -28.2708], [29.1397, -28.2834], [29.1338, -28.2895], [29.1681, -28.3174], [29.2092, -28.3154], [29.2371, -28.3181], [29.2428, -28.3183], [29.2528, -28.3271], [29.2817, -28.3415], [29.2874, -28.3587], [29.3182, -28.3699], [29.3351, -28.3764], [29.3415, -28.3672], [29.3557, -28.3675], [29.3857, -28.3775], [29.3931, -28.3802], [29.3916, -28.3884], [29.3923, -28.3965], [29.3902, -28.406], [29.4026, -28.4084], [29.4106, -28.4197], [29.431, -28.4247], [29.4435, -28.4208], [29.4614, -28.4384], [29.4765, -28.4351], [29.5103, -28.4479], [29.5557, -28.4544], [29.5645, -28.4651], [29.5735, -28.4789], [29.5769, -28.5112], [29.5811, -28.5266], [29.6024, -28.5509], [29.6086, -28.5906], [29.6142, -28.6221], [29.6177, -28.6388], [29.6344, -28.6715], [29.6319, -28.6836], [29.6402, -28.6974], [29.6427, -28.7092], [29.6462, -28.7253], [29.6465, -28.7371], [29.6686, -28.7614], [29.7014, -28.8275], [29.7457, -28.8841], [29.7738, -28.9116], [29.7941, -28.9554], [29.7934, -28.9732], [29.8095, -28.9923], [29.822, -29.0209], [29.8575, -29.0405], [29.8874, -29.0467], [29.9086, -29.0584], [29.921, -29.0695], [29.9192, -29.0815], [29.9365, -29.0904], [29.9406, -29.1045], [29.9478, -29.121], [29.96, -29.137], [29.9771, -29.1603], [29.9832, -29.1643], [29.9827, -29.1668], [29.9838, -29.1862], [29.9989, -29.2027], [30.0055, -29.2259], [30.0186, -29.2445], [30.025, -29.2748], [30.0525, -29.3255], [30.0825, -29.3467], [30.1006, -29.3636], [30.127, -29.3774], [30.1432, -29.4051], [30.1498, -29.4153], [30.1646, -29.4199], [30.1741, -29.4368], [30.1772, -29.4548], [30.1806, -29.469], [30.2103, -29.4939], [30.2151, -29.5031], [30.2308, -29.5164], [30.2435, -29.5218], [30.2601, -29.5288], [30.2775, -29.5377], [30.2884, -29.5388], [30.3032, -29.5434], [30.3226, -29.5734], [30.3337, -29.5764], [30.349, -29.5866], [30.3541, -29.5787], [30.3646, -29.5761], [30.3807, -29.5862], [30.4002, -29.5942], [30.4094, -29.608], [30.4072, -29.6226], [30.415, -29.6364], [30.4354, -29.6469], [30.4441, -29.6469], [30.4953, -29.7084], [30.4965, -29.7202], [30.5221, -29.7319], [30.5587, -29.7305], [30.5853, -29.7367], [30.5972, -29.7327], [30.6292, -29.7423], [30.6461, -29.7386], [30.6624, -29.743], [30.6682, -29.7583], [30.6852, -29.7696], [30.6942, -29.7733], [30.71, -29.7797], [30.7291, -29.7902], [30.7411, -29.8019], [30.7744, -29.8176], [30.7983, -29.8252], [30.8005, -29.8257], [30.8105, -29.8243], [30.8406, -29.829], [30.8734, -29.8391], [30.8946, -29.8338], [30.9301, -29.8481], [30.9554, -29.8412], [30.9786, -29.8414], [30.9882, -29.8501], [31.0129, -29.857]]}}, {"type": "Feature", "properties": {"country": "South Africa", "operator": "DarkFibreAfrica"}, "geometry": {"type": "LineString", "coordinates": [[28.2701, -25.7393], [28.2947, -25.7457], [28.3155, -25.7548], [28.3207, -25.7533], [28.334, -25.7513], [28.4753, -25.7785], [28.5068, -25.7978], [28.6671, -25.8001], [28.7992, -25.8335], [28.9438, -25.8758], [28.9744, -25.8715], [29.0647, -25.8682], [29.2024, -25.884], [29.2284, -25.857], [29.2366, -25.8414], [29.2728, -25.8252], [29.3579, -25.816], [29.3867, -25.8153], [29.4302, -25.7967], [29.4354, -25.7867], [29.4568, -25.7695], [29.4936, -25.7749], [29.5104, -25.8076], [29.6365, -25.9512], [29.6423, -25.9798], [29.6667, -26.0464], [29.6871, -26.074], [29.7148, -26.1554], [29.7194, -26.1696], [29.7699, -26.2186], [29.8358, -26.2491], [29.851, -26.2727], [29.8732, -26.3424], [29.8847, -26.3585], [29.943, -26.4263], [29.9506, -26.4589], [29.966, -26.4886], [29.9806, -26.5015], [29.9903, -26.5358], [30.0025, -26.5361], [30.1037, -26.5967], [30.12, -26.606], [30.1536, -26.6507], [30.1833, -26.7113], [30.2109, -26.7323], [30.2447, -26.7323], [30.292, -26.7332], [30.3308, -26.7358], [30.3718, -26.7552], [30.4385, -26.8096], [30.4587, -26.8127], [30.4825, -26.8213], [30.5326, -26.8503], [30.5841, -26.8725], [30.6386, -26.8909], [30.6564, -26.892], [30.6934, -26.8977], [30.7276, -26.9078], [30.7574, -26.9152], [30.7891, -26.9648], [30.8143, -27.0443], [30.8147, -27.0775], [30.8477, -27.1462], [30.9024, -27.2415], [30.8998, -27.2647], [30.8907, -27.2901], [30.8943, -27.3062], [30.8989, -27.3119], [30.8916, -27.3281], [30.8814, -27.3355], [30.876, -27.3637], [30.8331, -27.399], [30.8233, -27.4172], [30.817, -27.4231], [30.8197, -27.4302], [30.7968, -27.4464], [30.7663, -27.4619], [30.7323, -27.4765], [30.7139, -27.4906], [30.7105, -27.5053], [30.7158, -27.5393], [30.7276, -27.578], [30.7122, -27.6099], [30.7182, -27.6512], [30.7294, -27.6981], [30.7222, -27.7439], [30.7557, -27.7595], [30.7657, -27.7787], [30.7927, -27.7676], [30.8175, -27.7917], [30.8273, -27.8375], [30.8518, -27.8791], [30.8744, -27.8871], [30.9304, -27.9215], [30.9667, -27.9393], [30.9876, -27.9571], [31.0296, -27.9739], [31.0367, -27.9981], [31.0507, -28.0224], [31.0436, -28.0749], [31.0368, -28.1105], [31.0348, -28.1251], [31.0489, -28.1506], [31.1134, -28.1861], [31.1329, -28.1895], [31.1551, -28.1992], [31.1714, -28.2185], [31.172, -28.2311], [31.1817, -28.2394], [31.1903, -28.243], [31.2053, -28.2686], [31.2124, -28.2916], [31.2289, -28.3054], [31.2403, -28.3027], [31.2464, -28.3023], [31.2471, -28.3089], [31.249, -28.3147], [31.2557, -28.3197], [31.2551, -28.3276], [31.2606, -28.3338], [31.2607, -28.3416], [31.2768, -28.379], [31.3076, -28.4129], [31.3167, -28.4206], [31.3287, -28.4245], [31.3305, -28.4425], [31.3285, -28.4559], [31.3395, -28.4635], [31.3529, -28.4667], [31.3651, -28.4718], [31.3755, -28.4933], [31.3863, -28.4913], [31.4088, -28.4961], [31.4139, -28.5127], [31.4014, -28.5318], [31.3938, -28.5511], [31.3908, -28.562], [31.3971, -28.57], [31.3934, -28.6011], [31.4021, -28.6058], [31.4036, -28.6202], [31.4081, -28.6307], [31.4239, -28.6579], [31.4347, -28.6558], [31.4514, -28.6509], [31.4748, -28.6502], [31.4901, -28.6521], [31.5007, -28.6609], [31.502, -28.6735], [31.5056, -28.675], [31.5209, -28.6834], [31.5235, -28.7086], [31.5272, -28.7174], [31.5372, -28.7214], [31.5596, -28.7239], [31.5906, -28.7311], [31.6182, -28.7174], [31.6308, -28.7128], [31.6348, -28.6979], [31.6496, -28.7004], [31.6622, -28.709], [31.6636, -28.7089], [31.6751, -28.7068], [31.6953, -28.6949], [31.6989, -28.6898], [31.7129, -28.6893], [31.737, -28.7019], [31.7819, -28.7297], [31.7995, -28.7397], [31.8248, -28.731], [31.84, -28.7249], [31.8663, -28.7264], [31.8881, -28.7434], [31.9037, -28.7608], [31.914, -28.7666], [31.9294, -28.7684], [31.9026, -28.8407], [31.8965, -28.8545], [31.8662, -28.8805], [31.8465, -28.89], [31.8312, -28.8954], [31.8034, -28.9194], [31.7852, -28.93], [31.7552, -28.9336], [31.7237, -28.9755], [31.6938, -28.9988], [31.6479, -29.0418], [31.6155, -29.0764], [31.6047, -29.0917], [31.587, -29.1016], [31.5394, -29.1555], [31.5181, -29.1705], [31.4717, -29.1899], [31.4537, -29.2028], [31.4404, -29.208], [31.3832, -29.2973], [31.3637, -29.3103], [31.3461, -29.3207], [31.3315, -29.3412], [31.3168, -29.3532], [31.3065, -29.3679], [31.2964, -29.3778], [31.2955, -29.3893], [31.2721, -29.4255], [31.2715, -29.4334], [31.2527, -29.4463], [31.2364, -29.4699], [31.2191, -29.4912], [31.2025, -29.5118], [31.1939, -29.5277], [31.1889, -29.5402], [31.1645, -29.5602], [31.1451, -29.5816], [31.1393, -29.5929], [31.1338, -29.6145], [31.1197, -29.6325], [31.103, -29.6531], [31.0957, -29.6705], [31.0829, -29.6884], [31.0714, -29.6975], [31.0584, -29.723], [31.0682, -29.7333], [31.0707, -29.7473], [31.0489, -29.7805], [31.045, -29.7928], [31.036, -29.823], [31.0287, -29.8493], [31.0122, -29.8567]]}}, {"type": "Feature", "properties": {"country": "South Africa", "operator": "DarkFibreAfrica"}, "geometry": {"type": "LineString", "coordinates": [[28.266, -25.7384], [28.2673, -25.7074], [28.2832, -25.6923], [28.2767, -25.6761], [28.2712, -25.6673], [28.2745, -25.6391], [28.2828, -25.5671], [28.2851, -25.5112], [28.299, -25.4426], [28.2996, -25.3776], [28.2962, -25.3103], [28.3022, -25.263], [28.3075, -25.178], [28.3155, -25.0807], [28.3681, -24.9316], [28.4014, -24.8414], [28.4303, -24.8151], [28.4626, -24.7909], [28.4736, -24.78], [28.4878, -24.7579], [28.5528, -24.6924], [28.5559, -24.6795], [28.5759, -24.662], [28.6468, -24.6015], [28.681, -24.5721], [28.7086, -24.55], [28.7248, -24.5301], [28.7342, -24.503], [28.7535, -24.4823], [28.792, -24.4457], [28.8912, -24.3484], [28.9528, -24.32], [29.0061, -24.2589], [29.063, -24.1954], [29.0765, -24.1756], [29.1036, -24.1592], [29.1681, -24.1185], [29.2292, -24.097], [29.239, -24.0907], [29.2842, -24.0363], [29.3291, -24.0092], [29.365, -23.9801], [29.3993, -23.951], [29.4509, -23.9101], [29.4494, -23.8957], [29.4259, -23.8699], [29.3984, -23.8501], [29.3994, -23.839], [29.3843, -23.8324], [29.3792, -23.8347], [29.38, -23.828], [29.3794, -23.8345], [29.3843, -23.8326], [29.3994, -23.8392], [29.3986, -23.8503], [29.4265, -23.8699], [29.4491, -23.8954], [29.4771, -23.8508], [29.4904, -23.8311], [29.5034, -23.8081], [29.5889, -23.7257], [29.5967, -23.7098], [29.6012, -23.68], [29.6139, -23.6571], [29.667, -23.5842], [29.7013, -23.5361], [29.7183, -23.5043], [29.7428, -23.4452], [29.7606, -23.397], [29.7716, -23.3713], [29.801, -23.3357], [29.803, -23.3285], [29.8058, -23.3103], [29.8585, -23.2253], [29.8655, -23.2079], [29.8805, -23.1624], [29.9026, -23.0959], [29.9173, -23.0507], [29.9185, -23.0359], [29.9221, -23.0202], [29.9288, -23.0102], [29.9391, -23.0071], [29.948, -23.0041], [29.9488, -23.0005], [29.9406, -22.9983], [29.9301, -22.9921], [29.9258, -22.9853], [29.9335, -22.9788], [29.9439, -22.9785], [29.9465, -22.9742], [29.9433, -22.9676], [29.94, -22.9662], [29.9355, -22.9661], [29.9351, -22.9606], [29.93, -22.9564], [29.9242, -22.9535], [29.9244, -22.9451], [29.9307, -22.9335], [29.9333, -22.9246], [29.9282, -22.9159], [29.9249, -22.9087], [29.9074, -22.9012], [29.8904, -22.8928], [29.879, -22.8889], [29.8729, -22.8863], [29.8806, -22.8756], [29.8862, -22.8647], [29.8867, -22.8547], [29.8843, -22.8452], [29.8867, -22.8383], [29.8903, -22.8008], [29.8907, -22.7898], [29.9006, -22.7517], [29.9081, -22.7262], [29.912, -22.699], [29.9132, -22.6768], [29.9199, -22.6397], [29.9337, -22.5805], [29.9355, -22.5752], [29.9459, -22.5644], [29.949, -22.5581], [29.9611, -22.5401], [29.9698, -22.5219], [29.9741, -22.5011], [29.9818, -22.4958], [29.9888, -22.4791], [29.9958, -22.452], [30.0012, -22.4382], [29.9991, -22.4213], [30.0061, -22.4109], [30.0147, -22.3973], [30.0244, -22.3813], [30.0317, -22.3687], [30.0336, -22.3602], [30.0338, -22.3531], [30.0426, -22.3433], [30.0354, -22.3291], [30.0247, -22.3242], [30.0157, -22.3131], [30.0032, -22.2861], [29.9938, -22.2628], [29.9839, -22.2331], [29.9857, -22.2175], [29.9907, -22.2137]]}}, {"type": "Feature", "properties": {"country": "South Africa", "operator": "DarkFibreAfrica"}, "geometry": {"type": "LineString", "coordinates": [[29.5326, -25.8306], [29.5972, -25.8161], [29.7216, -25.8379], [29.7341, -25.838], [29.7593, -25.8297], [29.8055, -25.8336], [29.8101, -25.8327], [29.8178, -25.8316], [29.8877, -25.8182], [29.8928, -25.8116], [29.9592, -25.7682], [29.9944, -25.7586], [30.0168, -25.7315], [30.0571, -25.7181], [30.0724, -25.7131], [30.0985, -25.7313], [30.1273, -25.7319], [30.149, -25.7181], [30.1541, -25.7129], [30.1683, -25.7149], [30.2212, -25.6842], [30.2442, -25.6682], [30.2463, -25.6527], [30.2614, -25.6231], [30.2801, -25.6123], [30.2914, -25.5948], [30.2912, -25.5801], [30.3464, -25.5238], [30.3642, -25.4997], [30.3763, -25.4836], [30.4084, -25.4636], [30.424, -25.4536], [30.4325, -25.4418], [30.4564, -25.4384], [30.4794, -25.4336], [30.4944, -25.4137], [30.5164, -25.3935], [30.5328, -25.3841], [30.5591, -25.3925], [30.5802, -25.3933], [30.586, -25.3874], [30.5944, -25.3967], [30.6082, -25.3931], [30.6374, -25.4209], [30.6364, -25.4294], [30.652, -25.4404], [30.6725, -25.4554], [30.6866, -25.456], [30.6931, -25.4598], [30.7058, -25.4518], [30.7192, -25.4434], [30.7388, -25.4345], [30.7554, -25.4287], [30.7674, -25.423], [30.796, -25.4319], [30.819, -25.4495], [30.8338, -25.4493], [30.8426, -25.4425], [30.8678, -25.4473], [30.8942, -25.4458], [30.9239, -25.4482], [30.9289, -25.4486], [30.9545, -25.438], [30.9717, -25.4615], [30.9689, -25.4757], [30.926, -25.4523], [30.9743, -25.4747], [30.9894, -25.4695], [31.0376, -25.4702], [31.0757, -25.4714], [31.1016, -25.4754], [31.1185, -25.4926], [31.1445, -25.4876], [31.2068, -25.5104], [31.2601, -25.5268], [31.3123, -25.5376], [31.3396, -25.5388], [31.433, -25.5193], [31.5001, -25.5032], [31.5512, -25.4796], [31.5817, -25.4728], [31.5897, -25.4652], [31.6365, -25.4574], [31.6388, -25.4572], [31.6671, -25.4505], [31.6783, -25.4449], [31.816, -25.4373], [31.8887, -25.4424], [31.9287, -25.4468], [31.9474, -25.4477], [31.9549, -25.4528], [31.9672, -25.4481], [31.9767, -25.4429], [31.9805, -25.4417], [31.9866, -25.4429]]}}, {"type": "Feature", "properties": {"country": "South Africa", "operator": "DarkFibreAfrica"}, "geometry": {"type": "LineString", "coordinates": [[26.6065, -26.8722], [26.5331, -26.8225], [26.4621, -26.7802], [26.4234, -26.7568], [26.4015, -26.7301], [26.3749, -26.6903], [26.356, -26.6588], [26.3547, -26.6495], [26.3386, -26.6414], [26.3368, -26.618], [26.3213, -26.593], [26.2798, -26.547], [26.2833, -26.5244], [26.2854, -26.4923], [26.2943, -26.4422], [26.2812, -26.3936], [26.3037, -26.3451], [26.2905, -26.3265], [26.2451, -26.2764], [26.2141, -26.2235], [26.1782, -26.1803], [26.1589, -26.1666], [26.1595, -26.1516], [26.1478, -26.1462], [26.1014, -26.137], [26.0815, -26.1384], [26.0065, -26.0838], [25.9253, -26.0327], [25.844, -25.9687], [25.8268, -25.9531], [25.8101, -25.914], [25.7763, -25.9044], [25.7101, -25.8917], [25.6562, -25.874], [25.6433, -25.8611], [25.6276, -25.787], [25.6248, -25.7616], [25.5965, -25.7217], [25.5745, -25.6853], [25.5732, -25.6381]]}}, {"type": "Feature", "properties": {"country": "South Africa", "operator": "DarkFibreAfrica"}, "geometry": {"type": "LineString", "coordinates": [[26.1602, -26.1506], [26.1669, -26.1486], [26.1735, -26.1515], [26.1819, -26.1491], [26.2024, -26.155], [26.2194, -26.147], [26.2725, -26.1219], [26.2913, -26.111], [26.3017, -26.1086], [26.3331, -26.0917], [26.4001, -26.0385], [26.4272, -26.0186], [26.4908, -26.0035], [26.5095, -25.9947], [26.5629, -25.9937], [26.6408, -25.9943], [26.6693, -25.9859], [26.71, -25.968], [26.7267, -25.962], [26.7735, -25.9545], [26.8361, -25.9362], [26.8734, -25.8983], [26.8834, -25.8855], [26.8903, -25.8701], [26.898, -25.8695], [26.8962, -25.865], [26.8965, -25.8543], [26.8934, -25.8453], [26.899, -25.8407], [26.9188, -25.8383], [26.9277, -25.8395], [26.9342, -25.8341], [26.9408, -25.8294], [26.9832, -25.8156], [27.0126, -25.805], [27.0442, -25.7744], [27.0605, -25.759], [27.0722, -25.7553], [27.0786, -25.7375], [27.0875, -25.7223], [27.0962, -25.7113], [27.1014, -25.6915], [27.1148, -25.6637], [27.1225, -25.6513], [27.1294, -25.6395], [27.1314, -25.6373], [27.1484, -25.6337], [27.163, -25.6424], [27.1938, -25.6804], [27.2049, -25.6873], [27.2338, -25.6913], [27.2614, -25.7041], [27.3107, -25.7309], [27.3288, -25.7364], [27.3468, -25.7473], [27.3686, -25.7527], [27.3874, -25.749], [27.4093, -25.7462], [27.4592, -25.7509], [27.4971, -25.752], [27.5111, -25.747], [27.525, -25.7462], [27.5416, -25.7384], [27.5686, -25.738], [27.6166, -25.7379], [27.6459, -25.736], [27.6466, -25.7359], [27.6712, -25.7262], [27.6988, -25.7137], [27.7302, -25.6983], [27.7448, -25.6917], [27.7605, -25.6881], [27.7623, -25.6749], [27.7716, -25.6706], [27.7827, -25.6702], [27.7798, -25.6505], [27.7757, -25.6418], [27.7817, -25.631], [27.7888, -25.6402], [27.865, -25.683], [27.8107, -25.7367], [27.7964, -25.7424], [27.8036, -25.7592], [27.8211, -25.7725], [27.8498, -25.7724], [27.8569, -25.7734], [27.8561, -25.7859], [27.8587, -25.7971], [27.8631, -25.8048], [27.8761, -25.8019], [27.8851, -25.7985], [27.9232, -25.7892], [27.9564, -25.7828], [27.9735, -25.7782], [27.9934, -25.779], [28.0146, -25.7758], [28.0351, -25.7668], [28.0663, -25.7604], [28.093, -25.7533], [28.1266, -25.7487], [28.1494, -25.7442], [28.175, -25.7432], [28.2038, -25.7418], [28.2164, -25.7437], [28.2386, -25.7425], [28.2598, -25.7402], [28.2669, -25.7387]]}}, {"type": "Feature", "properties": {"country": "South Africa", "operator": "DarkFibreAfrica"}, "geometry": {"type": "LineString", "coordinates": [[27.255, -25.7005], [27.2555, -25.6813], [27.2367, -25.6628], [27.2573, -25.6481], [27.2713, -25.6696], [27.2612, -25.6828], [27.2303, -25.6602], [27.1899, -25.6317], [27.1847, -25.6262], [27.1539, -25.5737], [27.1479, -25.5627], [27.1241, -25.5442], [27.1024, -25.5156], [27.0977, -25.5062], [27.0846, -25.4914], [27.087, -25.4407], [27.0724, -25.3996], [27.0616, -25.3774], [27.1057, -25.3608], [27.0616, -25.3774], [27.0724, -25.4001], [27.087, -25.4407], [27.0852, -25.4908], [27.0564, -25.4687], [27.0007, -25.4617], [26.972, -25.4572], [26.9348, -25.4648], [26.8946, -25.471], [26.8601, -25.4801], [26.8115, -25.4793], [26.7722, -25.4635], [26.7218, -25.4719], [26.6594, -25.484], [26.5877, -25.4938], [26.5461, -25.4846], [26.4995, -25.4693], [26.4612, -25.4572], [26.3955, -25.4571], [26.3797, -25.4668], [26.3761, -25.4765], [26.3545, -25.4774], [26.34, -25.4797], [26.3245, -25.4867], [26.3063, -25.491], [26.275, -25.4964], [26.2507, -25.4967], [26.2191, -25.5063], [26.1937, -25.5212], [26.1844, -25.5257], [26.1684, -25.518], [26.157, -25.5217], [26.1315, -25.5351], [26.0989, -25.5428], [26.0772, -25.5433], [26.0614, -25.5601], [26.0473, -25.5436], [26.03, -25.5367], [26.0096, -25.5245], [25.9818, -25.5032], [25.9442, -25.5011], [25.9033, -25.4767], [25.8646, -25.4483], [25.839, -25.4335], [25.8126, -25.4165], [25.7867, -25.3867], [25.7703, -25.3632], [25.7671, -25.341], [25.7582, -25.3123], [25.7448, -25.3038], [25.728, -25.2934], [25.7204, -25.2813], [25.7135, -25.2756]]}}, {"type": "Feature", "properties": {"country": "South Africa", "operator": "DarkFibreAfrica"}, "geometry": {"type": "LineString", "coordinates": [[26.1788, -26.1499], [26.1787, -26.1472], [26.1824, -26.1408], [26.1834, -26.138], [26.1877, -26.1352], [26.1955, -26.1244], [26.2056, -26.1162], [26.2115, -26.1088], [26.2199, -26.1054], [26.22, -26.0995], [26.2194, -26.0946], [26.2119, -26.0841], [26.2067, -26.0778], [26.2067, -26.077], [26.2045, -26.066], [26.2016, -26.0521], [26.1965, -26.035], [26.1932, -26.022], [26.19, -26.006], [26.1887, -25.9859], [26.1887, -25.9613], [26.1858, -25.9429], [26.1823, -25.9226], [26.1779, -25.91], [26.1676, -25.8885], [26.1616, -25.8787], [26.1614, -25.8604], [26.1718, -25.8434], [26.1734, -25.8338], [26.185, -25.8176], [26.1985, -25.7973], [26.2046, -25.7753], [26.2125, -25.7619], [26.2234, -25.7494], [26.2253, -25.7418], [26.229, -25.7379], [26.2498, -25.7282], [26.2543, -25.7257], [26.2507, -25.7203], [26.2437, -25.7147], [26.2275, -25.709], [26.2194, -25.7058], [26.2115, -25.7009], [26.1968, -25.6942], [26.1917, -25.6904], [26.1858, -25.6822], [26.1749, -25.6729], [26.1671, -25.6655], [26.1573, -25.658], [26.1516, -25.6537], [26.1396, -25.6458], [26.1288, -25.6358], [26.1205, -25.6196], [26.1167, -25.6111], [26.1158, -25.5981], [26.112, -25.5931], [26.106, -25.5898], [26.0975, -25.5839], [26.0879, -25.5729], [26.0846, -25.5593], [26.0832, -25.5516], [26.0901, -25.5499], [26.0878, -25.5464], [26.0859, -25.5434], [26.0791, -25.5451], [26.0766, -25.5344], [26.0738, -25.5249], [26.0677, -25.5217], [26.061, -25.5134], [26.0642, -25.5081], [26.0726, -25.4982], [26.0854, -25.4549], [26.084, -25.4379], [26.0834, -25.4163], [26.0844, -25.393], [26.0842, -25.3865], [26.0829, -25.3792], [26.0861, -25.373], [26.1019, -25.3497], [26.1052, -25.343], [26.1056, -25.343], [26.1184, -25.3293], [26.1225, -25.3243], [26.1229, -25.3167], [26.124, -25.256], [26.1248, -25.2503], [26.1312, -25.226], [26.1352, -25.2091], [26.1482, -25.1655], [26.1535, -25.1479], [26.154, -25.1393], [26.1528, -25.1083], [26.154, -25.0994], [26.1581, -25.0906], [26.1652, -25.0733], [26.1649, -25.0641], [26.1558, -25.0377], [26.1568, -25.0315], [26.1572, -25.0265], [26.1512, -25.0132], [26.1451, -25.0025], [26.1443, -24.9976], [26.1438, -24.9551], [26.1402, -24.9186], [26.1396, -24.9058], [26.1399, -24.8981], [26.139, -24.8864], [26.1406, -24.8821], [26.1444, -24.8794], [26.1593, -24.8688], [26.1687, -24.8617], [26.1726, -24.857], [26.1771, -24.849], [26.182, -24.8369], [26.1827, -24.8322], [26.1816, -24.8262], [26.179, -24.8225], [26.1762, -24.8187], [26.1608, -24.7811], [26.1615, -24.7757], [26.1621, -24.769], [26.1616, -24.7662], [26.1501, -24.751], [26.1469, -24.7471], [26.1282, -24.7326], [26.0936, -24.7063]]}}, {"type": "Feature", "properties": {"country": "South Africa", "operator": "DarkFibreAfrica"}, "geometry": {"type": "LineString", "coordinates": [[25.6457, -25.8641], [25.6671, -25.8547], [25.6683, -25.8539], [25.6894, -25.8488], [25.793, -25.8292], [25.8077, -25.8267], [25.8135, -25.8187], [25.8372, -25.8066], [25.8681, -25.7865], [25.8915, -25.7784], [25.9359, -25.7615], [25.9609, -25.7545], [25.9751, -25.748], [25.9888, -25.7387], [26.0019, -25.7355], [26.015, -25.7289], [26.0334, -25.7133], [26.0417, -25.6966], [26.0396, -25.6779], [26.0434, -25.672], [26.0437, -25.6565], [26.0473, -25.6424], [26.0369, -25.6289], [26.0314, -25.6168], [26.0346, -25.6059], [26.0422, -25.5902], [26.0458, -25.5789], [26.0597, -25.5624], [26.0782, -25.5439]]}}, {"type": "Feature", "properties": {"country": "South Africa", "operator": "FiberCo"}, "geometry": {"type": "LineString", "coordinates": [[27.9494, -26.2733], [27.9438, -26.3032], [27.9381, -26.3268], [27.9214, -26.3492], [27.9071, -26.3625], [27.8948, -26.3754], [27.8944, -26.3956], [27.8781, -26.4187], [27.8646, -26.4347], [27.8509, -26.4458], [27.8178, -26.4835], [27.8157, -26.4891], [27.8139, -26.496], [27.8028, -26.5653], [27.7988, -26.5758], [27.792, -26.5864], [27.7779, -26.6185], [27.7755, -26.6219], [27.7724, -26.6253], [27.7235, -26.6655], [27.7199, -26.67], [27.7165, -26.6765], [27.6996, -26.713], [27.6798, -26.7439], [27.6765, -26.7481], [27.6715, -26.7613], [27.6382, -26.8487], [27.6147, -26.9095], [27.5784, -26.9808], [27.5716, -26.994], [27.5518, -27.0494], [27.521, -27.1386], [27.5007, -27.1986], [27.4957, -27.2377], [27.4937, -27.2521], [27.4916, -27.2586], [27.3626, -27.4437], [27.2821, -27.5598], [27.2477, -27.6378], [27.2478, -27.6498], [27.2541, -27.6666], [27.2418, -27.686], [27.2378, -27.6936], [27.2366, -27.7247], [27.2313, -27.7386], [27.2199, -27.7871], [27.2176, -27.8241], [27.2079, -27.871], [27.2062, -27.9092], [27.1881, -27.965], [27.1902, -27.9744], [27.1899, -27.9783], [27.1664, -28.0299], [27.1507, -28.0753], [27.1388, -28.0915], [27.1332, -28.0964], [27.1243, -28.1144], [27.1169, -28.1601], [27.1043, -28.1807], [27.1033, -28.1925], [27.0886, -28.2258], [27.0881, -28.2462], [27.0852, -28.2508], [27.0788, -28.2546], [27.0761, -28.2575], [27.0643, -28.2829], [27.0648, -28.2965], [27.066, -28.3428], [27.0372, -28.3987], [27.0351, -28.4056], [27.0331, -28.4199], [27.0333, -28.4628], [27.0325, -28.4657], [27.0305, -28.4694], [27.0281, -28.4711], [27.0092, -28.4791], [27.005, -28.4824], [27.0031, -28.4843], [26.9974, -28.4992], [26.9792, -28.5501], [26.9668, -28.559], [26.9588, -28.5649], [26.9516, -28.5776], [26.9366, -28.6061], [26.9194, -28.621], [26.8731, -28.6524], [26.7773, -28.715], [26.7272, -28.7679], [26.7111, -28.7821], [26.671, -28.8141], [26.6501, -28.8261], [26.5492, -28.8598], [26.5408, -28.8628], [26.4928, -28.8831], [26.4711, -28.8997], [26.4594, -28.9084], [26.4173, -28.9359], [26.3926, -28.9524], [26.3455, -28.9658], [26.2885, -28.9776], [26.2819, -28.9803], [26.2773, -28.9874], [26.2584, -29.0208], [26.2554, -29.0249], [26.2498, -29.028], [26.2162, -29.0419], [26.2116, -29.0442], [26.2097, -29.0477], [26.2086, -29.0528], [26.2074, -29.0566], [26.2033, -29.0593], [26.1966, -29.0623], [26.1916, -29.0651], [26.1847, -29.0716], [26.1722, -29.0883], [26.166, -29.0976], [26.1627, -29.1203], [26.1632, -29.1265], [26.1719, -29.1471], [26.1783, -29.1596], [26.1888, -29.1785], [26.1924, -29.1854], [26.1934, -29.1904], [26.1913, -29.2001], [26.1911, -29.2013], [26.1936, -29.2017], [26.1964, -29.2025], [26.199, -29.2035], [26.214, -29.2111], [26.2132, -29.2333], [26.2113, -29.2819], [26.2105, -29.3061], [26.2062, -29.3448], [26.2059, -29.3525], [26.203, -29.3945], [26.2014, -29.4203], [26.1992, -29.4528], [26.1975, -29.4802], [26.1951, -29.5046], [26.1948, -29.5098], [26.1934, -29.5356], [26.1916, -29.5669], [26.1911, -29.5753], [26.1881, -29.5921], [26.1819, -29.6261], [26.1767, -29.6556], [26.1743, -29.6692], [26.1742, -29.671], [26.1748, -29.6729], [26.1855, -29.7053], [26.1948, -29.7333], [26.1968, -29.7373], [26.2046, -29.749], [26.2361, -29.7945], [26.2466, -29.8084], [26.2664, -29.8341], [26.2935, -29.8679], [26.3215, -29.9027], [26.3537, -29.9426], [26.3748, -29.9583], [26.38, -29.9631], [26.3942, -29.9886], [26.4077, -30.014], [26.4413, -30.0588], [26.4806, -30.1107], [26.4841, -30.1158], [26.4862, -30.1219], [26.4894, -30.1392], [26.4911, -30.1436], [26.4967, -30.1512], [26.5072, -30.1736], [26.5133, -30.1852], [26.515, -30.1883], [26.5184, -30.1919], [26.5276, -30.1967], [26.5321, -30.1972], [26.5354, -30.1975], [26.5364, -30.1988], [26.536, -30.2014], [26.5346, -30.203], [26.5339, -30.2056], [26.5327, -30.2079], [26.532, -30.2092], [26.5311, -30.2121], [26.5381, -30.2173], [26.5414, -30.2241], [26.5814, -30.2564], [26.5845, -30.2582], [26.5902, -30.2612], [26.639, -30.2791], [26.6661, -30.2805], [26.67, -30.2814], [26.6728, -30.2826], [26.7029, -30.3073], [26.7208, -30.3228], [26.7624, -30.3596], [26.7958, -30.3893], [26.7994, -30.392], [26.8114, -30.399], [26.817, -30.4022], [26.8309, -30.4133], [26.8323, -30.4144], [26.8328, -30.4157], [26.8321, -30.4195], [26.821, -30.4427], [26.8044, -30.4774], [26.8001, -30.4865], [26.7995, -30.4881], [26.7989, -30.4912], [26.7985, -30.4948], [26.7988, -30.5058], [26.7989, -30.5076], [26.7985, -30.5106], [26.7944, -30.5314], [26.7893, -30.5552], [26.7869, -30.5627], [26.7856, -30.5672], [26.7846, -30.5723], [26.7839, -30.5768], [26.7835, -30.5784], [26.7798, -30.5839], [26.7783, -30.5878], [26.7731, -30.5985], [26.7719, -30.6006], [26.7699, -30.6026], [26.765, -30.6052], [26.7625, -30.6063], [26.7583, -30.6113], [26.7439, -30.6355], [26.7366, -30.6481], [26.7348, -30.6505], [26.7308, -30.6527], [26.7249, -30.6545], [26.717, -30.6565], [26.7127, -30.6594], [26.7095, -30.663], [26.7051, -30.6699], [26.7041, -30.6748], [26.7031, -30.6805], [26.704, -30.6838], [26.707, -30.6879], [26.7088, -30.6879], [26.7093, -30.6992], [26.709, -30.7051], [26.7078, -30.7083], [26.7069, -30.711], [26.7073, -30.7154], [26.7098, -30.7244], [26.7117, -30.7296], [26.7232, -30.7556], [26.7253, -30.758], [26.7276, -30.76], [26.7296, -30.761], [26.7312, -30.7618], [26.7333, -30.7622], [26.7355, -30.7623], [26.7367, -30.7628], [26.7673, -30.7813], [26.7691, -30.7829], [26.7705, -30.7847], [26.7705, -30.7864], [26.77, -30.7888], [26.7681, -30.7916], [26.7676, -30.7937], [26.7679, -30.7951], [26.7694, -30.7966], [26.7717, -30.7974], [26.7743, -30.7976], [26.7763, -30.7987], [26.7771, -30.8002], [26.7776, -30.8058], [26.7777, -30.8072], [26.7773, -30.8089], [26.7772, -30.8104], [26.7782, -30.8124], [26.7805, -30.8143], [26.784, -30.8166], [26.7856, -30.8183], [26.7867, -30.8203], [26.7954, -30.8485], [26.8026, -30.872], [26.8037, -30.875], [26.8041, -30.8777], [26.8039, -30.8828], [26.8036, -30.9003], [26.8043, -30.9041], [26.8093, -30.9302], [26.8102, -30.9345], [26.8112, -30.937], [26.8183, -30.9507], [26.8191, -30.9525], [26.8202, -30.9572], [26.8209, -30.9585], [26.8215, -30.9598], [26.8277, -30.966], [26.8298, -30.9684], [26.8352, -30.9759], [26.8402, -30.9831], [26.8413, -30.9852], [26.8497, -31.0117], [26.856, -31.0311], [26.857, -31.0326], [26.8589, -31.0351], [26.8658, -31.0423], [26.8671, -31.0435], [26.8688, -31.0446], [26.8734, -31.0458], [26.8757, -31.0468], [26.8766, -31.0482], [26.8769, -31.0502], [26.8765, -31.0512], [26.8756, -31.0526], [26.8639, -31.0621], [26.8627, -31.0635], [26.8623, -31.0662], [26.8617, -31.0699], [26.8613, -31.0712], [26.8401, -31.0821], [26.8374, -31.0841], [26.8353, -31.086], [26.8146, -31.1087], [26.8116, -31.113], [26.8087, -31.118], [26.8084, -31.1243], [26.8082, -31.1266], [26.8094, -31.1277], [26.8117, -31.1289], [26.8125, -31.1307], [26.8126, -31.1319], [26.8086, -31.1459], [26.8046, -31.1608], [26.8026, -31.1722], [26.8013, -31.1904], [26.8008, -31.1922], [26.8002, -31.1937], [26.7958, -31.1989], [26.7813, -31.2231], [26.7789, -31.2264], [26.777, -31.2285], [26.7535, -31.2503], [26.7503, -31.2535], [26.7493, -31.2551], [26.7475, -31.2587], [26.745, -31.2669], [26.7432, -31.2689], [26.7428, -31.2699], [26.742, -31.2719], [26.7406, -31.2728], [26.7389, -31.2726], [26.7326, -31.2695], [26.7301, -31.2691], [26.728, -31.2694], [26.726, -31.2703], [26.7252, -31.2725], [26.722, -31.2811], [26.7207, -31.2825], [26.7183, -31.2845], [26.7159, -31.2855], [26.7133, -31.2856], [26.71, -31.2856], [26.7079, -31.2863], [26.7056, -31.2877], [26.7036, -31.2955], [26.7006, -31.3122], [26.6999, -31.3166], [26.6996, -31.3209], [26.7006, -31.3243], [26.7021, -31.3285], [26.7012, -31.3342], [26.6999, -31.3438], [26.7, -31.3495], [26.7009, -31.3593], [26.7038, -31.3894], [26.704, -31.3926], [26.7032, -31.3952], [26.7017, -31.3989], [26.6924, -31.4212], [26.6919, -31.423], [26.6915, -31.4256], [26.6912, -31.4387], [26.692, -31.4403], [26.6942, -31.4457], [26.6943, -31.4468], [26.6939, -31.4477], [26.693, -31.4489], [26.6929, -31.45], [26.6935, -31.4531], [26.6939, -31.4539], [26.6946, -31.4548], [26.6951, -31.4557], [26.6954, -31.457], [26.6957, -31.458], [26.7005, -31.4619], [26.7018, -31.4629], [26.7074, -31.4652], [26.7088, -31.4656], [26.7114, -31.4651], [26.7141, -31.4647], [26.7154, -31.4649], [26.7169, -31.4656], [26.718, -31.4665], [26.7185, -31.4682], [26.718, -31.47], [26.7124, -31.4773], [26.703, -31.49], [26.6817, -31.5182], [26.6729, -31.5297], [26.6694, -31.5363], [26.656, -31.5625], [26.6548, -31.5646], [26.6544, -31.567], [26.6542, -31.5688], [26.6547, -31.5716], [26.6547, -31.5738], [26.6538, -31.5774], [26.6536, -31.5784], [26.6539, -31.58], [26.6544, -31.5822], [26.6568, -31.5862], [26.6573, -31.5886], [26.6589, -31.6048], [26.6588, -31.6111], [26.6585, -31.6294], [26.6587, -31.631], [26.6589, -31.6325], [26.6594, -31.6341], [26.6612, -31.637], [26.662, -31.6381], [26.6641, -31.6398], [26.6937, -31.66], [26.7095, -31.6704], [26.7262, -31.6875], [26.729, -31.6902], [26.7306, -31.6923], [26.7325, -31.6954], [26.7333, -31.6978], [26.7335, -31.6999], [26.7338, -31.7004], [26.7327, -31.7369], [26.7315, -31.7856], [26.7313, -31.7879], [26.7303, -31.7904], [26.7287, -31.7932], [26.7271, -31.7952], [26.726, -31.7978], [26.726, -31.8002], [26.7267, -31.8023], [26.7285, -31.8059], [26.7295, -31.8074], [26.7312, -31.8085], [26.7382, -31.81], [26.7403, -31.8108], [26.7421, -31.8123], [26.7427, -31.8135], [26.7463, -31.8199], [26.7469, -31.8213], [26.746, -31.824], [26.7457, -31.8256], [26.7458, -31.827], [26.7468, -31.8287], [26.7491, -31.8308], [26.7578, -31.8383], [26.7757, -31.8575], [26.7784, -31.8607], [26.7951, -31.883], [26.7982, -31.8875], [26.7998, -31.8889], [26.8024, -31.89], [26.8101, -31.893], [26.8193, -31.8972], [26.823, -31.8987], [26.8271, -31.8992], [26.8309, -31.8989], [26.8431, -31.896], [26.8534, -31.8916], [26.8569, -31.8913], [26.8597, -31.8917], [26.8634, -31.8931], [26.8761, -31.8977], [26.8786, -31.8989], [26.8871, -31.904], [26.8968, -31.9095], [26.9102, -31.916], [26.9148, -31.9182], [26.9201, -31.9194], [26.923, -31.9208], [26.9523, -31.9352], [26.955, -31.9365], [26.9567, -31.9379], [26.9584, -31.9396], [26.9712, -31.9559], [26.9716, -31.9571], [26.9722, -31.9585], [26.974, -31.9643], [26.9748, -31.966], [26.9796, -31.9729], [26.9808, -31.9748], [26.9828, -31.9769], [26.9982, -31.992], [26.9994, -31.9937], [27.0042, -32.0063], [27.0048, -32.0078], [27.0059, -32.0089], [27.0075, -32.0101], [27.0097, -32.0107], [27.0121, -32.0113], [27.0144, -32.0118], [27.0158, -32.0128], [27.0325, -32.0248], [27.0392, -32.0281], [27.0477, -32.0321], [27.0599, -32.0356], [27.0624, -32.0356], [27.0658, -32.0352], [27.072, -32.0342], [27.0744, -32.0346], [27.0805, -32.036], [27.0824, -32.0372], [27.0866, -32.0405], [27.0969, -32.0485], [27.099, -32.0504], [27.0997, -32.0518], [27.1014, -32.0571], [27.1018, -32.059], [27.1015, -32.0625], [27.103, -32.0674], [27.1073, -32.08], [27.1134, -32.0968], [27.1137, -32.0991], [27.1124, -32.1017], [27.1111, -32.104], [27.1107, -32.1063], [27.1113, -32.1102], [27.1131, -32.1267], [27.1137, -32.1286], [27.117, -32.1396], [27.1179, -32.1412], [27.1219, -32.1473], [27.1226, -32.1498], [27.1226, -32.1525], [27.1214, -32.1559], [27.1188, -32.1618], [27.1127, -32.1765], [27.1123, -32.1801], [27.1121, -32.1833], [27.1116, -32.1938], [27.1114, -32.197], [27.1125, -32.2], [27.1144, -32.2031], [27.1246, -32.2208], [27.1257, -32.2227], [27.1261, -32.2253], [27.1256, -32.2282], [27.1251, -32.2336], [27.125, -32.2357], [27.1256, -32.2387], [27.1268, -32.2407], [27.1295, -32.246], [27.1305, -32.2492], [27.1308, -32.2545], [27.1298, -32.2571], [27.1292, -32.2588], [27.1292, -32.2603], [27.1299, -32.2619], [27.1315, -32.2635], [27.1332, -32.2642], [27.1367, -32.2645], [27.1427, -32.2644], [27.1448, -32.2649], [27.1459, -32.2664], [27.1472, -32.2687], [27.1477, -32.2702], [27.1483, -32.2725], [27.1475, -32.2769], [27.1468, -32.28], [27.1452, -32.2833], [27.1427, -32.2881], [27.1416, -32.2981], [27.1412, -32.3016], [27.1422, -32.3041], [27.1435, -32.3054], [27.1459, -32.3071], [27.1529, -32.3123], [27.1551, -32.314], [27.1565, -32.3157], [27.1578, -32.3182], [27.163, -32.3344], [27.1636, -32.3361], [27.1661, -32.3385], [27.1737, -32.3459], [27.1887, -32.3631], [27.1968, -32.3726], [27.1991, -32.3747], [27.2043, -32.3771], [27.208, -32.3789], [27.2091, -32.3799], [27.2101, -32.3817], [27.2133, -32.3919], [27.215, -32.3962], [27.2159, -32.3975], [27.218, -32.3991], [27.2223, -32.4003], [27.2262, -32.401], [27.2295, -32.4021], [27.2332, -32.4039], [27.24, -32.4078], [27.2433, -32.41], [27.2448, -32.4117], [27.247, -32.4136], [27.2487, -32.414], [27.2546, -32.4144], [27.2579, -32.415], [27.2733, -32.4187], [27.2823, -32.4211], [27.2847, -32.4224], [27.2871, -32.4242], [27.2916, -32.4273], [27.2943, -32.4286], [27.2975, -32.4286], [27.3009, -32.4277], [27.3052, -32.4263], [27.3094, -32.4261], [27.312, -32.4263], [27.3171, -32.4279], [27.3225, -32.4292], [27.3244, -32.4301], [27.3258, -32.4313], [27.3268, -32.4323], [27.3312, -32.443], [27.3322, -32.4449], [27.3337, -32.4465], [27.3356, -32.4477], [27.3419, -32.4505], [27.3537, -32.4559], [27.356, -32.4572], [27.3584, -32.4591], [27.3601, -32.4617], [27.3614, -32.4638], [27.3629, -32.465], [27.3657, -32.466], [27.3682, -32.4659], [27.3713, -32.4649], [27.3748, -32.464], [27.3776, -32.4642], [27.3791, -32.4646], [27.3827, -32.4667], [27.3895, -32.4732], [27.3904, -32.4741], [27.3951, -32.477], [27.3978, -32.4776], [27.3991, -32.4778], [27.4026, -32.4769], [27.4049, -32.4767], [27.4075, -32.476], [27.4102, -32.4756], [27.4122, -32.476], [27.4139, -32.4774], [27.4159, -32.4786], [27.4183, -32.4794], [27.4206, -32.4796], [27.4226, -32.479], [27.4245, -32.479], [27.4285, -32.4808], [27.4297, -32.4815], [27.4313, -32.4838], [27.4332, -32.4875], [27.4342, -32.4892], [27.435, -32.4908], [27.4353, -32.4921], [27.4346, -32.4938], [27.4339, -32.4967], [27.4334, -32.498], [27.4335, -32.4994], [27.4335, -32.5001], [27.4391, -32.5153], [27.4394, -32.5164], [27.4403, -32.5178], [27.4412, -32.5186], [27.4418, -32.5202], [27.4417, -32.5215], [27.4412, -32.5227], [27.441, -32.5245], [27.4416, -32.5258], [27.4439, -32.5279], [27.4446, -32.5287], [27.4447, -32.5296], [27.4447, -32.5309], [27.4441, -32.5325], [27.443, -32.5336], [27.4404, -32.5348], [27.439, -32.5358], [27.4384, -32.5378], [27.4338, -32.5524], [27.4327, -32.5557], [27.4315, -32.5577], [27.4307, -32.5589], [27.4305, -32.5605], [27.4301, -32.5638], [27.4292, -32.5662], [27.4287, -32.5712], [27.4284, -32.5722], [27.4262, -32.5754], [27.4256, -32.5772], [27.426, -32.5793], [27.4273, -32.5809], [27.4388, -32.5948], [27.4422, -32.5973], [27.4599, -32.6072], [27.4614, -32.6082], [27.4699, -32.6148], [27.4714, -32.616], [27.4725, -32.617], [27.4746, -32.6202], [27.4758, -32.6218], [27.4811, -32.6297], [27.4825, -32.6315], [27.484, -32.6332], [27.4859, -32.6348], [27.4896, -32.6367], [27.4962, -32.6401], [27.5025, -32.6421], [27.5089, -32.645], [27.5108, -32.6459], [27.5123, -32.647], [27.5149, -32.6512], [27.5238, -32.6646], [27.5255, -32.6666], [27.5339, -32.6743], [27.5375, -32.6774], [27.5452, -32.6825], [27.5537, -32.6881], [27.558, -32.6907], [27.5617, -32.692], [27.5656, -32.6929], [27.5734, -32.6935], [27.5752, -32.6936], [27.5826, -32.6922], [27.5851, -32.6922], [27.6067, -32.6931], [27.6108, -32.6942], [27.613, -32.6953], [27.6276, -32.7073], [27.6282, -32.7082], [27.634, -32.7201], [27.6417, -32.736], [27.6507, -32.7547], [27.653, -32.757], [27.6563, -32.7588], [27.6588, -32.7594], [27.6615, -32.7595], [27.6668, -32.7591], [27.6713, -32.759], [27.6737, -32.7595], [27.676, -32.7606], [27.6796, -32.7626], [27.6886, -32.7679], [27.7008, -32.775], [27.7049, -32.7768], [27.706, -32.7772], [27.7069, -32.778], [27.7108, -32.7815], [27.7133, -32.7824], [27.7142, -32.7825], [27.7175, -32.7827], [27.7259, -32.7833], [27.7305, -32.7831], [27.7347, -32.7829], [27.7362, -32.7831], [27.7376, -32.7835], [27.7394, -32.7844], [27.7396, -32.7844], [27.7412, -32.7858], [27.7424, -32.7875], [27.7451, -32.7912], [27.7464, -32.7926], [27.7482, -32.7935], [27.7507, -32.7941], [27.7546, -32.795], [27.7572, -32.7957], [27.7597, -32.7967], [27.7616, -32.7977], [27.7642, -32.7995], [27.7767, -32.8096], [27.7795, -32.8125], [27.7843, -32.8183], [27.7859, -32.8202], [27.7875, -32.8233], [27.7894, -32.8254], [27.7921, -32.8272], [27.7947, -32.8279], [27.7982, -32.8287], [27.8003, -32.8298], [27.8024, -32.8309], [27.8038, -32.8312], [27.8056, -32.8309], [27.808, -32.83], [27.8086, -32.8297], [27.8102, -32.8296], [27.8109, -32.8296], [27.8176, -32.8299], [27.8209, -32.8301], [27.8217, -32.8303], [27.8229, -32.8308], [27.8238, -32.8314], [27.8247, -32.8324], [27.8266, -32.8357], [27.828, -32.8374], [27.8301, -32.8388], [27.8322, -32.8395], [27.834, -32.8396], [27.8377, -32.8396], [27.8391, -32.8397], [27.8399, -32.8399], [27.8413, -32.8403], [27.8435, -32.8411], [27.8474, -32.8426], [27.8507, -32.8438], [27.8523, -32.8446], [27.8545, -32.8466], [27.8555, -32.8481], [27.8562, -32.8499], [27.8564, -32.8518], [27.8558, -32.8553], [27.8543, -32.8617], [27.8538, -32.8644], [27.8536, -32.8708], [27.8535, -32.8722], [27.8531, -32.8733], [27.8503, -32.8773], [27.8498, -32.8786], [27.8495, -32.88], [27.8495, -32.8813], [27.8497, -32.8824], [27.8503, -32.8839], [27.8511, -32.8851], [27.8541, -32.8897], [27.8609, -32.8999], [27.8623, -32.9013], [27.864, -32.9022], [27.8676, -32.9032], [27.8712, -32.904], [27.8761, -32.9042], [27.8864, -32.9042], [27.8886, -32.9047], [27.8899, -32.9054], [27.8914, -32.9065], [27.8927, -32.9085], [27.8936, -32.9107], [27.8949, -32.9129], [27.8964, -32.9141], [27.8988, -32.9148], [27.9018, -32.915], [27.9035, -32.9158], [27.9046, -32.917], [27.9076, -32.9251], [27.9088, -32.9278], [27.9092, -32.9291], [27.9094, -32.9305], [27.9094, -32.9331], [27.9088, -32.936], [27.9086, -32.9368], [27.9093, -32.9383], [27.9102, -32.9393], [27.912, -32.9401], [27.9135, -32.9408], [27.9143, -32.9416], [27.915, -32.9431], [27.9154, -32.9445], [27.9166, -32.9455], [27.9184, -32.9464], [27.9197, -32.9472], [27.9201, -32.9495], [27.9171, -32.9522], [27.9154, -32.9532], [27.9137, -32.9546], [27.9135, -32.9555], [27.9137, -32.9564], [27.9156, -32.9584], [27.9187, -32.9609], [27.9203, -32.9646], [27.9205, -32.9661], [27.9195, -32.9682], [27.9189, -32.971], [27.9193, -32.9764], [27.9201, -32.9792], [27.9192, -32.9829], [27.9194, -32.9896], [27.9177, -32.9943], [27.9166, -32.9975], [27.9154, -32.9984], [27.9143, -32.9998], [27.9132, -33.0015], [27.9129, -33.0037], [27.9129, -33.0038], [27.9129, -33.005], [27.915, -33.0109], [27.9154, -33.0117], [27.9151, -33.0125], [27.9165, -33.017], [27.9053, -33.0194], [27.9038, -33.02], [27.9026, -33.0161]]}}, {"type": "Feature", "properties": {"country": "South Africa", "operator": "Telkom South Africa"}, "geometry": {"type": "LineString", "coordinates": [[20.491, -34.0167], [20.5773, -34.0579], [20.6254, -34.0812], [20.6886, -34.0807], [20.7574, -34.0973], [20.8178, -34.091], [20.8922, -34.086], [20.9622, -34.0831], [20.9855, -34.0822], [21.0741, -34.0804], [21.1842, -34.0834], [21.2728, -34.0795], [21.3035, -34.0839], [21.3536, -34.0991], [21.414, -34.1293], [21.4996, -34.1487], [21.569, -34.1688], [21.649, -34.2019], [21.7, -34.2229], [21.7361, -34.2329], [21.7675, -34.243], [21.8202, -34.2542]]}}, {"type": "Feature", "properties": {"country": "South Africa", "operator": "Telkom South Africa"}, "geometry": {"type": "LineString", "coordinates": [[18.6016, -33.9096], [18.719, -33.8073], [18.7466, -33.7088], [18.7409, -33.6067], [18.6918, -33.4105], [18.6719, -33.3162], [18.6804, -33.2296], [18.7025, -33.0957], [18.7158, -33.0208], [18.7727, -32.933], [18.7849, -32.9023], [18.8452, -32.835], [18.8771, -32.7679], [18.9229, -32.6848], [19.0622, -32.609]]}}, {"type": "Feature", "properties": {"country": "South Africa", "operator": "Telkom South Africa"}, "geometry": {"type": "LineString", "coordinates": [[18.6091, -33.9108], [18.5852, -33.8778], [18.5747, -33.8474], [18.561, -33.8253], [18.5537, -33.7893], [18.5333, -33.7646], [18.516, -33.7259], [18.509, -33.7065], [18.512, -33.6871], [18.505, -33.6649], [18.5348, -33.648], [18.5511, -33.6228], [18.5607, -33.6005], [18.5704, -33.581], [18.5936, -33.5724], [18.6201, -33.5582], [18.6431, -33.5386], [18.6658, -33.505], [18.6752, -33.4743], [18.6847, -33.4465], [18.691, -33.4214]]}}, {"type": "Feature", "properties": {"country": "South Africa", "operator": "Telkom South Africa"}, "geometry": {"type": "LineString", "coordinates": [[18.6091, -33.908], [18.6726, -33.9045], [18.7091, -33.8847], [18.7555, -33.8619], [18.7986, -33.8447], [18.848, -33.808], [18.9274, -33.7681], [18.9569, -33.7427], [18.9929, -33.7117], [18.9823, -33.6841], [18.9617, -33.6538], [18.9242, -33.6127], [18.9004, -33.5853], [18.8798, -33.555], [18.8244, -33.5001], [18.7871, -33.4786], [18.7631, -33.4634], [18.7364, -33.4483], [18.7017, -33.4245], [18.7204, -33.4353], [18.707, -33.4266], [18.6964, -33.4201], [18.6937, -33.4201]]}}, {"type": "Feature", "properties": {"country": "South Africa", "operator": "Telkom South Africa"}, "geometry": {"type": "LineString", "coordinates": [[18.6093, -33.9071], [18.6178, -33.9444], [18.6474, -33.9682], [18.6713, -33.9723], [18.7274, -33.9936], [18.7728, -34.0063], [18.8394, -34.0206], [18.8959, -34.0569], [18.9788, -34.0928], [18.9868, -34.097], [19.0644, -34.1249], [19.0912, -34.1334], [19.1019, -34.1399], [19.11, -34.1421], [19.1154, -34.1442], [19.2496, -34.1931], [19.4813, -34.198]]}}, {"type": "Feature", "properties": {"country": "South Africa", "operator": "Telkom South Africa"}, "geometry": {"type": "LineString", "coordinates": [[18.9932, -33.7031], [19.3444, -33.6997], [19.4101, -33.681], [19.4574, -33.6691], [19.4998, -33.6683], [19.5869, -33.6667]]}}, {"type": "Feature", "properties": {"country": "South Africa", "operator": "Telkom South Africa"}, "geometry": {"type": "LineString", "coordinates": [[19.5895, -33.6644], [19.5203, -33.646], [19.4534, -33.6186], [19.4023, -33.5844], [19.3405, -33.5438], [19.3026, -33.505], [19.2591, -33.4509], [19.2343, -33.3983], [19.2098, -33.3636], [19.1932, -33.3242], [19.1767, -33.2891], [19.1655, -33.2606], [19.1573, -33.243], [19.1517, -33.2277]]}}, {"type": "Feature", "properties": {"country": "South Africa", "operator": "Telkom South Africa"}, "geometry": {"type": "LineString", "coordinates": [[19.0763, -34.1253], [19.1198, -34.0737], [19.154, -34.041], [19.2078, -34.0185], [19.2712, -33.9957], [19.3373, -33.9595], [19.4029, -33.9048], [19.5289, -33.7821], [19.5819, -33.6666]]}}, {"type": "Feature", "properties": {"country": "South Africa", "operator": "Telkom South Africa"}, "geometry": {"type": "LineString", "coordinates": [[19.2481, -34.1924], [19.1915, -34.3428], [19.2671, -34.3781], [19.2965, -34.388], [19.3484, -34.3893], [19.4006, -34.4039], [19.4429, -34.4108], [19.4914, -34.4094], [19.4925, -34.3509], [19.4777, -34.2981], [19.4668, -34.2612], [19.4625, -34.2321], [19.4652, -34.2161], [19.4743, -34.1999]]}}, {"type": "Feature", "properties": {"country": "South Africa", "operator": "Telkom South Africa"}, "geometry": {"type": "LineString", "coordinates": [[19.4822, -34.1985], [19.5544, -34.2364], [19.617, -34.2692], [19.6894, -34.307], [19.7617, -34.3421], [19.831, -34.3852], [19.894, -34.4312], [19.9406, -34.4697], [20.0054, -34.4784], [20.0707, -34.4976], [20.0933, -34.4996], [20.1567, -34.4763], [20.1974, -34.4511], [20.2537, -34.4175], [20.3194, -34.3781], [20.3604, -34.3609], [20.3983, -34.3463], [20.4328, -34.3292], [20.49, -34.3166], [20.5189, -34.3156], [20.5633, -34.3035], [20.5916, -34.2919], [20.6034, -34.2702], [20.6057, -34.2542]]}}, {"type": "Feature", "properties": {"country": "South Africa", "operator": "Telkom South Africa"}, "geometry": {"type": "LineString", "coordinates": [[19.5876, -33.662], [19.6329, -33.6864], [19.6625, -33.7], [19.7229, -33.7191], [19.7679, -33.7368], [19.8187, -33.756], [19.8712, -33.7704], [19.9105, -33.7869], [19.9492, -33.7954], [19.9879, -33.8023], [20.0285, -33.8105], [20.0808, -33.8165]]}}, {"type": "Feature", "properties": {"country": "South Africa", "operator": "Telkom South Africa"}, "geometry": {"type": "LineString", "coordinates": [[19.4813, -34.1971], [19.5373, -34.1954], [19.5871, -34.1891], [19.6141, -34.1883], [19.658, -34.1758], [19.6904, -34.1652], [19.7266, -34.1544], [19.761, -34.147], [19.7933, -34.1364], [19.8143, -34.1309], [19.8835, -34.1302], [19.9641, -34.1292], [20.0371, -34.1283], [20.1043, -34.126], [20.1622, -34.1304], [20.218, -34.13], [20.2564, -34.1286], [20.2886, -34.1195], [20.3025, -34.1187], [20.3475, -34.1062], [20.386, -34.1064], [20.4084, -34.0944], [20.4229, -34.078], [20.4337, -34.0648], [20.4501, -34.0499], [20.4668, -34.0397], [20.4815, -34.028], [20.4888, -34.0214]]}}, {"type": "Feature", "properties": {"country": "South Africa", "operator": "Telkom South Africa"}, "geometry": {"type": "LineString", "coordinates": [[20.0801, -33.815], [20.0922, -33.8363], [20.1123, -33.8682], [20.1278, -33.8986], [20.1498, -33.9191], [20.1736, -33.928], [20.2208, -33.9398], [20.2562, -33.9483], [20.3036, -33.9621], [20.3439, -33.9761], [20.3843, -33.9901], [20.4176, -34.0024], [20.446, -34.009], [20.4885, -34.0171]]}}, {"type": "Feature", "properties": {"country": "South Africa", "operator": "Telkom South Africa"}, "geometry": {"type": "LineString", "coordinates": [[20.4917, -34.0168], [20.5145, -34.0082], [20.5443, -33.9974], [20.5693, -33.9848], [20.6066, -33.9834], [20.6322, -33.9824], [20.6647, -33.9792], [20.6897, -33.9666], [20.7092, -33.9408], [20.7406, -33.9183], [20.7484, -33.8929], [20.7522, -33.8773]]}}, {"type": "Feature", "properties": {"country": "South Africa", "operator": "Telkom South Africa"}, "geometry": {"type": "LineString", "coordinates": [[20.0846, -33.8129], [20.123, -33.7884], [20.1524, -33.7738], [20.1656, -33.756], [20.1768, -33.7459], [20.2119, -33.7618], [20.2527, -33.7798], [20.3053, -33.8013], [20.3502, -33.8094], [20.4144, -33.8304], [20.4731, -33.8417], [20.5226, -33.8514], [20.5249, -33.8513], [20.5649, -33.8575], [20.6354, -33.8721], [20.6679, -33.869], [20.7102, -33.877], [20.7522, -33.8773]]}}, {"type": "Feature", "properties": {"country": "South Africa", "operator": "Telkom South Africa"}, "geometry": {"type": "LineString", "coordinates": [[20.9968, -34.0817], [20.9802, -34.1192], [20.9632, -34.1471], [20.9423, -34.1886], [20.9255, -34.2222], [20.9129, -34.246], [20.8937, -34.2778], [20.8751, -34.3213], [20.8695, -34.3467]]}}, {"type": "Feature", "properties": {"country": "South Africa", "operator": "Telkom South Africa"}, "geometry": {"type": "LineString", "coordinates": [[20.7564, -33.8789], [20.8383, -33.8797], [20.8732, -33.8783], [20.8939, -33.8755], [20.946, -33.8539], [21.0047, -33.8281], [21.0816, -33.792], [21.1774, -33.7607], [21.25, -33.7303], [21.3063, -33.7006], [21.337, -33.6721], [21.3633, -33.6477], [21.3754, -33.6202], [21.399, -33.5923], [21.4287, -33.5527], [21.4494, -33.5193], [21.4678, -33.4839]]}}, {"type": "Feature", "properties": {"country": "South Africa", "operator": "Telkom South Africa"}, "geometry": {"type": "LineString", "coordinates": [[18.5639, -33.582], [18.5278, -33.5538], [18.5059, -33.5291], [18.4795, -33.5085], [18.4535, -33.4995], [18.4156, -33.4849], [18.3918, -33.4739], [18.3604, -33.4456], [18.3318, -33.4288], [18.3148, -33.4079], [18.3025, -33.3907], [18.2451, -33.3532], [18.2398, -33.3339], [18.2415, -33.3164], [18.2385, -33.297]]}}, {"type": "Feature", "properties": {"country": "South Africa", "operator": "Telkom South Africa"}, "geometry": {"type": "LineString", "coordinates": [[18.243, -33.2911], [18.2832, -33.3056], [18.3261, -33.3337], [18.3685, -33.3462], [18.4136, -33.3684], [18.4397, -33.3813], [18.4849, -33.4054], [18.5179, -33.4162], [18.5506, -33.4192], [18.5903, -33.422], [18.6158, -33.4174], [18.6532, -33.4221], [18.6927, -33.421]]}}, {"type": "Feature", "properties": {"country": "South Africa", "operator": "Telkom South Africa"}, "geometry": {"type": "LineString", "coordinates": [[18.2454, -33.2949], [18.2239, -33.2799], [18.2042, -33.2512], [18.1988, -33.2299], [18.1934, -33.2067], [18.1924, -33.1795], [18.1847, -33.1621], [18.1768, -33.1351], [18.1597, -33.116], [18.1431, -33.1086], [18.0908, -33.0805]]}}, {"type": "Feature", "properties": {"country": "South Africa", "operator": "Telkom South Africa"}, "geometry": {"type": "LineString", "coordinates": [[18.6972, -33.417], [18.7811, -33.4204], [18.8626, -33.4239], [18.9021, -33.4227], [18.9342, -33.4101], [18.9454, -33.4001]]}}, {"type": "Feature", "properties": {"country": "South Africa", "operator": "Telkom South Africa"}, "geometry": {"type": "LineString", "coordinates": [[18.6901, -33.1861], [18.7347, -33.1984], [18.7727, -33.2187], [18.8015, -33.2412], [18.8397, -33.2653], [18.8736, -33.2974], [18.9004, -33.3276], [18.9276, -33.3657], [18.9429, -33.3963]]}}, {"type": "Feature", "properties": {"country": "South Africa", "operator": "Telkom South Africa"}, "geometry": {"type": "LineString", "coordinates": [[18.0352, -32.8926], [18.0822, -32.9033], [18.1173, -32.9103], [18.1481, -32.9233], [18.1882, -32.9381], [18.2314, -32.9741], [18.2837, -33.0041], [18.3291, -33.0381], [18.3788, -33.0641], [18.4076, -33.0867], [18.4501, -33.105], [18.5065, -33.123], [18.5558, -33.1373], [18.6104, -33.165], [18.6646, -33.1868], [18.6855, -33.1862]]}}, {"type": "Feature", "properties": {"country": "South Africa", "operator": "Telkom South Africa"}, "geometry": {"type": "LineString", "coordinates": [[18.2179, -32.788], [18.2856, -32.8], [18.3694, -32.8096], [18.4466, -32.829], [18.5331, -32.8501], [18.5798, -32.8624], [18.6433, -32.8879], [18.6785, -32.8986], [18.7155, -32.8995], [18.7385, -32.8969], [18.7732, -32.8959], [18.7939, -32.8933]]}}, {"type": "Feature", "properties": {"country": "South Africa", "operator": "Telkom South Africa"}, "geometry": {"type": "LineString", "coordinates": [[19.0597, -32.6128], [19.0865, -32.6403], [19.1376, -32.7024], [19.1726, -32.7441], [19.2207, -32.789], [19.2753, -32.8644], [19.3631, -32.9945], [19.3574, -33.0355], [19.3633, -33.106], [19.3554, -33.1556], [19.357, -33.3424], [19.3221, -33.363], [19.2314, -33.4006]]}}, {"type": "Feature", "properties": {"country": "South Africa", "operator": "Telkom South Africa"}, "geometry": {"type": "LineString", "coordinates": [[18.7964, -32.897], [18.8303, -32.9329], [18.8752, -32.9549], [18.9085, -32.9753], [18.9414, -32.9841], [18.9718, -32.9909], [18.9974, -32.9922], [19.0323, -32.9951], [19.0379, -33.0687], [19.0305, -33.1115], [19.0475, -33.1788], [19.0534, -33.2117], [19.0688, -33.2987], [19.1128, -33.2934], [19.1308, -33.2811], [19.1412, -33.2556], [19.1565, -33.2337]]}}, {"type": "Feature", "properties": {"country": "South Africa", "operator": "Telkom South Africa"}, "geometry": {"type": "LineString", "coordinates": [[20.4518, -32.632], [20.4758, -32.7254], [20.4932, -32.8132], [20.5171, -32.8768], [20.5354, -32.9254], [20.5704, -32.9948], [20.5944, -33.0496], [20.6147, -33.0831], [20.6176, -33.1281], [20.6202, -33.2097]]}}, {"type": "Feature", "properties": {"country": "South Africa", "operator": "Telkom South Africa"}, "geometry": {"type": "LineString", "coordinates": [[18.5184, -32.3573], [18.5324, -32.5033], [18.5322, -32.5784], [18.5394, -32.6353], [18.5407, -32.6603], [18.6038, -32.7705], [18.634, -32.8194], [18.6655, -32.8915]]}}, {"type": "Feature", "properties": {"country": "South Africa", "operator": "Telkom South Africa"}, "geometry": {"type": "LineString", "coordinates": [[18.3927, -32.3062], [18.5208, -32.3608]]}}, {"type": "Feature", "properties": {"country": "South Africa", "operator": "Telkom South Africa"}, "geometry": {"type": "LineString", "coordinates": [[20.621, -33.207], [20.6344, -33.2044], [20.6755, -33.208], [20.7161, -33.2059], [20.7539, -33.1945], [20.7877, -33.1908], [20.8491, -33.1933], [20.8989, -33.1925], [20.9582, -33.1931], [21.0741, -33.1943], [21.1943, -33.1933], [21.6496, -33.1959], [21.7855, -33.1935], [21.855, -33.1836], [21.8889, -33.1816], [22.0131, -33.1777]]}}, {"type": "Feature", "properties": {"country": "South Africa", "operator": "Telkom South Africa"}, "geometry": {"type": "LineString", "coordinates": [[20.9173, -33.1346], [20.8809, -33.1935]]}}, {"type": "Feature", "properties": {"country": "South Africa", "operator": "Telkom South Africa"}, "geometry": {"type": "LineString", "coordinates": [[18.3974, -32.3044], [18.3945, -32.2513], [18.3905, -32.2079], [18.3845, -32.1632], [18.3651, -32.0967], [18.3632, -32.0759], [18.3531, -32.0282], [18.3525, -31.9799], [18.3334, -31.9167], [18.3211, -31.8853], [18.2928, -31.8243], [18.2927, -31.8018], [18.2933, -31.7679], [18.2933, -31.726], [18.3051, -31.6898], [18.3157, -31.6617], [18.3284, -31.635], [18.3504, -31.6062], [18.3669, -31.5793], [18.3914, -31.5583]]}}, {"type": "Feature", "properties": {"country": "South Africa", "operator": "Telkom South Africa"}, "geometry": {"type": "LineString", "coordinates": [[18.3889, -31.5101], [18.3914, -31.5583]]}}, {"type": "Feature", "properties": {"country": "South Africa", "operator": "Telkom South Africa"}, "geometry": {"type": "LineString", "coordinates": [[18.3936, -31.5614], [18.4368, -31.5585], [18.4665, -31.5726], [18.4898, -31.5791], [18.5158, -31.5935], [18.5396, -31.6048], [18.5683, -31.6287], [18.5902, -31.6595], [18.61, -31.6888], [18.6291, -31.7309], [18.6713, -31.7957], [18.7042, -31.8418], [18.7706, -31.9224], [18.817, -31.9706], [18.8628, -32.0317], [18.8933, -32.073], [18.9177, -32.1082], [18.9205, -32.1369], [18.9269, -32.1638]]}}, {"type": "Feature", "properties": {"country": "South Africa", "operator": "Telkom South Africa"}, "geometry": {"type": "LineString", "coordinates": [[18.9304, -32.1604], [18.9413, -32.2127], [18.95, -32.2619], [18.9645, -32.293], [18.9859, -32.3365], [19.0022, -32.3853], [19.0239, -32.4321], [19.0353, -32.4521], [19.0417, -32.4967], [19.0608, -32.6109]]}}, {"type": "Feature", "properties": {"country": "South Africa", "operator": "Telkom South Africa"}, "geometry": {"type": "LineString", "coordinates": [[18.5946, -31.6664], [18.7256, -31.6265], [18.7224, -31.6221], [18.7721, -31.5974], [18.8388, -31.5761], [18.9078, -31.5499], [18.9395, -31.5127], [19.0102, -31.4561], [19.0452, -31.4232], [19.0932, -31.3846], [19.1545, -31.3707]]}}, {"type": "Feature", "properties": {"country": "South Africa", "operator": "Telkom South Africa"}, "geometry": {"type": "LineString", "coordinates": [[19.1548, -31.373], [19.1665, -31.3278], [19.1923, -31.2863], [19.2224, -31.2351], [19.2575, -31.2068], [19.2993, -31.164], [19.3496, -31.0997], [19.3935, -31.052], [19.4198, -31.0174], [19.4516, -30.9846], [19.4746, -30.9455]]}}, {"type": "Feature", "properties": {"country": "South Africa", "operator": "Telkom South Africa"}, "geometry": {"type": "LineString", "coordinates": [[19.1548, -31.373], [19.1811, -31.3896], [19.2329, -31.4136], [19.269, -31.4202], [19.314, -31.433], [19.39, -31.455], [19.4429, -31.4649], [19.5157, -31.4569], [19.5292, -31.4558], [19.6057, -31.4568], [19.6632, -31.4592], [19.7211, -31.4639], [19.777, -31.4757], [19.8013, -31.4737]]}}, {"type": "Feature", "properties": {"country": "South Africa", "operator": "Telkom South Africa"}, "geometry": {"type": "LineString", "coordinates": [[17.9563, -30.3755], [17.9706, -30.4098], [17.992, -30.4342], [18.0167, -30.4935], [18.0377, -30.5781], [18.0458, -30.6404], [18.0748, -30.7246], [18.1166, -30.7941], [18.1537, -30.8687], [18.2003, -30.9285], [18.2619, -31.0036], [18.3166, -31.0628], [18.3655, -31.12], [18.4014, -31.1548], [18.4462, -31.196], [18.5087, -31.2499], [18.5786, -31.2963], [18.639, -31.355], [18.6878, -31.4076], [18.7207, -31.4356], [18.737, -31.4625], [18.7539, -31.522], [18.7622, -31.6057]]}}, {"type": "Feature", "properties": {"country": "South Africa", "operator": "Telkom South Africa"}, "geometry": {"type": "LineString", "coordinates": [[22.0173, -33.1786], [22.0194, -33.1144], [22.0223, -33.0562], [22.0293, -33.0281], [22.0391, -32.9936], [22.0564, -32.9615], [22.0752, -32.9139], [22.0885, -32.8791], [22.0902, -32.8393], [22.0864, -32.8123], [22.0835, -32.7913]]}}, {"type": "Feature", "properties": {"country": "South Africa", "operator": "Telkom South Africa"}, "geometry": {"type": "LineString", "coordinates": [[22.0843, -32.7973], [22.1328, -32.7803], [22.1705, -32.7644], [22.2131, -32.7328], [22.2554, -32.6981], [22.2931, -32.6578], [22.3151, -32.6343], [22.343, -32.6011], [22.3578, -32.5783], [22.3848, -32.5391], [22.4192, -32.5022], [22.4608, -32.4645], [22.5094, -32.4262], [22.5615, -32.3873], [22.61, -32.3488], [22.6597, -32.3193], [22.7126, -32.2864], [22.7454, -32.2646], [22.8209, -32.214], [22.8821, -32.1649], [22.9641, -32.1103], [23.0142, -32.0591], [23.038, -32.026], [23.0588, -31.9719], [23.0667, -31.9465], [23.1108, -31.8712]]}}, {"type": "Feature", "properties": {"country": "South Africa", "operator": "Telkom South Africa"}, "geometry": {"type": "LineString", "coordinates": [[22.2517, -33.5799], [22.2789, -33.6168], [22.3092, -33.6504], [22.3367, -33.6904], [22.3551, -33.719], [22.3664, -33.7455], [22.4237, -33.8651], [22.4461, -33.8934], [22.4779, -33.9362]]}}, {"type": "Feature", "properties": {"country": "South Africa", "operator": "Telkom South Africa"}, "geometry": {"type": "LineString", "coordinates": [[21.464, -33.4801], [21.562, -33.5044], [21.6139, -33.5117], [21.6695, -33.5187], [21.7568, -33.5165], [21.8375, -33.521], [21.8703, -33.5209], [21.9147, -33.5257], [21.9563, -33.5369], [22.0172, -33.5554], [22.0586, -33.5635], [22.1111, -33.5737], [22.2025, -33.5739], [22.252, -33.5813]]}}, {"type": "Feature", "properties": {"country": "South Africa", "operator": "Telkom South Africa"}, "geometry": {"type": "LineString", "coordinates": [[21.8144, -34.2539], [21.8728, -34.2367], [21.9149, -34.2205], [21.9747, -34.1995], [22.0062, -34.1874], [22.0697, -34.178]]}}, {"type": "Feature", "properties": {"country": "South Africa", "operator": "Telkom South Africa"}, "geometry": {"type": "LineString", "coordinates": [[22.0681, -34.1814], [22.0828, -34.1556], [22.1053, -34.1321], [22.125, -34.1091]]}}, {"type": "Feature", "properties": {"country": "South Africa", "operator": "Telkom South Africa"}, "geometry": {"type": "LineString", "coordinates": [[22.1245, -34.1119], [22.1167, -34.0822], [22.0913, -34.0328], [22.088, -34.0087], [22.1249, -33.9838], [22.1533, -33.9505], [22.1915, -33.9346], [22.2557, -33.9466], [22.2956, -33.9427], [22.3318, -33.9391], [22.3835, -33.9402], [22.4387, -33.9408], [22.4741, -33.9311]]}}, {"type": "Feature", "properties": {"country": "South Africa", "operator": "Telkom South Africa"}, "geometry": {"type": "LineString", "coordinates": [[22.2534, -33.5791], [22.2973, -33.5778], [22.3732, -33.5702], [22.4237, -33.5652], [22.4662, -33.5548], [22.4961, -33.5335], [22.5471, -33.5071], [22.5809, -33.4885], [22.6303, -33.4773], [22.7084, -33.4876], [22.796, -33.4877], [22.8782, -33.5005], [22.9317, -33.5163], [22.9866, -33.541], [23.0352, -33.5725], [23.096, -33.6117], [23.1703, -33.6434]]}}, {"type": "Feature", "properties": {"country": "South Africa", "operator": "Telkom South Africa"}, "geometry": {"type": "LineString", "coordinates": [[22.4674, -33.9271], [22.5206, -33.9325], [22.5415, -33.9378], [22.5883, -33.9348], [22.6228, -33.9405], [22.6295, -33.9466], [22.6404, -33.9668], [22.6571, -33.9753], [22.6969, -33.9712], [22.7515, -33.9834], [22.8269, -33.9883], [22.8805, -33.9929], [22.9605, -34.0075], [22.9831, -34.0128], [23.0435, -34.0218], [23.0931, -34.0215], [23.1501, -34.0282], [23.2082, -34.0425], [23.2824, -34.0601], [23.3227, -34.0788]]}}, {"type": "Feature", "properties": {"country": "South Africa", "operator": "Telkom South Africa"}, "geometry": {"type": "LineString", "coordinates": [[23.3292, -34.0807], [23.3422, -34.0458], [23.363, -34.0203], [23.3819, -34.0028], [23.416, -33.9836], [23.4642, -33.9551], [23.5109, -33.919], [23.534, -33.9087]]}}, {"type": "Feature", "properties": {"country": "South Africa", "operator": "Telkom South Africa"}, "geometry": {"type": "LineString", "coordinates": [[23.1739, -33.6434], [23.2339, -33.6704], [23.2895, -33.69], [23.3404, -33.6997], [23.3844, -33.705], [23.4532, -33.7103], [23.4821, -33.7174], [23.5438, -33.7362], [23.6306, -33.7572], [23.7011, -33.7722], [23.7862, -33.8009], [23.8499, -33.8115], [23.9591, -33.817], [23.9622, -33.8166], [24.0212, -33.8175], [24.0372, -33.8207], [24.1832, -33.8215], [24.2864, -33.8274], [24.3112, -33.827], [24.3395, -33.8288], [24.3952, -33.8453], [24.4722, -33.8565], [24.5785, -33.8772], [24.6509, -33.8994], [24.7351, -33.9149], [24.7869, -33.924]]}}, {"type": "Feature", "properties": {"country": "South Africa", "operator": "Telkom South Africa"}, "geometry": {"type": "LineString", "coordinates": [[23.5186, -33.9057], [23.5658, -33.9287], [23.636, -33.9413], [23.6817, -33.9362], [23.7205, -33.9268], [23.7736, -33.9285], [23.8365, -33.9342], [23.9303, -33.9569], [24.0028, -33.9819], [24.0928, -33.9995], [24.1807, -34.0047], [24.2887, -34.0178], [24.3667, -34.0188], [24.4582, -34.0259], [24.5431, -34.0312], [24.6049, -34.029], [24.6741, -34.0308], [24.7525, -34.0315], [24.8108, -34.0243]]}}, {"type": "Feature", "properties": {"country": "South Africa", "operator": "Telkom South Africa"}, "geometry": {"type": "LineString", "coordinates": [[24.7886, -33.9186], [24.8087, -33.9781], [24.8146, -34.0109], [24.8051, -34.0276]]}}, {"type": "Feature", "properties": {"country": "South Africa", "operator": "Telkom South Africa"}, "geometry": {"type": "LineString", "coordinates": [[24.7899, -33.9214], [24.838, -33.8948], [24.8704, -33.8676], [24.9063, -33.8425], [24.9252, -33.8092], [24.9034, -33.7913], [24.8816, -33.7731], [24.8654, -33.7517], [24.8417, -33.724], [24.8381, -33.704]]}}, {"type": "Feature", "properties": {"country": "South Africa", "operator": "Telkom South Africa"}, "geometry": {"type": "LineString", "coordinates": [[24.9252, -33.8092], [24.9749, -33.8261], [25.071, -33.8426], [25.1393, -33.8416], [25.2002, -33.8337], [25.2707, -33.8272], [25.3155, -33.8163], [25.3753, -33.7852], [25.4021, -33.761], [25.4262, -33.7398], [25.4311, -33.7159], [25.4417, -33.6886], [25.4515, -33.6743]]}}, {"type": "Feature", "properties": {"country": "South Africa", "operator": "Telkom South Africa"}, "geometry": {"type": "LineString", "coordinates": [[25.4541, -33.6714], [25.4482, -33.724], [25.4254, -33.7865], [25.4286, -33.8379], [25.4481, -33.8769], [25.4753, -33.8889], [25.5142, -33.8968], [25.5462, -33.9003], [25.5731, -33.9066]]}}, {"type": "Feature", "properties": {"country": "South Africa", "operator": "Telkom South Africa"}, "geometry": {"type": "LineString", "coordinates": [[25.5849, -33.9055], [25.5679, -33.9156], [25.5877, -33.887], [25.6049, -33.8614], [25.6216, -33.8333], [25.6605, -33.7891], [25.692, -33.7564], [25.7493, -33.728], [25.7892, -33.7071], [25.8352, -33.6854], [25.8623, -33.6791]]}}, {"type": "Feature", "properties": {"country": "South Africa", "operator": "Telkom South Africa"}, "geometry": {"type": "LineString", "coordinates": [[25.455, -33.6765], [25.4914, -33.7174], [25.5225, -33.7375], [25.5472, -33.7524], [25.5706, -33.7778], [25.5938, -33.8188], [25.6116, -33.8489]]}}, {"type": "Feature", "properties": {"country": "South Africa", "operator": "Telkom South Africa"}, "geometry": {"type": "LineString", "coordinates": [[25.4948, -33.3926], [25.4934, -33.3817], [25.4931, -33.3715], [25.493, -33.3565]]}}, {"type": "Feature", "properties": {"country": "South Africa", "operator": "Telkom South Africa"}, "geometry": {"type": "LineString", "coordinates": [[17.9685, -30.3838], [17.9642, -30.3172], [17.9839, -30.2545], [17.9802, -30.1982], [17.9767, -30.147], [17.9677, -30.1013], [17.9768, -30.0597], [17.9855, -30.0131], [17.9765, -29.9674], [17.9549, -29.912], [17.933, -29.8515], [17.9174, -29.7958], [17.9146, -29.7549], [17.9119, -29.7139], [17.9195, -29.652], [17.9099, -29.596], [17.8943, -29.5403], [17.8793, -29.4947], [17.8518, -29.4394], [17.8291, -29.3684], [17.7839, -29.3139], [17.7499, -29.2486]]}}, {"type": "Feature", "properties": {"country": "South Africa", "operator": "Telkom South Africa"}, "geometry": {"type": "LineString", "coordinates": [[17.7573, -29.256], [17.7922, -29.2368], [17.8034, -29.2102], [17.8142, -29.178], [17.8139, -29.1751], [17.8238, -29.1314], [17.8155, -29.1088], [17.8029, -29.0721], [17.7809, -29.0417], [17.7621, -29.0111], [17.7469, -28.9832], [17.7314, -28.9524], [17.7192, -28.9214], [17.7071, -28.8904], [17.7004, -28.8447], [17.6919, -28.8193], [17.6826, -28.7823], [17.7117, -28.7749], [17.7294, -28.748], [17.7268, -28.7135], [17.7226, -28.6561], [17.7194, -28.613]]}}, {"type": "Feature", "properties": {"country": "South Africa", "operator": "Telkom South Africa"}, "geometry": {"type": "LineString", "coordinates": [[16.5204, -28.386], [16.5263, -28.4263], [16.534, -28.4927], [16.5401, -28.5359], [16.5461, -28.5762], [16.5128, -28.627], [16.5393, -28.6258], [16.5537, -28.6426], [16.5845, -28.6557], [16.6086, -28.6691], [16.6232, -28.6887], [16.6732, -28.7415], [16.7209, -28.8087], [16.7553, -28.8793], [16.7994, -28.9437], [16.8462, -29.0511], [16.8894, -29.1529], [16.9178, -29.2323], [16.9402, -29.2687], [16.9752, -29.2958], [16.9789, -29.3014], [17.0234, -29.3713], [17.0502, -29.4248], [17.0891, -29.5093], [17.1113, -29.5919], [17.1145, -29.6901]]}}, {"type": "Feature", "properties": {"country": "South Africa", "operator": "Telkom South Africa"}, "geometry": {"type": "LineString", "coordinates": [[17.1188, -29.698], [17.1608, -29.6785], [17.233, -29.6632], [17.2928, -29.6601], [17.3466, -29.6688], [17.3945, -29.6865], [17.4044, -29.6859], [17.4487, -29.7008], [17.5375, -29.7335], [17.6235, -29.7748], [17.7393, -29.8144], [17.8062, -29.8221], [17.8978, -29.8053], [18.0002, -29.7562], [18.1151, -29.7005], [18.2257, -29.6335], [18.3171, -29.5762], [18.4431, -29.4935], [18.5121, -29.4429], [18.6138, -29.3874], [18.687, -29.348], [18.7511, -29.3177], [18.8183, -29.2873], [18.8959, -29.2619], [18.9774, -29.2449], [19.0752, -29.2179], [19.186, -29.187], [19.2817, -29.1715], [19.3733, -29.1446], [19.4124, -29.1301]]}}, {"type": "Feature", "properties": {"country": "South Africa", "operator": "Telkom South Africa"}, "geometry": {"type": "LineString", "coordinates": [[19.2159, -29.0294], [19.2335, -29.0402], [19.2617, -29.0454], [19.2818, -29.0536], [19.2972, -29.0693], [19.3043, -29.0856], [19.3173, -29.1062], [19.329, -29.1126], [19.3488, -29.1184], [19.3746, -29.1285], [19.4026, -29.1337]]}}, {"type": "Feature", "properties": {"country": "South Africa", "operator": "Telkom South Africa"}, "geometry": {"type": "LineString", "coordinates": [[19.4163, -29.1327], [19.4201, -29.0871], [19.4192, -29.0513], [19.4181, -29.013], [19.4098, -28.9585], [19.4023, -28.9111], [19.3995, -28.8825], [19.414, -28.8624], [19.441, -28.8294], [19.4731, -28.7936], [19.5016, -28.7507], [19.5158, -28.7281], [19.5382, -28.6785], [19.5844, -28.6465], [19.6181, -28.6274], [19.6781, -28.5969], [19.7374, -28.5614], [19.809, -28.5418]]}}, {"type": "Feature", "properties": {"country": "South Africa", "operator": "Telkom South Africa"}, "geometry": {"type": "LineString", "coordinates": [[19.8009, -28.5399], [19.8627, -28.557], [19.8787, -28.5534], [19.9271, -28.5451], [19.9377, -28.5419], [19.9931, -28.5234], [20.0384, -28.5129], [20.0706, -28.508], [20.1274, -28.5038], [20.1517, -28.5019], [20.1876, -28.5064]]}}, {"type": "Feature", "properties": {"country": "South Africa", "operator": "Telkom South Africa"}, "geometry": {"type": "LineString", "coordinates": [[19.4194, -29.1341], [19.4031, -29.1377], [19.4412, -29.1302], [19.4739, -29.1255], [19.5115, -29.118], [19.5904, -29.1028], [19.6385, -29.0898], [19.6949, -29.0761], [19.7725, -29.0537], [19.8547, -29.0238], [19.9201, -28.9927], [19.9793, -28.9548], [20.0186, -28.9376], [20.0734, -28.9119], [20.118, -28.8942], [20.1819, -28.8797], [20.2666, -28.8804], [20.3315, -28.8753], [20.3851, -28.8663], [20.4728, -28.845], [20.5435, -28.8179], [20.5752, -28.8081], [20.6253, -28.7922]]}}, {"type": "Feature", "properties": {"country": "South Africa", "operator": "Telkom South Africa"}, "geometry": {"type": "LineString", "coordinates": [[20.1864, -28.5016], [20.2196, -28.5326], [20.2376, -28.5479], [20.259, -28.5702], [20.2859, -28.5921], [20.3153, -28.6137], [20.3418, -28.6331], [20.3595, -28.6461], [20.3913, -28.6628], [20.4233, -28.6818], [20.4587, -28.7077], [20.4888, -28.734], [20.5197, -28.7434], [20.5573, -28.7643], [20.5995, -28.7776], [20.6172, -28.7905]]}}, {"type": "Feature", "properties": {"country": "South Africa", "operator": "Telkom South Africa"}, "geometry": {"type": "LineString", "coordinates": [[20.6227, -28.7921], [20.6615, -28.7723], [20.6949, -28.7529], [20.734, -28.7354], [20.7708, -28.7228], [20.7998, -28.7133], [20.8344, -28.7057], [20.8565, -28.7589], [20.8848, -28.7685], [20.9378, -28.7546], [20.9627, -28.7334], [20.9955, -28.7092], [21.0158, -28.6956], [21.0593, -28.6704], [21.1272, -28.6191], [21.1734, -28.5697], [21.2148, -28.5255], [21.2564, -28.4836], [21.3049, -28.4555]]}}, {"type": "Feature", "properties": {"country": "South Africa", "operator": "Telkom South Africa"}, "geometry": {"type": "LineString", "coordinates": [[19.6715, -28.0028], [19.7488, -27.997], [19.8155, -27.9985], [19.8753, -28.0038], [19.9203, -28.0101], [19.9963, -28.0303], [20.0573, -28.0484], [20.1602, -28.0793], [20.2445, -28.1085], [20.3374, -28.1498], [20.4418, -28.1965], [20.5123, -28.2362], [20.6037, -28.2644], [20.6875, -28.2899], [20.7381, -28.3149], [20.8156, -28.3505], [20.9428, -28.4014], [21.0454, -28.4283], [21.1166, -28.4384], [21.1958, -28.4543], [21.266, -28.4547], [21.3022, -28.4483]]}}, {"type": "Feature", "properties": {"country": "South Africa", "operator": "Telkom South Africa"}, "geometry": {"type": "LineString", "coordinates": [[21.3071, -28.4546], [21.3772, -28.4193], [21.427, -28.4019], [21.5167, -28.3778], [21.6647, -28.3484], [21.8385, -28.3197], [21.9398, -28.3039], [22.1073, -28.256], [22.264, -28.212], [22.3588, -28.1738], [22.456, -28.1255], [22.5604, -28.0763], [22.6264, -28.0438], [22.7021, -28.0005], [22.7782, -27.9604]]}}, {"type": "Feature", "properties": {"country": "South Africa", "operator": "Telkom South Africa"}, "geometry": {"type": "LineString", "coordinates": [[21.3024, -28.4508], [21.3714, -28.4384], [21.4525, -28.4346], [21.5375, -28.4337], [21.6097, -28.4502], [21.6677, -28.4711], [21.7364, -28.5202], [21.7989, -28.5796], [21.8446, -28.6534], [21.9018, -28.7294], [21.9473, -28.7999], [22.0036, -28.8986], [22.0436, -29.015], [22.0772, -29.2001], [22.0966, -29.299], [22.1128, -29.4014]]}}, {"type": "Feature", "properties": {"country": "South Africa", "operator": "Telkom South Africa"}, "geometry": {"type": "LineString", "coordinates": [[22.1155, -29.3954], [22.2057, -29.4324], [22.343, -29.4877], [22.4653, -29.541], [22.5993, -29.5964], [22.7134, -29.6407], [22.777, -29.6703]]}}, {"type": "Feature", "properties": {"country": "South Africa", "operator": "Telkom South Africa"}, "geometry": {"type": "LineString", "coordinates": [[22.7804, -29.6736], [22.7977, -29.6036], [22.8079, -29.5375], [22.8223, -29.5036], [22.8456, -29.4232], [22.8652, -29.3725], [22.9036, -29.294], [22.9492, -29.2148], [22.9922, -29.1456], [23.0458, -29.072], [23.0523, -29.0649], [23.1075, -29.0042], [23.1602, -28.9535], [23.2274, -28.9012], [23.2849, -28.8597]]}}, {"type": "Feature", "properties": {"country": "South Africa", "operator": "Telkom South Africa"}, "geometry": {"type": "LineString", "coordinates": [[23.274, -28.8606], [23.3255, -28.8846], [23.375, -28.9218], [23.4152, -28.9729], [23.4394, -29.0418], [23.5078, -29.0803], [23.5626, -29.1006], [23.5977, -29.1132], [23.6362, -29.1222], [23.6673, -29.1319], [23.6938, -29.1356]]}}, {"type": "Feature", "properties": {"country": "South Africa", "operator": "Telkom South Africa"}, "geometry": {"type": "LineString", "coordinates": [[23.6995, -29.1376], [23.7171, -29.1032], [23.7279, -29.0467], [23.7308, -29.0139], [23.7435, -28.9442], [23.7639, -28.9031], [23.7814, -28.8687], [23.7893, -28.8451], [23.8467, -28.8032], [23.9088, -28.7756], [23.9875, -28.749], [24.057, -28.7415], [24.1407, -28.7358], [24.2467, -28.7438], [24.3874, -28.7674], [24.4962, -28.7749], [24.6437, -28.7682], [24.7456, -28.7533], [24.8599, -28.7467], [24.9189, -28.7432]]}}, {"type": "Feature", "properties": {"country": "South Africa", "operator": "Telkom South Africa"}, "geometry": {"type": "LineString", "coordinates": [[24.9167, -28.7353], [24.8743, -28.7967], [24.8434, -28.8493], [24.7954, -28.9037], [24.7585, -28.9455], [24.6844, -28.9991], [24.6499, -29.0293], [24.626, -29.0433], [24.586, -29.0364], [24.5252, -29.0356], [24.4905, -29.0356], [24.451, -29.0324], [24.4013, -29.0189], [24.3553, -29.0013]]}}, {"type": "Feature", "properties": {"country": "South Africa", "operator": "Telkom South Africa"}, "geometry": {"type": "LineString", "coordinates": [[24.636, -29.0405], [24.5984, -29.1357], [24.5556, -29.1972], [24.4939, -29.2493], [24.4108, -29.3037], [24.3292, -29.3692], [24.2565, -29.4375], [24.2144, -29.5062], [24.1473, -29.5851], [24.122, -29.6218], [24.0731, -29.6761], [23.9792, -29.754], [23.8655, -29.849], [23.7599, -29.9128], [23.6571, -29.9687]]}}, {"type": "Feature", "properties": {"country": "South Africa", "operator": "Telkom South Africa"}, "geometry": {"type": "LineString", "coordinates": [[24.135, -29.6205], [24.1985, -29.6364], [24.2395, -29.6472], [24.3627, -29.7133], [24.3962, -29.7625], [24.4405, -29.8256]]}}, {"type": "Feature", "properties": {"country": "South Africa", "operator": "Telkom South Africa"}, "geometry": {"type": "LineString", "coordinates": [[23.6611, -29.965], [23.6382, -30.0506], [23.6288, -30.1083], [23.6063, -30.1975], [23.5995, -30.2737], [23.5985, -30.3605], [23.5883, -30.4445], [23.5751, -30.5061], [23.5625, -30.5413], [23.5304, -30.5935], [23.4962, -30.6308], [23.443, -30.6888], [23.3757, -30.8047], [23.3388, -30.8873], [23.2784, -30.9911], [23.2407, -31.0701], [23.2189, -31.1361], [23.1927, -31.2027], [23.1707, -31.2688], [23.1599, -31.3526], [23.149, -31.4026]]}}, {"type": "Feature", "properties": {"country": "South Africa", "operator": "Telkom South Africa"}, "geometry": {"type": "LineString", "coordinates": [[21.8429, -30.3447], [21.8784, -30.3834], [21.9082, -30.4112], [21.9495, -30.4606], [21.9831, -30.5183], [22.0064, -30.5994], [22.04, -30.6569], [22.0697, -30.7185], [22.0994, -30.78], [22.1355, -30.8221], [22.1509, -30.8395], [22.157, -30.888], [22.1664, -30.9624], [22.1706, -30.9959], [22.181, -31.0438], [22.1956, -31.1251], [22.2076, -31.1504], [22.2484, -31.1955], [22.2739, -31.2232], [22.3264, -31.2898], [22.3667, -31.3649], [22.3776, -31.4164], [22.4007, -31.4593], [22.4689, -31.4417], [22.5375, -31.4278], [22.594, -31.4226], [22.6635, -31.416], [22.732, -31.402], [22.831, -31.4188], [22.8919, -31.4468], [22.9731, -31.4615], [23.0252, -31.4564], [23.0585, -31.4419], [23.1, -31.4228], [23.1578, -31.3946]]}}, {"type": "Feature", "properties": {"country": "South Africa", "operator": "Telkom South Africa"}, "geometry": {"type": "LineString", "coordinates": [[20.9566, -31.3255], [21.0461, -31.2875], [21.1346, -31.242], [21.1941, -31.218], [21.2447, -31.1947], [21.283, -31.18], [21.3396, -31.1713], [21.4109, -31.1763], [21.4891, -31.1657], [21.5685, -31.1663], [21.6213, -31.1653], [21.678, -31.1603], [21.7378, -31.1436], [21.7996, -31.1079], [21.8613, -31.0722], [21.9147, -31.0411], [21.9846, -31.0009], [22.044, -30.9842], [22.1085, -30.9745], [22.1644, -30.9656], [22.166, -30.9429]]}}, {"type": "Feature", "properties": {"country": "South Africa", "operator": "Telkom South Africa"}, "geometry": {"type": "LineString", "coordinates": [[20.9634, -31.3284], [20.8917, -31.2744], [20.8298, -31.2235], [20.7739, -31.1841], [20.7219, -31.1364], [20.6948, -31.1026], [20.6657, -31.0489], [20.6393, -30.975], [20.6195, -30.9206], [20.5937, -30.8547], [20.5437, -30.6908], [20.5379, -30.6353], [20.5318, -30.5758], [20.5271, -30.5322], [20.5212, -30.4768]]}}, {"type": "Feature", "properties": {"country": "South Africa", "operator": "Telkom South Africa"}, "geometry": {"type": "LineString", "coordinates": [[20.5266, -30.4837], [20.5344, -30.4185], [20.5539, -30.3282], [20.5751, -30.2098], [20.6123, -30.1143], [20.6119, -30.1103], [20.6718, -30.009], [20.723, -29.9166], [20.7929, -29.8266], [20.8846, -29.727], [20.9635, -29.6404], [21.0321, -29.5468], [21.102, -29.469], [21.1607, -29.3763], [21.1791, -29.3348], [21.2219, -29.1836], [21.2447, -29.1018], [21.2493, -29.0216], [21.2493, -28.9417], [21.2548, -28.8295], [21.2529, -28.7336], [21.2505, -28.6738], [21.2287, -28.6035], [21.234, -28.571], [21.2353, -28.5429], [21.2533, -28.5013], [21.2971, -28.4455]]}}, {"type": "Feature", "properties": {"country": "South Africa", "operator": "Telkom South Africa"}, "geometry": {"type": "LineString", "coordinates": [[23.1516, -31.3918], [23.15, -31.4721], [23.1451, -31.5127], [23.132, -31.5542], [23.1213, -31.593], [23.108, -31.6508], [23.0895, -31.7115], [23.0849, -31.7543], [23.0902, -31.8077], [23.1008, -31.8418], [23.1091, -31.8597], [23.1139, -31.8733]]}}, {"type": "Feature", "properties": {"country": "South Africa", "operator": "Telkom South Africa"}, "geometry": {"type": "LineString", "coordinates": [[23.1177, -31.868], [23.1565, -31.8472], [23.1733, -31.8287], [23.1973, -31.8025], [23.2194, -31.7835], [23.2449, -31.769], [23.2773, -31.763], [23.3154, -31.7588], [23.3517, -31.743], [23.4172, -31.7192], [23.4501, -31.6991], [23.4721, -31.6801], [23.4991, -31.6582], [23.5227, -31.6321], [23.569, -31.5915], [23.6054, -31.5592], [23.6445, -31.5265], [23.697, -31.4923], [23.7514, -31.4697], [23.7986, -31.4549], [23.8489, -31.442], [23.8996, -31.4315], [23.9491, -31.414], [23.9851, -31.398], [24.0126, -31.3807], [24.0602, -31.3517], [24.102, -31.3209], [24.1523, -31.2915], [24.2177, -31.2532], [24.2723, -31.2161], [24.3105, -31.1974], [24.3558, -31.1708], [24.3987, -31.1468], [24.4567, -31.1139], [24.4831, -31.0895]]}}, {"type": "Feature", "properties": {"country": "South Africa", "operator": "Telkom South Africa"}, "geometry": {"type": "LineString", "coordinates": [[24.4862, -31.0952], [24.4578, -31.0562], [24.4271, -31.0198], [24.4019, -30.9828], [24.3805, -30.9525], [24.3594, -30.9244], [24.3361, -30.899], [24.3189, -30.8775], [24.2983, -30.8517], [24.2753, -30.8286], [24.2562, -30.8121], [24.234, -30.7935], [24.2119, -30.775], [24.1928, -30.7584], [24.1737, -30.7419], [24.1516, -30.7233], [24.1265, -30.7028], [24.1023, -30.6892], [24.0866, -30.677], [24.0488, -30.6461]]}}, {"type": "Feature", "properties": {"country": "South Africa", "operator": "Telkom South Africa"}, "geometry": {"type": "LineString", "coordinates": [[24.0536, -30.6484], [24.0931, -30.6201], [24.1124, -30.6036], [24.1492, -30.5755], [24.1864, -30.5498], [24.2273, -30.5142], [24.2492, -30.4974], [24.2857, -30.4695], [24.3129, -30.4521], [24.3463, -30.4387], [24.3799, -30.4275], [24.4044, -30.4269], [24.453, -30.4234], [24.4973, -30.4274], [24.5213, -30.4245]]}}, {"type": "Feature", "properties": {"country": "South Africa", "operator": "Telkom South Africa"}, "geometry": {"type": "LineString", "coordinates": [[24.5213, -30.4245], [24.5657, -30.3955], [24.6085, -30.3409], [24.6544, -30.2718], [24.6727, -30.2177], [24.6845, -30.1739], [24.6967, -30.1159], [24.6891, -30.0698], [24.7165, -30.0546], [24.7538, -30.0335], [24.7694, -30.0128], [24.7641, -29.997], [24.7443, -29.9594], [24.737, -29.8991], [24.7397, -29.8493], [24.7507, -29.8008], [24.7613, -29.7665], [24.7674, -29.754], [24.7844, -29.7259], [24.8247, -29.6736], [24.891, -29.5991], [24.924, -29.5524], [24.9729, -29.487], [25.0024, -29.4525], [25.0532, -29.4151]]}}, {"type": "Feature", "properties": {"country": "South Africa", "operator": "Telkom South Africa"}, "geometry": {"type": "LineString", "coordinates": [[24.6339, -29.0399], [24.654, -29.0633], [24.6782, -29.0792], [24.7035, -29.0855], [24.7213, -29.0951], [24.747, -29.1037], [24.7837, -29.1132], [24.7985, -29.1208], [24.8136, -29.1307], [24.8337, -29.1541], [24.8553, -29.1867], [24.872, -29.2058], [24.9095, -29.2529], [24.9353, -29.2779], [24.9668, -29.3046], [24.9922, -29.3273], [25.0274, -29.3605], [25.0457, -29.3888], [25.0526, -29.4138]]}}, {"type": "Feature", "properties": {"country": "South Africa", "operator": "Telkom South Africa"}, "geometry": {"type": "LineString", "coordinates": [[24.9168, -28.735], [24.9321, -28.7614], [24.9579, -28.7865], [24.9897, -28.8156], [25.0098, -28.839], [25.0387, -28.8661], [25.077, -28.9013], [25.105, -28.9237], [25.1722, -28.9859], [25.2291, -29.0187], [25.2969, -29.0525], [25.3518, -29.0737], [25.4131, -29.101], [25.4453, -29.1157]]}}, {"type": "Feature", "properties": {"country": "South Africa", "operator": "Telkom South Africa"}, "geometry": {"type": "LineString", "coordinates": [[25.0521, -29.4138], [25.0695, -29.388], [25.1043, -29.3529], [25.127, -29.3265], [25.1701, -29.2927], [25.2169, -29.2654], [25.2645, -29.2428], [25.3093, -29.2205], [25.3507, -29.194], [25.3939, -29.1624], [25.4277, -29.1392], [25.4483, -29.1177]]}}, {"type": "Feature", "properties": {"country": "South Africa", "operator": "Telkom South Africa"}, "geometry": {"type": "LineString", "coordinates": [[25.4363, -29.1142], [25.552, -29.1416], [25.5494, -29.1419], [25.6312, -29.1454], [25.7174, -29.1599], [25.8508, -29.1658], [25.9364, -29.1614], [26.0391, -29.1617], [26.123, -29.148], [26.1744, -29.134], [26.2101, -29.122], [26.2421, -29.12]]}}, {"type": "Feature", "properties": {"country": "South Africa", "operator": "Telkom South Africa"}, "geometry": {"type": "LineString", "coordinates": [[24.9169, -28.7331], [24.9215, -28.7392], [25.0232, -28.6793], [25.1173, -28.6277], [25.18, -28.5949], [25.2367, -28.5604], [25.2707, -28.5436], [25.2866, -28.5366]]}}, {"type": "Feature", "properties": {"country": "South Africa", "operator": "Telkom South Africa"}, "geometry": {"type": "LineString", "coordinates": [[25.2834, -28.5366], [25.3976, -28.5718], [25.5087, -28.6071], [25.6075, -28.6364], [25.6668, -28.651], [25.72, -28.6638], [25.7517, -28.6671], [25.7949, -28.6712], [25.7953, -28.6737]]}}, {"type": "Feature", "properties": {"country": "South Africa", "operator": "Telkom South Africa"}, "geometry": {"type": "LineString", "coordinates": [[25.7945, -28.6688], [25.8387, -28.7274], [25.8906, -28.7973], [25.9366, -28.8654], [25.9888, -28.9203], [26.0401, -28.9703], [26.0958, -29.0123], [26.1241, -29.0283], [26.152, -29.0418], [26.1991, -29.0676], [26.2241, -29.0963], [26.2372, -29.1218]]}}, {"type": "Feature", "properties": {"country": "South Africa", "operator": "Telkom South Africa"}, "geometry": {"type": "LineString", "coordinates": [[26.2422, -29.122], [26.2184, -29.0035], [26.2036, -28.936], [26.1884, -28.8984], [26.1664, -28.8543], [26.1423, -28.798], [26.0989, -28.7444]]}}, {"type": "Feature", "properties": {"country": "South Africa", "operator": "Telkom South Africa"}, "geometry": {"type": "LineString", "coordinates": [[26.0961, -28.7448], [26.1726, -28.6475], [26.2104, -28.6051], [26.275, -28.5392], [26.3123, -28.4945], [26.3629, -28.4305], [26.3876, -28.38], [26.4024, -28.321], [26.4142, -28.2301], [26.4143, -28.1681], [26.4181, -28.0956], [26.4256, -28.0127], [26.4195, -27.9316], [26.4149, -27.875]]}}, {"type": "Feature", "properties": {"country": "South Africa", "operator": "Telkom South Africa"}, "geometry": {"type": "LineString", "coordinates": [[26.2459, -29.1166], [26.3207, -29.0391], [26.3861, -28.958], [26.4335, -28.857], [26.4835, -28.7558], [26.5207, -28.6787], [26.5406, -28.6165], [26.5756, -28.5298], [26.6051, -28.4587], [26.6419, -28.3817]]}}, {"type": "Feature", "properties": {"country": "South Africa", "operator": "Telkom South Africa"}, "geometry": {"type": "LineString", "coordinates": [[26.416, -27.8673], [26.499, -27.9056], [26.5619, -27.9415], [26.6362, -27.9783], [26.6691, -27.9886], [26.7083, -28.0029], [26.7357, -28.014], [26.7711, -28.0387], [26.8015, -28.0666], [26.8692, -28.1289], [26.8448, -28.1646], [26.8149, -28.2011], [26.7754, -28.2464], [26.7339, -28.2968], [26.7343, -28.2993], [26.6776, -28.3445], [26.6447, -28.3814]]}}, {"type": "Feature", "properties": {"country": "South Africa", "operator": "Telkom South Africa"}, "geometry": {"type": "LineString", "coordinates": [[25.6496, -27.6523], [25.7052, -27.6648], [25.7416, -27.6798], [25.7807, -27.6944], [25.8286, -27.7277], [25.87, -27.7717], [25.9158, -27.825], [25.9464, -27.8555], [25.9783, -27.8611], [26.0211, -27.8652], [26.0776, -27.8674], [26.1209, -27.8739], [26.1573, -27.8738], [26.2399, -27.8649], [26.3068, -27.8631], [26.3742, -27.8636], [26.411, -27.8659]]}}, {"type": "Feature", "properties": {"country": "South Africa", "operator": "Telkom South Africa"}, "geometry": {"type": "LineString", "coordinates": [[24.9226, -28.736], [24.9373, -28.6522], [24.9347, -28.603], [24.9317, -28.5168], [24.9134, -28.4572], [24.8979, -28.3973], [24.9013, -28.3325], [24.8972, -28.2563], [24.8951, -28.2095], [24.885, -28.1315], [24.8764, -28.0632], [24.8739, -28.0139], [24.8658, -27.948], [24.8626, -27.9286], [24.8583, -27.8522], [24.8514, -27.7935], [24.8389, -27.7527]]}}, {"type": "Feature", "properties": {"country": "South Africa", "operator": "Telkom South Africa"}, "geometry": {"type": "LineString", "coordinates": [[22.7794, -27.9613], [22.8384, -28.0527], [22.8991, -28.1192], [22.9466, -28.1725], [22.9944, -28.2274], [23.0118, -28.2548], [23.0487, -28.2995], [23.0797, -28.3302], [23.0924, -28.3401]]}}, {"type": "Feature", "properties": {"country": "South Africa", "operator": "Telkom South Africa"}, "geometry": {"type": "LineString", "coordinates": [[23.0934, -28.3387], [23.1125, -28.3051], [23.1213, -28.2662], [23.132, -28.2155], [23.1392, -28.1309], [23.1389, -28.0587], [23.134, -28.0051], [23.1302, -27.958], [23.1225, -27.8981], [23.1166, -27.8496], [23.1167, -27.8266], [23.1013, -27.8005], [23.0864, -27.7891]]}}, {"type": "Feature", "properties": {"country": "South Africa", "operator": "Telkom South Africa"}, "geometry": {"type": "LineString", "coordinates": [[23.0935, -28.3394], [23.1782, -28.3306], [23.2259, -28.3247], [23.2616, -28.3138], [23.3019, -28.2973], [23.3556, -28.271], [23.4002, -28.2474], [23.4464, -28.2334], [23.4779, -28.2212], [23.5352, -28.2074], [23.5787, -28.2003], [23.593, -28.1969]]}}, {"type": "Feature", "properties": {"country": "South Africa", "operator": "Telkom South Africa"}, "geometry": {"type": "LineString", "coordinates": [[23.5907, -28.1939], [23.611, -28.2388], [23.6053, -28.2609], [23.5986, -28.2765], [23.5884, -28.2942], [23.5691, -28.313], [23.553, -28.3282], [23.5368, -28.3433], [23.5227, -28.3599], [23.511, -28.3679]]}}, {"type": "Feature", "properties": {"country": "South Africa", "operator": "Telkom South Africa"}, "geometry": {"type": "LineString", "coordinates": [[23.5988, -28.1957], [23.6778, -28.189], [23.7937, -28.1906], [23.837, -28.1933], [23.8884, -28.1999], [23.9381, -28.2181], [23.9901, -28.2508], [24.041, -28.2869], [24.1012, -28.3234], [24.1507, -28.3398], [24.2051, -28.3409], [24.2439, -28.3489], [24.2881, -28.3776], [24.3265, -28.4054], [24.3675, -28.4263], [24.4287, -28.4561], [24.492, -28.497], [24.5571, -28.5378], [24.6083, -28.5836], [24.6512, -28.6141], [24.6983, -28.6473], [24.7311, -28.6627], [24.7449, -28.6658], [24.8155, -28.6926], [24.8899, -28.7189], [24.9253, -28.7372]]}}, {"type": "Feature", "properties": {"country": "South Africa", "operator": "Telkom South Africa"}, "geometry": {"type": "LineString", "coordinates": [[23.0165, -27.8335], [23.0032, -27.8136], [22.99, -27.7937], [22.9848, -27.777], [22.996, -27.7561], [23.0103, -27.739], [23.0282, -27.728], [23.0484, -27.7167], [23.0614, -27.7064]]}}, {"type": "Feature", "properties": {"country": "South Africa", "operator": "Telkom South Africa"}, "geometry": {"type": "LineString", "coordinates": [[22.9073, -27.5964], [22.95, -27.6299], [22.9878, -27.664], [23.0248, -27.6938], [23.0431, -27.7001], [23.0693, -27.7096]]}}, {"type": "Feature", "properties": {"country": "South Africa", "operator": "Telkom South Africa"}, "geometry": {"type": "LineString", "coordinates": [[23.061, -27.7042], [23.1269, -27.6436], [23.188, -27.5988], [23.2762, -27.5547], [23.3625, -27.5152], [23.4233, -27.4854], [23.4946, -27.4607], [23.5852, -27.4354], [23.7204, -27.3868], [23.8567, -27.3312], [24.0187, -27.2698], [24.1975, -27.2077], [24.2937, -27.1592], [24.363, -27.1231], [24.4668, -27.0884], [24.5514, -27.0695], [24.618, -27.0444], [24.6891, -27.0034], [24.7298, -26.9842], [24.7662, -26.9679]]}}, {"type": "Feature", "properties": {"country": "South Africa", "operator": "Telkom South Africa"}, "geometry": {"type": "LineString", "coordinates": [[24.3354, -27.6102], [24.4079, -27.6194], [24.4729, -27.6145], [24.524, -27.6137], [24.5978, -27.6031], [24.6466, -27.5897], [24.6791, -27.5807], [24.7609, -27.5602], [24.8136, -27.5417]]}}, {"type": "Feature", "properties": {"country": "South Africa", "operator": "Telkom South Africa"}, "geometry": {"type": "LineString", "coordinates": [[24.7692, -26.9674], [24.768, -27.0544], [24.7638, -27.1114], [24.7547, -27.2081], [24.7469, -27.2721], [24.7341, -27.3216], [24.7247, -27.3901], [24.7285, -27.4112], [24.7446, -27.4456], [24.773, -27.4805], [24.8077, -27.5231], [24.816, -27.5414], [24.8194, -27.5994], [24.8153, -27.6563], [24.835, -27.7098], [24.8436, -27.7562]]}}, {"type": "Feature", "properties": {"country": "South Africa", "operator": "Telkom South Africa"}, "geometry": {"type": "LineString", "coordinates": [[24.5577, -28.5359], [24.5703, -28.4972], [24.5837, -28.4627], [24.6168, -28.4016], [24.6658, -28.3599], [24.7139, -28.314], [24.7327, -28.2961], [24.7573, -28.2427], [24.7917, -28.2031], [24.8269, -28.1677], [24.876, -28.1281], [24.8884, -28.1155]]}}, {"type": "Feature", "properties": {"country": "South Africa", "operator": "Telkom South Africa"}, "geometry": {"type": "LineString", "coordinates": [[24.7148, -28.0861], [24.7532, -28.0675], [24.7784, -28.0443], [24.8052, -28.0166], [24.8268, -27.9745], [24.8405, -27.9422], [24.862, -27.9261]]}}, {"type": "Feature", "properties": {"country": "South Africa", "operator": "Telkom South Africa"}, "geometry": {"type": "LineString", "coordinates": [[24.8846, -28.1217], [24.9904, -28.0672], [25.0519, -28.0278], [25.1142, -27.9926], [25.1796, -27.9482], [25.2199, -27.9271], [25.2597, -27.9039], [25.3113, -27.8528], [25.3621, -27.8106], [25.4204, -27.7694], [25.4679, -27.7363], [25.5377, -27.7042], [25.5848, -27.6819], [25.6315, -27.6576], [25.6512, -27.6459]]}}, {"type": "Feature", "properties": {"country": "South Africa", "operator": "Telkom South Africa"}, "geometry": {"type": "LineString", "coordinates": [[25.2079, -27.9316], [25.2755, -27.9624], [25.3031, -27.9929], [25.319, -28.0101], [25.3441, -28.0259], [25.368, -28.0353], [25.4118, -28.0591], [25.4489, -28.0861], [25.4804, -28.1096], [25.5051, -28.1196], [25.5335, -28.1298]]}}, {"type": "Feature", "properties": {"country": "South Africa", "operator": "Telkom South Africa"}, "geometry": {"type": "LineString", "coordinates": [[24.7231, -27.4009], [24.8277, -27.3566], [24.9593, -27.3003], [25.0127, -27.2764], [25.0971, -27.2447], [25.1772, -27.2296], [25.2073, -27.2267], [25.2471, -27.2272], [25.2915, -27.2237], [25.3107, -27.2112], [25.341, -27.1715], [25.3763, -27.139], [25.4329, -27.0489], [25.4578, -27.0004], [25.478, -26.9462], [25.4863, -26.9049], [25.4946, -26.8445], [25.4961, -26.7866], [25.4874, -26.703]]}}, {"type": "Feature", "properties": {"country": "South Africa", "operator": "Telkom South Africa"}, "geometry": {"type": "LineString", "coordinates": [[24.7633, -26.9682], [24.8549, -26.9646], [24.9272, -26.9445], [24.9668, -26.9243], [25.006, -26.9026], [25.0464, -26.8775], [25.0899, -26.8503], [25.1357, -26.826], [25.1512, -26.8221], [25.1925, -26.832], [25.2476, -26.8286], [25.2927, -26.8204], [25.336, -26.8027], [25.383, -26.7764], [25.4242, -26.7478], [25.4686, -26.7171], [25.4842, -26.7051]]}}, {"type": "Feature", "properties": {"country": "South Africa", "operator": "Telkom South Africa"}, "geometry": {"type": "LineString", "coordinates": [[25.6495, -27.6492], [25.6904, -27.6156], [25.9374, -27.3387], [25.9798, -27.2969], [25.9859, -27.2912], [25.99, -27.2842], [26.0629, -27.2057], [26.1476, -27.1237], [26.2145, -27.0621], [26.2744, -27.0191], [26.3206, -26.9894], [26.3891, -26.9449], [26.4519, -26.9077], [26.5165, -26.8798], [26.6165, -26.8573], [26.6569, -26.8524], [26.6966, -26.8525], [26.7115, -26.8549]]}}, {"type": "Feature", "properties": {"country": "South Africa", "operator": "Telkom South Africa"}, "geometry": {"type": "LineString", "coordinates": [[26.0137, -27.2583], [26.0108, -27.3452], [26.0093, -27.4207], [26.0182, -27.485]]}}, {"type": "Feature", "properties": {"country": "South Africa", "operator": "Telkom South Africa"}, "geometry": {"type": "LineString", "coordinates": [[26.0513, -26.8329], [26.1267, -26.8229], [26.2065, -26.8089], [26.2386, -26.799], [26.2812, -26.7875], [26.3308, -26.775], [26.3809, -26.7655], [26.4128, -26.7637], [26.4417, -26.7735], [26.4466, -26.7983], [26.4496, -26.8315], [26.4479, -26.859], [26.4557, -26.9074]]}}, {"type": "Feature", "properties": {"country": "South Africa", "operator": "Telkom South Africa"}, "geometry": {"type": "LineString", "coordinates": [[23.812, -31.9533], [23.9539, -31.9478], [24.0789, -31.9585], [24.178, -31.9897], [24.2518, -32.0271], [24.3556, -32.0965], [24.4547, -32.1582], [24.54, -32.2163], [24.6037, -32.2662]]}}, {"type": "Feature", "properties": {"country": "South Africa", "operator": "Telkom South Africa"}, "geometry": {"type": "LineString", "coordinates": [[24.0883, -32.4615], [24.2725, -32.4636], [24.3169, -32.4516], [24.3613, -32.4396], [24.4008, -32.4198], [24.4532, -32.3812], [24.4785, -32.3409], [24.5222, -32.3091], [24.5595, -32.2952], [24.5993, -32.2612]]}}, {"type": "Feature", "properties": {"country": "South Africa", "operator": "Telkom South Africa"}, "geometry": {"type": "LineString", "coordinates": [[24.6122, -32.2697], [24.8173, -32.3703], [24.9234, -32.4452], [25.0243, -32.4953], [25.0428, -32.5038], [25.0461, -32.5034], [25.0658, -32.5174], [25.1585, -32.56], [25.3865, -32.6698], [25.5425, -32.7083], [25.6155, -32.7198], [25.6933, -32.722], [25.7941, -32.7206], [25.8442, -32.7185]]}}, {"type": "Feature", "properties": {"country": "South Africa", "operator": "Telkom South Africa"}, "geometry": {"type": "LineString", "coordinates": [[25.8466, -32.7247], [25.905, -32.8826], [25.9495, -33.0229], [25.9677, -33.1041], [25.966, -33.2059], [25.9646, -33.2931], [25.9766, -33.3783], [25.9924, -33.4339], [25.9975, -33.4563], [25.9867, -33.5016], [25.9584, -33.5467], [25.9145, -33.6], [25.8978, -33.6346], [25.8743, -33.6702], [25.8552, -33.6789]]}}, {"type": "Feature", "properties": {"country": "South Africa", "operator": "Telkom South Africa"}, "geometry": {"type": "LineString", "coordinates": [[24.6079, -32.258], [24.6002, -32.1136], [24.6185, -32.0499], [24.629, -31.999], [24.6561, -31.9631], [24.7018, -31.9013], [24.843, -31.7415], [24.9659, -31.6135], [24.9841, -31.5704], [24.9816, -31.5419], [24.9796, -31.5162], [24.9683, -31.4775], [24.9382, -31.43], [24.912, -31.3849], [24.8997, -31.3579], [24.8935, -31.2953], [24.8923, -31.2405], [24.8967, -31.1965], [24.9177, -31.1182], [24.9389, -31.0572], [24.9558, -31.0084], [25.0316, -30.9187], [25.0858, -30.8553], [25.1189, -30.8038], [25.1898, -30.6911]]}}, {"type": "Feature", "properties": {"country": "South Africa", "operator": "Telkom South Africa"}, "geometry": {"type": "LineString", "coordinates": [[25.1916, -30.6891], [25.234, -30.5697], [25.2309, -30.4869], [25.22, -30.3678], [25.2211, -30.3051], [25.245, -30.2138], [25.3184, -30.1729], [25.3967, -30.1562], [25.5319, -30.1344], [25.6084, -30.1095], [25.7034, -30.0815], [25.8087, -30.035]]}}, {"type": "Feature", "properties": {"country": "South Africa", "operator": "Telkom South Africa"}, "geometry": {"type": "LineString", "coordinates": [[25.3559, -29.7492], [25.4468, -29.768], [25.5172, -29.7816], [25.5652, -29.8031], [25.6279, -29.8471], [25.697, -29.8984], [25.7695, -29.9866], [25.8043, -30.0351], [25.8123, -30.0713], [25.8053, -30.1266], [25.7853, -30.1674], [25.7735, -30.2235], [25.7535, -30.2643], [25.7386, -30.3293]]}}, {"type": "Feature", "properties": {"country": "South Africa", "operator": "Telkom South Africa"}, "geometry": {"type": "LineString", "coordinates": [[25.8043, -30.0351], [25.8917, -29.929], [25.9245, -29.8819], [25.9602, -29.8259], [25.9873, -29.7964], [26.0681, -29.7705], [26.1266, -29.7315], [26.1796, -29.6892], [26.2085, -29.6468], [26.2274, -29.581], [26.2243, -29.4813], [26.2327, -29.2832], [26.2382, -29.1147]]}}, {"type": "Feature", "properties": {"country": "South Africa", "operator": "Telkom South Africa"}, "geometry": {"type": "LineString", "coordinates": [[25.1982, -30.6864], [25.3205, -30.688], [25.3912, -30.6768], [25.4506, -30.659], [25.5064, -30.6251], [25.5442, -30.5933], [25.5858, -30.6515], [25.6305, -30.6907], [25.7071, -30.7277], [25.7787, -30.7747], [25.8243, -30.7858], [25.879, -30.7892], [25.9669, -30.7964], [26.0534, -30.813], [26.1356, -30.8426], [26.3949, -30.9074]]}}, {"type": "Feature", "properties": {"country": "South Africa", "operator": "Telkom South Africa"}, "geometry": {"type": "LineString", "coordinates": [[25.8718, -31.277], [25.828, -31.3397], [25.82, -31.3688], [25.8167, -31.4188], [25.8138, -31.5028], [25.8385, -31.6287], [25.8305, -31.6578], [25.7793, -31.7864], [25.7624, -31.8571], [25.7416, -31.9437], [25.7322, -32.0163], [25.7082, -32.0726], [25.673, -32.1277], [25.6446, -32.1477]]}}, {"type": "Feature", "properties": {"country": "South Africa", "operator": "Telkom South Africa"}, "geometry": {"type": "LineString", "coordinates": [[25.6411, -32.1483], [25.6797, -32.207], [25.7152, -32.3002], [25.7371, -32.3646], [25.7555, -32.4142], [25.7784, -32.5003], [25.8145, -32.5967], [25.8445, -32.7163]]}}, {"type": "Feature", "properties": {"country": "South Africa", "operator": "Telkom South Africa"}, "geometry": {"type": "LineString", "coordinates": [[25.6444, -32.1475], [25.74, -32.1477], [25.8385, -32.1442], [25.879, -32.1284], [25.9565, -32.0973], [26.0402, -32.062], [26.1059, -32.0451], [26.1962, -32.0241], [26.2596, -32.0136], [26.3771, -32.0159], [26.5124, -32.0026], [26.6632, -31.9927], [26.8042, -31.972], [26.8694, -31.9547], [26.9058, -31.9392]]}}, {"type": "Feature", "properties": {"country": "South Africa", "operator": "Telkom South Africa"}, "geometry": {"type": "LineString", "coordinates": [[26.9065, -31.9422], [26.8715, -32.0255], [26.8596, -32.0986], [26.8646, -32.2121]]}}, {"type": "Feature", "properties": {"country": "South Africa", "operator": "Telkom South Africa"}, "geometry": {"type": "LineString", "coordinates": [[25.9896, -33.435], [26.0278, -33.351], [26.0548, -33.324], [26.0933, -33.3077], [26.1287, -33.3045], [26.1734, -33.3022], [26.1798, -33.3036], [26.1891, -33.3046], [26.2222, -33.3042], [26.2819, -33.302], [26.3449, -33.3016], [26.4189, -33.2969], [26.4973, -33.299], [26.5781, -33.2981], [26.6514, -33.3034], [26.7085, -33.3164], [26.7669, -33.3467], [26.7976, -33.3868], [26.8578, -33.462], [26.9049, -33.5446]]}}, {"type": "Feature", "properties": {"country": "South Africa", "operator": "Telkom South Africa"}, "geometry": {"type": "LineString", "coordinates": [[26.4433, -33.6344], [26.4386, -33.5497], [26.4495, -33.4926], [26.4782, -33.4476], [26.5838, -33.2971], [26.6144, -33.2368], [26.6294, -33.1615], [26.6357, -33.0877], [26.6397, -33.0167], [26.6558, -32.9463], [26.6639, -32.9049], [26.6616, -32.8451], [26.6657, -32.7868], [26.6628, -32.7622]]}}, {"type": "Feature", "properties": {"country": "South Africa", "operator": "Telkom South Africa"}, "geometry": {"type": "LineString", "coordinates": [[25.8722, -33.6672], [25.9913, -33.6431], [26.0878, -33.6402], [26.1596, -33.6361], [26.2804, -33.6341], [26.432, -33.6369], [26.7125, -33.623], [26.7786, -33.6094], [26.8168, -33.5929], [26.8632, -33.5726], [26.9291, -33.5339], [27.0551, -33.4823], [27.1802, -33.4157], [27.2769, -33.3437], [27.3304, -33.3043], [27.3503, -33.2631], [27.3547, -33.2321], [27.3579, -33.1964], [27.3605, -33.1707], [27.6149, -33.1637], [27.6459, -33.1431], [27.666, -33.1269], [27.6861, -33.1108], [27.7028, -33.1053], [27.6947, -33.1092], [27.7373, -33.0865], [27.7655, -33.079], [27.7978, -33.0631], [27.8939, -33.0003]]}}, {"type": "Feature", "properties": {"country": "South Africa", "operator": "Telkom South Africa"}, "geometry": {"type": "LineString", "coordinates": [[26.5829, -33.2916], [26.6656, -33.2602], [26.743, -33.2321], [26.8191, -33.1866], [26.8692, -33.158], [26.8986, -33.1305], [26.9782, -33.137], [27.1776, -33.143], [27.2682, -33.0119], [27.3466, -32.8929]]}}, {"type": "Feature", "properties": {"country": "South Africa", "operator": "Telkom South Africa"}, "geometry": {"type": "LineString", "coordinates": [[27.3498, -32.8971], [27.3731, -32.9432], [27.4032, -32.9682], [27.42, -32.9753], [27.439, -32.9795], [27.4919, -32.9753], [27.4815, -32.8114]]}}, {"type": "Feature", "properties": {"country": "South Africa", "operator": "Telkom South Africa"}, "geometry": {"type": "LineString", "coordinates": [[27.3481, -32.9024], [27.4815, -32.8114], [27.5412, -32.7508], [27.647, -32.6719], [27.7242, -32.6231], [27.7821, -32.5927], [27.8321, -32.5661], [27.8926, -32.5578], [27.9309, -32.5559], [27.9309, -32.5559], [27.9996, -32.5209], [28.0572, -32.4425], [28.0886, -32.4016], [28.1307, -32.3561], [28.1916, -32.3149], [28.2438, -32.2603], [28.2454, -32.2198], [28.2523, -32.1658], [28.2487, -32.1514]]}}, {"type": "Feature", "properties": {"country": "South Africa", "operator": "Telkom South Africa"}, "geometry": {"type": "LineString", "coordinates": [[27.4809, -32.819], [27.8957, -33.0047]]}}, {"type": "Feature", "properties": {"country": "South Africa", "operator": "Telkom South Africa"}, "geometry": {"type": "LineString", "coordinates": [[27.8893, -33.0033], [27.971, -32.9585], [27.9826, -32.9212], [27.9368, -32.8942], [27.8243, -32.8036], [27.6853, -32.7253], [27.6392, -32.7083], [27.6076, -32.7014], [27.5393, -32.6306], [27.5111, -32.6129], [27.4858, -32.5948], [27.465, -32.5834], [27.4826, -32.8137]]}}, {"type": "Feature", "properties": {"country": "South Africa", "operator": "Telkom South Africa"}, "geometry": {"type": "LineString", "coordinates": [[26.9122, -31.9301], [26.9521, -31.9483], [26.9775, -31.9791], [27.0294, -32.0204], [27.0698, -32.066], [27.1131, -32.1237], [27.1502, -32.2025], [27.1691, -32.2669], [27.1807, -32.29], [27.2049, -32.3158], [27.2477, -32.3334], [27.2819, -32.3499], [27.327, -32.3646], [27.3561, -32.3746], [27.4059, -32.4085], [27.4243, -32.4355], [27.4479, -32.4842], [27.469, -32.5837]]}}, {"type": "Feature", "properties": {"country": "South Africa", "operator": "Telkom South Africa"}, "geometry": {"type": "LineString", "coordinates": [[26.9053, -31.9356], [26.8058, -31.8115], [26.7595, -31.7641], [26.6505, -31.6846], [26.6305, -31.6506], [26.5898, -31.5524]]}}, {"type": "Feature", "properties": {"country": "South Africa", "operator": "Telkom South Africa"}, "geometry": {"type": "LineString", "coordinates": [[26.9132, -31.9368], [26.9654, -31.9078], [27.0135, -31.8743], [27.104, -31.7959], [27.1498, -31.7652], [27.2081, -31.7374], [27.2858, -31.6937], [27.3521, -31.652], [27.4291, -31.6184], [27.5035, -31.5976], [27.6102, -31.566], [27.6995, -31.5351], [27.7433, -31.5222], [27.766, -31.4956], [27.8015, -31.4491], [27.8324, -31.3959], [27.8779, -31.3426], [27.8891, -31.3055]]}}, {"type": "Feature", "properties": {"country": "South Africa", "operator": "Telkom South Africa"}, "geometry": {"type": "LineString", "coordinates": [[27.5064, -31.9456], [27.6114, -31.9396], [27.6863, -31.9438], [27.7568, -31.9663], [27.827, -31.9988], [27.8528, -32.0192], [27.8998, -32.0534], [27.9571, -32.1283], [27.9874, -32.178], [28.0319, -32.2252], [28.0646, -32.2369], [28.0916, -32.2497], [28.1221, -32.2643], [28.1647, -32.2917], [28.1945, -32.3266], [28.253, -32.3689], [28.3067, -32.4271], [28.3221, -32.452]]}}, {"type": "Feature", "properties": {"country": "South Africa", "operator": "Telkom South Africa"}, "geometry": {"type": "LineString", "coordinates": [[27.8532, -32.0165], [27.861, -31.9297], [27.8636, -31.8815], [27.8831, -31.8529], [27.9247, -31.8304], [27.9604, -31.7963], [27.9859, -31.7565], [28.0219, -31.6998], [28.0255, -31.6791], [28.0553, -31.6686], [28.1233, -31.6461], [28.2055, -31.621], [28.2594, -31.601], [28.3521, -31.5716], [28.4388, -31.553], [28.4913, -31.5506], [28.5514, -31.5544], [28.5911, -31.5595], [28.6646, -31.5808], [28.7351, -31.5901], [28.7919, -31.5919]]}}, {"type": "Feature", "properties": {"country": "South Africa", "operator": "Telkom South Africa"}, "geometry": {"type": "LineString", "coordinates": [[28.2468, -32.156], [28.3057, -32.1301], [28.3332, -32.11], [28.3654, -32.0739], [28.3935, -31.9984], [28.4322, -31.9409], [28.4638, -31.9024], [28.5095, -31.8613], [28.5618, -31.834], [28.6247, -31.8022], [28.6711, -31.7759], [28.7369, -31.7334]]}}, {"type": "Feature", "properties": {"country": "South Africa", "operator": "Telkom South Africa"}, "geometry": {"type": "LineString", "coordinates": [[28.3566, -32.0856], [28.3793, -32.1166], [28.4129, -32.1431], [28.4559, -32.1604], [28.5084, -32.2035], [28.5554, -32.2478]]}}, {"type": "Feature", "properties": {"country": "South Africa", "operator": "Telkom South Africa"}, "geometry": {"type": "LineString", "coordinates": [[28.737, -31.73], [28.8143, -31.7885], [28.8746, -31.8149], [28.9456, -31.8368], [29.0456, -31.8683], [29.1219, -31.8993], [29.1743, -31.9298], [29.2196, -31.8529], [29.1967, -31.8218], [29.1273, -31.772], [29.0932, -31.7205], [29.0813, -31.6749], [29.0716, -31.6264], [29.0717, -31.5811], [29.0694, -31.5161]]}}, {"type": "Feature", "properties": {"country": "South Africa", "operator": "Telkom South Africa"}, "geometry": {"type": "LineString", "coordinates": [[28.7425, -31.7286], [28.7984, -31.5897], [28.8433, -31.5912], [28.8778, -31.5872], [28.9202, -31.5792], [28.955, -31.565], [29.0099, -31.537], [29.034, -31.5274], [29.0796, -31.5212], [29.1065, -31.511], [29.1421, -31.5118], [29.1664, -31.5146], [29.2197, -31.5271], [29.264, -31.5387], [29.3147, -31.5517], [29.3538, -31.5542], [29.3832, -31.5536], [29.4187, -31.5644], [29.5309, -31.613]]}}, {"type": "Feature", "properties": {"country": "South Africa", "operator": "Telkom South Africa"}, "geometry": {"type": "LineString", "coordinates": [[28.798, -31.591], [28.8105, -31.5229], [28.8068, -31.4732], [28.8083, -31.41], [28.8017, -31.3156], [28.798, -31.3012], [28.8193, -31.2695], [28.857, -31.2221], [28.8987, -31.1563], [28.9464, -31.0692], [29.0168, -30.9553], [29.0177, -30.9249], [29.0189, -30.9071], [29.0831, -30.8948], [29.1321, -30.8803], [29.1769, -30.8718], [29.2397, -30.8546], [29.2954, -30.8438], [29.3351, -30.8386], [29.3883, -30.8182], [29.4309, -30.7798], [29.4663, -30.7478], [29.4914, -30.7103], [29.5097, -30.6691], [29.5095, -30.6465], [29.5006, -30.6131], [29.4908, -30.5648], [29.4823, -30.544]]}}, {"type": "Feature", "properties": {"country": "South Africa", "operator": "Telkom South Africa"}, "geometry": {"type": "LineString", "coordinates": [[29.524, -31.6093], [29.5888, -31.541], [29.6006, -31.5185], [29.5979, -31.4634], [29.5973, -31.4055], [29.5967, -31.3703], [29.6069, -31.3532], [29.5905, -31.3135], [29.5762, -31.271], [29.5713, -31.2417], [29.5732, -31.1935], [29.5743, -31.1756], [29.5689, -31.144], [29.5395, -31.0667], [29.5548, -31.0359], [29.587, -30.9918], [29.6054, -30.9504], [29.6286, -30.9055], [29.6647, -30.8757], [29.6943, -30.8547], [29.7423, -30.8477], [29.7811, -30.8501], [29.8233, -30.8542], [29.8613, -30.8643], [29.8995, -30.8642], [29.9581, -30.8854], [30.0257, -30.917], [30.106, -30.9412], [30.1795, -30.9616], [30.2248, -30.9651], [30.2557, -30.9486], [30.2828, -30.9178], [30.3111, -30.8918]]}}, {"type": "Feature", "properties": {"country": "South Africa", "operator": "Telkom South Africa"}, "geometry": {"type": "LineString", "coordinates": [[29.321, -30.842], [29.3115, -31.0279]]}}, {"type": "Feature", "properties": {"country": "South Africa", "operator": "Telkom South Africa"}, "geometry": {"type": "LineString", "coordinates": [[29.8615, -30.8576], [29.7444, -30.815], [29.6845, -30.789], [29.6514, -30.7625], [29.604, -30.7262], [29.5667, -30.6829], [29.5297, -30.6295], [29.5139, -30.5797], [29.4889, -30.5392], [29.4833, -30.5176], [29.4904, -30.4658], [29.4975, -30.4141], [29.4946, -30.3593], [29.4942, -30.3141], [29.4727, -30.2554], [29.4521, -30.199], [29.4474, -30.1471], [29.4394, -30.0958], [29.4353, -29.9729], [29.4442, -29.9059], [29.4586, -29.8603], [29.4885, -29.8192], [29.5288, -29.7961]]}}, {"type": "Feature", "properties": {"country": "South Africa", "operator": "Telkom South Africa"}, "geometry": {"type": "LineString", "coordinates": [[30.3104, -30.892], [30.3852, -30.8053], [30.4874, -30.6571], [30.5243, -30.619], [30.574, -30.5301], [30.6718, -30.4034], [30.7033, -30.336], [30.7456, -30.2436], [30.7655, -30.199], [30.7867, -30.1591], [30.8133, -30.1283], [30.8351, -30.0908], [30.8716, -30.0325], [30.9412, -29.9673], [30.997, -29.8948], [31.0166, -29.8603]]}}, {"type": "Feature", "properties": {"country": "South Africa", "operator": "Telkom South Africa"}, "geometry": {"type": "LineString", "coordinates": [[29.5233, -29.7961], [29.6223, -29.8271], [29.6975, -29.8576], [29.7995, -29.8902], [29.8352, -29.8932], [29.8884, -29.9178], [29.9421, -29.9448], [29.9837, -29.9919], [30.0034, -30.0333], [30.011, -30.0621], [30.0249, -30.0921], [30.0582, -30.1182], [30.0854, -30.143], [30.1497, -30.1855], [30.2078, -30.2267], [30.272, -30.2591], [30.322, -30.2717], [30.3806, -30.2724], [30.437, -30.2761], [30.4776, -30.2855], [30.5079, -30.2895], [30.5581, -30.302], [30.6943, -30.34]]}}, {"type": "Feature", "properties": {"country": "South Africa", "operator": "Telkom South Africa"}, "geometry": {"type": "LineString", "coordinates": [[26.7523, -30.692], [26.6765, -30.6924], [26.6259, -30.701], [26.5653, -30.7289], [26.5096, -30.7659], [26.4668, -30.8082], [26.4408, -30.8476], [26.4047, -30.8938], [26.3934, -30.9082], [26.4066, -30.9637], [26.4096, -31.0259], [26.4012, -31.09], [26.3933, -31.1689], [26.3824, -31.2233], [26.387, -31.3051], [26.4069, -31.3769], [26.4156, -31.4404], [26.4433, -31.4984], [26.4749, -31.5205], [26.5048, -31.5355], [26.5364, -31.5451], [26.5823, -31.5497], [26.6081, -31.5452], [26.6968, -31.5324], [26.7676, -31.5103], [26.8281, -31.4672], [26.8914, -31.4363], [26.9584, -31.3971], [27.0125, -31.3901], [27.0734, -31.387], [27.128, -31.3824], [27.1797, -31.3908], [27.2287, -31.4122], [27.3059, -31.4286], [27.3735, -31.4417], [27.4703, -31.4421], [27.5337, -31.4257], [27.556, -31.4092], [27.6181, -31.3757], [27.6673, -31.3494], [27.7171, -31.3254], [27.7558, -31.316], [27.7935, -31.3142], [27.8311, -31.3124], [27.8722, -31.3125], [27.9002, -31.3074], [27.9615, -31.3063], [28.0501, -31.2851], [28.1169, -31.2704], [28.1736, -31.2501], [28.2179, -31.227], [28.2741, -31.1815], [28.326, -31.1418], [28.3812, -31.0689], [28.419, -31.0091], [28.4553, -30.9545], [28.4711, -30.9013], [28.5126, -30.788], [28.5459, -30.686], [28.5804, -30.624], [28.6055, -30.5487], [28.6462, -30.4879], [28.6751, -30.4748], [28.7094, -30.4608], [28.753, -30.4374], [28.7871, -30.4108], [28.8527, -30.3382], [28.8703, -30.3441], [28.9192, -30.3521], [28.9754, -30.3535], [29.0226, -30.3542], [29.0817, -30.3679], [29.113, -30.3869], [29.168, -30.4064], [29.2131, -30.4228], [29.2544, -30.4477], [29.3036, -30.4684], [29.3657, -30.5013], [29.4322, -30.5411], [29.4731, -30.5407], [29.4911, -30.5422]]}}, {"type": "Feature", "properties": {"country": "South Africa", "operator": "Telkom South Africa"}, "geometry": {"type": "LineString", "coordinates": [[26.7545, -30.686], [26.7809, -30.7586], [26.8121, -30.8491], [26.8306, -30.9156], [26.8419, -30.9792], [26.8462, -31.0461], [26.8492, -31.0916], [26.8507, -31.1159]]}}, {"type": "Feature", "properties": {"country": "South Africa", "operator": "Telkom South Africa"}, "geometry": {"type": "LineString", "coordinates": [[26.5024, -30.2112], [26.5655, -30.237], [26.6098, -30.2541], [26.6355, -30.2625], [26.6614, -30.274], [26.7209, -30.2999], [26.7539, -30.308], [26.7686, -30.3137], [26.806, -30.334]]}}, {"type": "Feature", "properties": {"country": "South Africa", "operator": "Telkom South Africa"}, "geometry": {"type": "LineString", "coordinates": [[26.8098, -30.337], [26.8174, -30.3957], [26.8137, -30.4485], [26.8065, -30.5014], [26.7923, -30.5575], [26.7802, -30.5919], [26.7573, -30.6791], [26.7478, -30.6979]]}}, {"type": "Feature", "properties": {"country": "South Africa", "operator": "Telkom South Africa"}, "geometry": {"type": "LineString", "coordinates": [[26.8083, -30.3338], [26.8455, -30.3288], [26.9023, -30.3161], [26.9379, -30.3041], [26.9947, -30.2939], [27.0575, -30.2834], [27.0909, -30.2847], [27.1752, -30.281]]}}, {"type": "Feature", "properties": {"country": "South Africa", "operator": "Telkom South Africa"}, "geometry": {"type": "LineString", "coordinates": [[26.7553, -30.6885], [26.817, -30.6968], [26.8642, -30.7165], [26.8928, -30.7262], [26.9342, -30.7353], [26.9655, -30.7469], [27.0146, -30.7578], [27.0432, -30.7674], [27.0977, -30.7823], [27.1263, -30.7919], [27.1727, -30.8006], [27.2092, -30.8141]]}}, {"type": "Feature", "properties": {"country": "South Africa", "operator": "Telkom South Africa"}, "geometry": {"type": "LineString", "coordinates": [[27.2133, -30.8158], [27.2211, -30.7828], [27.2328, -30.7343], [27.2431, -30.7053], [27.2635, -30.6737], [27.2892, -30.644], [27.3201, -30.6161], [27.3541, -30.5948], [27.3782, -30.576], [27.4092, -30.5483]]}}, {"type": "Feature", "properties": {"country": "South Africa", "operator": "Telkom South Africa"}, "geometry": {"type": "LineString", "coordinates": [[26.9684, -29.7559], [27.0116, -29.8227], [27.0665, -29.9109], [27.1226, -29.9832], [27.1371, -30.0067], [27.1484, -30.0567], [27.1635, -30.1239], [27.1724, -30.2783], [27.4165, -30.5476]]}}, {"type": "Feature", "properties": {"country": "South Africa", "operator": "Telkom South Africa"}, "geometry": {"type": "LineString", "coordinates": [[26.2472, -29.1221], [26.2984, -29.2226], [26.3251, -29.2705], [26.3655, -29.3309], [26.411, -29.3954], [26.4983, -29.4776], [26.5795, -29.5509], [26.6618, -29.6085], [26.7248, -29.645], [26.7457, -29.6549], [26.8086, -29.6913], [26.8992, -29.7306], [26.974, -29.7597]]}}, {"type": "Feature", "properties": {"country": "South Africa", "operator": "Telkom South Africa"}, "geometry": {"type": "LineString", "coordinates": [[26.2386, -29.1135], [26.2994, -29.1421], [26.3473, -29.1689], [26.4045, -29.1864], [26.4712, -29.1969], [26.522, -29.1992], [26.5912, -29.2117], [26.6651, -29.2196], [26.7258, -29.2213], [26.7781, -29.2186], [26.8483, -29.2051], [26.9068, -29.1943], [26.953, -29.1916], [27.0329, -29.1858], [27.0751, -29.1794], [27.1197, -29.1729], [27.1891, -29.163], [27.2587, -29.1553], [27.3319, -29.1628], [27.3825, -29.1713], [27.4364, -29.1905], [27.4799, -29.2045], [27.4875, -29.2077]]}}, {"type": "Feature", "properties": {"country": "South Africa", "operator": "Telkom South Africa"}, "geometry": {"type": "LineString", "coordinates": [[26.965, -29.7516], [26.9767, -29.682], [26.9886, -29.6489], [27.0049, -29.6115], [27.0287, -29.5819], [27.0644, -29.5538], [27.1123, -29.5332], [27.1551, -29.5046], [27.2013, -29.4575], [27.2544, -29.4079], [27.303, -29.3626], [27.3609, -29.3147], [27.4303, -29.262], [27.4925, -29.2074]]}}, {"type": "Feature", "properties": {"country": "South Africa", "operator": "Telkom South Africa"}, "geometry": {"type": "LineString", "coordinates": [[27.1423, -28.9594], [27.1531, -29.011], [27.1587, -29.0564], [27.1524, -29.1002], [27.1311, -29.1322], [27.0987, -29.1751]]}}, {"type": "Feature", "properties": {"country": "South Africa", "operator": "Telkom South Africa"}, "geometry": {"type": "LineString", "coordinates": [[27.4987, -29.2085], [27.5229, -29.2176], [27.5409, -29.2393], [27.5546, -29.2675], [27.5613, -29.298], [27.5666, -29.3409], [27.5621, -29.3781], [27.5796, -29.3936], [27.6091, -29.4126], [27.6435, -29.4333], [27.6561, -29.447]]}}, {"type": "Feature", "properties": {"country": "South Africa", "operator": "Telkom South Africa"}, "geometry": {"type": "LineString", "coordinates": [[26.6736, -28.3567], [26.7479, -28.4206], [26.8153, -28.4574], [26.8958, -28.4811], [26.9754, -28.4983], [27.0475, -28.5117], [27.1226, -28.5062], [27.1998, -28.4983], [27.2573, -28.479], [27.3023, -28.4519], [27.3817, -28.4105], [27.4601, -28.3879], [27.5245, -28.3681], [27.5918, -28.3543], [27.6542, -28.3386], [27.6915, -28.3346], [27.7804, -28.3279], [27.8673, -28.3275], [27.9442, -28.3192], [27.9865, -28.319], [28.0802, -28.316], [28.1542, -28.2994], [28.2025, -28.2821], [28.2649, -28.2659], [28.3531, -28.246]]}}, {"type": "Feature", "properties": {"country": "South Africa", "operator": "Telkom South Africa"}, "geometry": {"type": "LineString", "coordinates": [[27.9866, -28.3211], [27.9699, -28.5587]]}}, {"type": "Feature", "properties": {"country": "South Africa", "operator": "Telkom South Africa"}, "geometry": {"type": "LineString", "coordinates": [[27.457, -28.6569], [27.6027, -28.8947]]}}, {"type": "Feature", "properties": {"country": "South Africa", "operator": "Telkom South Africa"}, "geometry": {"type": "LineString", "coordinates": [[27.4952, -29.2116], [27.5232, -29.1797], [27.5447, -29.1542], [27.5599, -29.1065], [27.568, -29.0592], [27.5777, -29.0015], [27.5884, -28.9581], [27.5885, -28.9294], [27.5972, -28.89], [27.6115, -28.8934], [27.6326, -28.8923], [27.651, -28.8872], [27.7013, -28.8703], [27.7492, -28.8514], [27.81, -28.8481], [27.8638, -28.8453], [27.8986, -28.8414], [27.9307, -28.8314], [27.9837, -28.8183], [28.0238, -28.7895], [28.0768, -28.7476], [28.121, -28.7122], [28.1725, -28.6805], [28.1954, -28.6421], [28.2323, -28.5698], [28.2463, -28.5048], [28.2718, -28.4349], [28.3019, -28.3644], [28.3314, -28.3166], [28.3488, -28.2632], [28.3521, -28.2441]]}}, {"type": "Feature", "properties": {"country": "South Africa", "operator": "Telkom South Africa"}, "geometry": {"type": "LineString", "coordinates": [[28.3534, -28.2465], [28.3814, -28.1896], [28.4078, -28.0834], [28.4356, -27.9644], [28.4769, -27.8108], [28.4054, -27.7941], [28.3645, -27.7798], [28.3328, -27.7629], [28.3056, -27.7457], [28.2761, -27.7286], [28.2387, -27.6994], [28.183, -27.6502], [28.1728, -27.6403]]}}, {"type": "Feature", "properties": {"country": "South Africa", "operator": "Telkom South Africa"}, "geometry": {"type": "LineString", "coordinates": [[28.3534, -28.2479], [28.439, -28.2347], [28.5172, -28.2426], [28.5622, -28.2483], [28.6337, -28.2626], [28.6718, -28.2706], [28.7487, -28.2701], [28.8018, -28.2628], [28.8733, -28.2523], [28.8851, -28.2536], [28.8758, -28.3385], [28.8709, -28.3921], [28.8824, -28.4466], [28.8879, -28.4851], [28.8937, -28.4991], [28.9543, -28.4708], [28.9896, -28.4461], [29.0647, -28.3964], [29.1166, -28.3461], [29.1466, -28.3134], [29.1842, -28.2597], [29.196, -28.2322]]}}, {"type": "Feature", "properties": {"country": "South Africa", "operator": "Telkom South Africa"}, "geometry": {"type": "LineString", "coordinates": [[29.1952, -28.2339], [29.1681, -28.1851], [29.1388, -28.1101], [29.1085, -28.0513], [29.0833, -27.998], [29.0391, -27.9112], [29.0571, -27.8489], [29.0587, -27.7855], [29.0576, -27.7159], [29.086, -27.6382], [29.1177, -27.5723], [29.155, -27.5184], [29.1573, -27.5182], [29.1824, -27.4835], [29.2049, -27.4469]]}}, {"type": "Feature", "properties": {"country": "South Africa", "operator": "Telkom South Africa"}, "geometry": {"type": "LineString", "coordinates": [[28.6474, -27.0582], [28.7814, -27.1726], [28.8411, -27.2152], [28.913, -27.2653], [28.97, -27.3057], [29.2026, -27.447], [29.2853, -27.5224], [29.3326, -27.5626], [29.3893, -27.6043], [29.4509, -27.6516], [29.5013, -27.6729], [29.544, -27.6845], [29.5901, -27.6814]]}}, {"type": "Feature", "properties": {"country": "South Africa", "operator": "Telkom South Africa"}, "geometry": {"type": "LineString", "coordinates": [[27.9948, -27.2732], [28.0961, -27.2883], [28.1762, -27.3024], [28.2419, -27.3111], [28.3134, -27.307], [28.5281, -27.2986], [28.5592, -27.2514], [28.5864, -27.1836], [28.6095, -27.1221], [28.6305, -27.0939], [28.6511, -27.0594]]}}, {"type": "Feature", "properties": {"country": "South Africa", "operator": "Telkom South Africa"}, "geometry": {"type": "LineString", "coordinates": [[28.5616, -27.5733], [28.5551, -27.6395], [28.5429, -27.6915], [28.5268, -27.7232], [28.5083, -27.753], [28.4778, -27.8079]]}}, {"type": "Feature", "properties": {"country": "South Africa", "operator": "Telkom South Africa"}, "geometry": {"type": "LineString", "coordinates": [[26.7696, -28.0383], [26.812, -28.0075], [26.842, -27.9999], [26.8781, -27.9797], [26.893, -27.9584], [26.9109, -27.9162], [26.9568, -27.8727], [26.998, -27.8294], [27.0448, -27.7961], [27.0918, -27.767], [27.1142, -27.7534], [27.1616, -27.7304], [27.2114, -27.7072], [27.2779, -27.6874], [27.3211, -27.7351], [27.3638, -27.7745], [27.4192, -27.8296], [27.4868, -27.8923], [27.5676, -27.9458], [27.6113, -27.9723], [27.6763, -28.0038], [27.7408, -28.029], [27.8138, -28.0436], [27.8908, -28.0476], [27.969, -27.8668], [28.1752, -27.6422]]}}, {"type": "Feature", "properties": {"country": "South Africa", "operator": "Telkom South Africa"}, "geometry": {"type": "LineString", "coordinates": [[26.0099, -27.2577], [26.0537, -27.2456], [26.0794, -27.2446], [26.1069, -27.2351], [26.1333, -27.2111], [26.1599, -27.1891], [26.176, -27.1843], [26.2065, -27.2186], [26.2404, -27.236], [26.2843, -27.2614], [26.3013, -27.2711], [26.3377, -27.257], [26.362, -27.2352], [26.3977, -27.2107], [26.4366, -27.177], [26.4757, -27.1551], [26.5177, -27.1198], [26.5551, -27.1032], [26.6078, -27.0697], [26.6456, -27.0407], [26.6708, -27.0209], [26.6794, -26.9866], [26.6767, -26.9446], [26.6949, -26.9015], [26.7138, -26.8574]]}}, {"type": "Feature", "properties": {"country": "South Africa", "operator": "Telkom South Africa"}, "geometry": {"type": "LineString", "coordinates": [[26.3006, -27.2679], [26.3175, -27.3107], [26.3331, -27.3348], [26.3711, -27.3456], [26.479, -27.3575], [26.5597, -27.3828], [26.6071, -27.3971], [26.6383, -27.4122], [26.6543, -27.4444], [26.6507, -27.4959], [26.6424, -27.5475], [26.6332, -27.6196], [26.6031, -27.6904], [26.5771, -27.7181], [26.533, -27.7527], [26.4955, -27.7809], [26.4645, -27.8047], [26.4343, -27.8386], [26.411, -27.8722]]}}, {"type": "Feature", "properties": {"country": "South Africa", "operator": "Telkom South Africa"}, "geometry": {"type": "LineString", "coordinates": [[26.6432, -27.4257], [26.6634, -27.4496], [26.6777, -27.5602], [26.6679, -27.6222], [26.6815, -27.722], [26.7006, -27.8007], [26.7192, -27.8712], [26.7214, -27.9056], [26.7191, -27.9057], [26.6734, -27.9871]]}}, {"type": "Feature", "properties": {"country": "South Africa", "operator": "Telkom South Africa"}, "geometry": {"type": "LineString", "coordinates": [[26.644, -27.4152], [26.6886, -27.4194], [26.7205, -27.4097], [26.7477, -27.3981], [26.7718, -27.3763], [26.8, -27.3461], [26.8327, -27.3135], [26.8686, -27.2931], [26.8978, -27.2773], [26.9542, -27.2518], [26.9969, -27.2289], [27.2797, -27.6912]]}}, {"type": "Feature", "properties": {"country": "South Africa", "operator": "Telkom South Africa"}, "geometry": {"type": "LineString", "coordinates": [[27.2786, -27.6872], [27.4231, -27.0305], [27.459, -26.9762], [27.5139, -26.9271]]}}, {"type": "Feature", "properties": {"country": "South Africa", "operator": "Telkom South Africa"}, "geometry": {"type": "LineString", "coordinates": [[27.514, -26.9292], [27.6332, -27.3525], [27.6818, -27.4552], [27.709, -27.5154], [27.7248, -27.5781], [27.7279, -27.625], [27.7192, -27.6684], [27.7055, -27.7038], [27.6661, -27.8403], [27.638, -27.935], [27.6249, -27.9803]]}}, {"type": "Feature", "properties": {"country": "South Africa", "operator": "Telkom South Africa"}, "geometry": {"type": "LineString", "coordinates": [[27.9504, -26.9417], [27.9564, -26.9911], [27.9552, -27.0366], [27.9651, -27.1082], [27.9671, -27.1656], [27.9813, -27.2325], [27.9983, -27.2745], [28.0651, -27.4298], [28.1335, -27.5782], [28.1773, -27.6425]]}}, {"type": "Feature", "properties": {"country": "South Africa", "operator": "Telkom South Africa"}, "geometry": {"type": "LineString", "coordinates": [[28.385, -31.0701], [28.4486, -31.0847], [28.4758, -31.0977], [28.528, -31.1435], [28.5832, -31.1862], [28.6446, -31.2259], [28.6997, -31.2685], [28.754, -31.2999], [28.7906, -31.3096]]}}, {"type": "Feature", "properties": {"country": "South Africa", "operator": "Telkom South Africa"}, "geometry": {"type": "LineString", "coordinates": [[28.7425, -31.9444], [28.7642, -31.9184], [28.7856, -31.8897], [28.7971, -31.8613], [28.8019, -31.8303], [28.8126, -31.7879]]}}, {"type": "Feature", "properties": {"country": "South Africa", "operator": "Telkom South Africa"}, "geometry": {"type": "LineString", "coordinates": [[29.7658, -30.931], [29.8104, -30.9121], [29.8419, -30.8938], [29.8692, -30.8644]]}}, {"type": "Feature", "properties": {"country": "South Africa", "operator": "Telkom South Africa"}, "geometry": {"type": "LineString", "coordinates": [[29.4835, -30.5439], [29.5322, -30.5389], [29.5579, -30.535], [29.5993, -30.5248], [29.6452, -30.5311], [29.704, -30.5368], [29.7565, -30.5456], [29.825, -30.5508], [29.8741, -30.5569], [29.9208, -30.5743], [29.9805, -30.5938], [30.0179, -30.62], [30.0592, -30.6544], [30.1011, -30.697], [30.1334, -30.7401], [30.1513, -30.7644], [30.1557, -30.7809], [30.2201, -30.7722], [30.2268, -30.7747], [30.243, -30.7739], [30.2689, -30.7726], [30.3994, -30.7772]]}}, {"type": "Feature", "properties": {"country": "South Africa", "operator": "Telkom South Africa"}, "geometry": {"type": "LineString", "coordinates": [[29.8941, -30.5644], [29.8961, -30.5], [29.8991, -30.4494], [29.9087, -30.4013], [29.9188, -30.3588], [29.9229, -30.3249], [29.9266, -30.2854], [29.9486, -30.2731], [29.9891, -30.2487], [30.0268, -30.23], [30.0658, -30.1831], [30.0928, -30.1508]]}}, {"type": "Feature", "properties": {"country": "South Africa", "operator": "Telkom South Africa"}, "geometry": {"type": "LineString", "coordinates": [[29.5384, -29.7077], [29.5289, -29.7982]]}}, {"type": "Feature", "properties": {"country": "South Africa", "operator": "Telkom South Africa"}, "geometry": {"type": "LineString", "coordinates": [[29.8434, -29.8966], [29.829, -29.8673], [29.8129, -29.8433], [29.8022, -29.8103], [29.8083, -29.7834], [29.8247, -29.7578], [29.8553, -29.7298], [29.8932, -29.7173], [29.9251, -29.7069], [29.9654, -29.6996], [30.0016, -29.6924], [30.0379, -29.6871], [30.0725, -29.6854], [30.11, -29.6692], [30.1504, -29.6387], [30.187, -29.6101], [30.2207, -29.5709], [30.2384, -29.536], [30.2467, -29.4836], [30.249, -29.4602]]}}, {"type": "Feature", "properties": {"country": "South Africa", "operator": "Telkom South Africa"}, "geometry": {"type": "LineString", "coordinates": [[30.0923, -30.1515], [30.1424, -30.1139], [30.1669, -30.09], [30.2037, -30.039], [30.2233, -29.9992], [30.2534, -29.9624], [30.2766, -29.9153], [30.3246, -29.8757], [30.3586, -29.8404], [30.3827, -29.8073], [30.4001, -29.7674], [30.4112, -29.7242], [30.4065, -29.6872], [30.3974, -29.6467], [30.3837, -29.5994]]}}, {"type": "Feature", "properties": {"country": "South Africa", "operator": "Telkom South Africa"}, "geometry": {"type": "LineString", "coordinates": [[29.8874, -28.9888], [29.9301, -29.0309], [29.9604, -29.0543], [29.9939, -29.0927], [30.0147, -29.1353], [30.0355, -29.1797], [30.034, -29.2157], [30.0254, -29.2425], [30.0176, -29.2787], [30.013, -29.3015], [30.035, -29.3343], [30.058, -29.3519], [30.0894, -29.3709], [30.1276, -29.3951], [30.1626, -29.4063], [30.1964, -29.4289], [30.2413, -29.4564], [30.2528, -29.4671], [30.3004, -29.5019], [30.3472, -29.5536], [30.3804, -29.5966], [30.4073, -29.6119], [30.4521, -29.6374], [30.4949, -29.6649], [30.5371, -29.6831], [30.5883, -29.7082], [30.6223, -29.7324], [30.6525, -29.7344], [30.6736, -29.7296], [30.7085, -29.7369], [30.7397, -29.7519], [30.8017, -29.7765], [30.8485, -29.7981], [30.8997, -29.8214], [30.94, -29.8415], [30.9758, -29.8582], [31.0126, -29.8599]]}}, {"type": "Feature", "properties": {"country": "South Africa", "operator": "Telkom South Africa"}, "geometry": {"type": "LineString", "coordinates": [[30.5429, -29.8822], [30.5473, -29.8559], [30.5544, -29.8369], [30.567, -29.8064], [30.5802, -29.7832], [30.6019, -29.7578], [30.6214, -29.7324]]}}, {"type": "Feature", "properties": {"country": "South Africa", "operator": "Telkom South Africa"}, "geometry": {"type": "LineString", "coordinates": [[29.4956, -28.9898], [29.5152, -28.9702], [29.5286, -28.9509], [29.5258, -28.9155], [29.5279, -28.8873], [29.5434, -28.8659], [29.5743, -28.8494]]}}, {"type": "Feature", "properties": {"country": "South Africa", "operator": "Telkom South Africa"}, "geometry": {"type": "LineString", "coordinates": [[29.788, -29.0706], [29.8099, -29.0491], [29.8237, -29.0335], [29.842, -29.0214]]}}, {"type": "Feature", "properties": {"country": "South Africa", "operator": "Telkom South Africa"}, "geometry": {"type": "LineString", "coordinates": [[29.1957, -28.2293], [29.2457, -28.2633], [29.2971, -28.2877], [29.353, -28.3175], [29.4378, -28.3684], [29.4815, -28.3832], [29.5256, -28.4056], [29.5781, -28.4219], [29.6638, -28.4501], [29.7204, -28.4909], [29.7619, -28.5322], [29.7943, -28.5964], [29.8241, -28.6867], [29.8382, -28.7645], [29.8582, -28.8363], [29.8622, -28.8919], [29.8673, -28.9325], [29.8848, -28.9687], [29.8864, -28.9909]]}}, {"type": "Feature", "properties": {"country": "South Africa", "operator": "Telkom South Africa"}, "geometry": {"type": "LineString", "coordinates": [[30.1126, -28.324], [30.1342, -28.3267], [30.1543, -28.3389], [30.1723, -28.3531], [30.1827, -28.3809], [30.1869, -28.4108], [30.1941, -28.4538], [30.195, -28.4669]]}}, {"type": "Feature", "properties": {"country": "South Africa", "operator": "Telkom South Africa"}, "geometry": {"type": "LineString", "coordinates": [[29.3978, -28.7296], [29.4249, -28.6928], [29.4563, -28.6575], [29.4966, -28.6237], [29.5398, -28.5992], [29.5916, -28.5742], [29.6439, -28.5567], [29.6816, -28.5455], [29.7087, -28.5348], [29.7527, -28.5232], [29.7922, -28.5081], [29.8491, -28.4977], [29.9247, -28.4807], [29.9761, -28.4517], [30.0202, -28.4098], [30.0679, -28.3583], [30.1122, -28.3183], [30.1486, -28.2881], [30.1992, -28.2456], [30.2311, -28.2116], [30.2492, -28.1953]]}}, {"type": "Feature", "properties": {"country": "South Africa", "operator": "Telkom South Africa"}, "geometry": {"type": "LineString", "coordinates": [[29.8881, -28.9901], [29.9211, -28.9754], [29.9574, -28.9475], [29.9773, -28.9297], [30.0022, -28.9191], [30.0355, -28.9081], [30.0711, -28.8969], [30.098, -28.8843], [30.1143, -28.8741], [30.1365, -28.8842], [30.1572, -28.9018], [30.1949, -28.9185], [30.2387, -28.9329], [30.2345, -28.9331], [30.2861, -28.9397], [30.3186, -28.9473], [30.3596, -28.9563], [30.3952, -28.9768], [30.4617, -29.0122], [30.503, -29.0228], [30.5503, -29.0294], [30.625, -29.0328]]}}, {"type": "Feature", "properties": {"country": "South Africa", "operator": "Telkom South Africa"}, "geometry": {"type": "LineString", "coordinates": [[30.2493, -28.1918], [30.3082, -28.2575], [30.3499, -28.3207], [30.3943, -28.3748], [30.4222, -28.4326], [30.4528, -28.484], [30.4852, -28.5616], [30.5031, -28.6251], [30.5041, -28.6837], [30.4985, -28.7427], [30.5075, -28.8156], [30.5457, -28.8779], [30.5902, -28.9368], [30.6142, -28.9881], [30.6237, -29.0254], [30.6408, -29.074], [30.6652, -29.1309], [30.692, -29.1759], [30.6975, -29.2046], [30.6937, -29.2426], [30.6863, -29.2779], [30.6646, -29.2994], [30.6441, -29.3383], [30.654, -29.3812], [30.6772, -29.4235], [30.68, -29.461], [30.682, -29.487], [30.6698, -29.5021], [30.6405, -29.5124], [30.5818, -29.53], [30.5189, -29.5363], [30.4669, -29.5566], [30.432, -29.5816], [30.4006, -29.6094]]}}, {"type": "Feature", "properties": {"country": "South Africa", "operator": "Telkom South Africa"}, "geometry": {"type": "LineString", "coordinates": [[30.6457, -29.3532], [30.7089, -29.3467], [30.7805, -29.3632], [30.8458, -29.3829], [30.8901, -29.3921], [30.9489, -29.415], [30.9904, -29.433], [31.0418, -29.4475], [31.0828, -29.4568], [31.1285, -29.4834], [31.153, -29.4965], [31.1896, -29.5352], [31.1959, -29.5728]]}}, {"type": "Feature", "properties": {"country": "South Africa", "operator": "Telkom South Africa"}, "geometry": {"type": "LineString", "coordinates": [[31.0165, -29.8628], [30.9998, -29.7984], [30.9876, -29.7607], [30.9904, -29.7161], [30.9988, -29.6847], [31.01, -29.6608], [31.0275, -29.6326], [31.0505, -29.6156], [31.0814, -29.5884], [31.1088, -29.5711], [31.142, -29.5689], [31.1672, -29.577], [31.1957, -29.5712]]}}, {"type": "Feature", "properties": {"country": "South Africa", "operator": "Telkom South Africa"}, "geometry": {"type": "LineString", "coordinates": [[30.6407, -29.0615], [30.6784, -29.063], [30.7205, -29.0623], [30.7601, -29.0599], [30.7963, -29.0421], [30.8291, -29.0128], [30.8839, -28.9838], [30.9162, -28.9738], [30.9415, -28.9839], [30.97, -29.0054], [30.9919, -29.0291], [31.015, -29.0664], [31.0453, -29.1092], [31.0733, -29.1483], [31.1025, -29.1775], [31.1101, -29.1886], [31.1297, -29.2357], [31.142, -29.2755], [31.1558, -29.3074], [31.1807, -29.3135], [31.2091, -29.3097], [31.2312, -29.3082], [31.2513, -29.3107]]}}, {"type": "Feature", "properties": {"country": "South Africa", "operator": "Telkom South Africa"}, "geometry": {"type": "LineString", "coordinates": [[31.0151, -29.8576], [31.0277, -29.8259], [31.0263, -29.7855], [31.0369, -29.7558], [31.0499, -29.7279], [31.0659, -29.6843], [31.0907, -29.6633], [31.1197, -29.64]]}}, {"type": "Feature", "properties": {"country": "South Africa", "operator": "Telkom South Africa"}, "geometry": {"type": "LineString", "coordinates": [[30.7438, -29.995], [30.7724, -29.9913], [30.8122, -29.9869], [30.8521, -29.9844], [30.8948, -29.9894], [30.9134, -29.9979]]}}, {"type": "Feature", "properties": {"country": "South Africa", "operator": "Telkom South Africa"}, "geometry": {"type": "LineString", "coordinates": [[24.671, -27.8319], [24.7109, -27.7814], [24.7454, -27.7692], [24.804, -27.7663], [24.8392, -27.7645]]}}, {"type": "Feature", "properties": {"country": "South Africa", "operator": "Telkom South Africa"}, "geometry": {"type": "LineString", "coordinates": [[26.8834, -27.9692], [26.921, -27.9692], [26.9644, -27.9706], [27.0135, -27.975], [27.0456, -27.9769], [27.0891, -27.9816], [27.1139, -27.9871], [27.1352, -27.9978], [27.1521, -28.0303], [27.1575, -28.0583], [27.1581, -28.0998], [27.1547, -28.1065], [27.1365, -28.1173], [27.1141, -28.12], [27.0841, -28.1214], [27.0466, -28.1231], [27.0181, -28.1194], [26.9747, -28.1163], [26.9385, -28.1096], [26.9012, -28.1162], [26.868, -28.1277]]}}, {"type": "Feature", "properties": {"country": "South Africa", "operator": "Telkom South Africa"}, "geometry": {"type": "LineString", "coordinates": [[24.1984, -26.6128], [24.2884, -26.6921], [24.3501, -26.7515], [24.3838, -26.795], [24.4083, -26.8146], [24.4723, -26.8462], [24.5401, -26.874], [24.5883, -26.8994], [24.669, -26.9473], [24.7486, -26.9745]]}}, {"type": "Feature", "properties": {"country": "South Africa", "operator": "Telkom South Africa"}, "geometry": {"type": "LineString", "coordinates": [[22.881, -27.1119], [22.8832, -27.157], [22.8966, -27.1912], [22.9253, -27.2179], [22.9535, -27.2342], [23.0012, -27.2498], [23.049, -27.2654], [23.0893, -27.2881], [23.1256, -27.311]]}}, {"type": "Feature", "properties": {"country": "South Africa", "operator": "Telkom South Africa"}, "geometry": {"type": "LineString", "coordinates": [[24.767, -26.9675], [24.7982, -26.9034], [24.8269, -26.8011], [24.8484, -26.7098], [24.8672, -26.6394], [24.8944, -26.579], [24.9332, -26.5181], [24.9678, -26.4538], [24.9951, -26.3969], [25.0221, -26.3365], [25.0427, -26.2973], [25.0785, -26.2537], [25.1041, -26.2316], [25.1497, -26.2187], [25.1835, -26.2031], [25.2177, -26.1943], [25.2517, -26.1821], [25.3133, -26.1788], [25.3824, -26.1715], [25.4438, -26.1646], [25.5029, -26.1266], [25.5512, -26.0996], [25.5875, -26.0664], [25.6045, -26.0342], [25.6247, -25.9913], [25.6256, -25.9495], [25.6363, -25.8828], [25.6305, -25.8553]]}}, {"type": "Feature", "properties": {"country": "South Africa", "operator": "Telkom South Africa"}, "geometry": {"type": "LineString", "coordinates": [[25.5216, -25.4656], [25.5329, -25.563], [25.5371, -25.6188], [25.5434, -25.6499], [25.5576, -25.6841], [25.5726, -25.7286], [25.5922, -25.7834], [25.6281, -25.8477], [25.6532, -25.8707], [25.6904, -25.9], [25.7598, -25.9449], [25.8088, -25.977], [25.882, -26.0215], [25.9397, -26.0668], [25.9924, -26.0984], [26.0778, -26.1524], [26.1478, -26.2072], [26.218, -26.2654], [26.3213, -26.3492], [26.4002, -26.3686], [26.4233, -26.3671], [26.4778, -26.3706], [26.5199, -26.3645], [26.6051, -26.366], [26.6786, -26.3648], [26.8639, -26.3597]]}}, {"type": "Feature", "properties": {"country": "South Africa", "operator": "Telkom South Africa"}, "geometry": {"type": "LineString", "coordinates": [[25.6393, -25.859], [25.6763, -25.8289], [25.6948, -25.8139], [25.7218, -25.8088], [25.7847, -25.8154], [25.8284, -25.8267], [25.8519, -25.8288], [25.891, -25.8299], [25.9212, -25.8176], [25.9471, -25.7986], [26.0034, -25.7708], [26.0055, -25.7464], [26.0017, -25.6945], [25.994, -25.6428], [25.9873, -25.605], [25.9986, -25.5487], [26.0235, -25.5194], [26.082, -25.4742], [26.1316, -25.4156], [26.1684, -25.3438], [26.1942, -25.2796], [26.2031, -25.1956], [26.2027, -25.0913], [26.1834, -24.9915], [26.1746, -24.8804], [26.1615, -24.8114], [26.1557, -24.7384], [26.1184, -24.6567], [26.0826, -24.5923]]}}, {"type": "Feature", "properties": {"country": "South Africa", "operator": "Telkom South Africa"}, "geometry": {"type": "LineString", "coordinates": [[26.0538, -25.2568], [26.0433, -25.3201], [26.036, -25.3761], [26.0201, -25.4223], [26.0029, -25.4511], [25.9973, -25.4793], [25.9965, -25.521], [25.9986, -25.5487]]}}, {"type": "Feature", "properties": {"country": "South Africa", "operator": "Telkom South Africa"}, "geometry": {"type": "LineString", "coordinates": [[26.0058, -25.5422], [26.0523, -25.5396], [26.0948, -25.5371], [26.1506, -25.5548], [26.1995, -25.5833], [26.2708, -25.6], [26.3336, -25.6102], [26.3955, -25.6099], [26.4428, -25.6209], [26.4984, -25.6384], [26.5584, -25.6625], [26.5941, -25.6741], [26.6408, -25.6782], [26.687, -25.6752], [26.7256, -25.6762], [26.7679, -25.6735], [26.8292, -25.6695], [26.8673, -25.6636], [26.9328, -25.6627], [27.0257, -25.667], [27.0952, -25.6693], [27.1536, -25.6758], [27.1969, -25.6868], [27.2644, -25.7099]]}}, {"type": "Feature", "properties": {"country": "South Africa", "operator": "Telkom South Africa"}, "geometry": {"type": "LineString", "coordinates": [[26.5777, -25.3824], [26.5971, -25.43], [26.6478, -25.4827], [26.7018, -25.5281], [26.7226, -25.5929], [26.7187, -25.6384], [26.7218, -25.6765]]}}, {"type": "Feature", "properties": {"country": "South Africa", "operator": "Telkom South Africa"}, "geometry": {"type": "LineString", "coordinates": [[26.7136, -26.8562], [26.7054, -26.8009], [26.7044, -26.7347], [26.7129, -26.6923], [26.7216, -26.6534], [26.7445, -26.5962], [26.763, -26.5323], [26.7965, -26.4604], [26.8383, -26.3951], [26.8586, -26.3555], [26.8935, -26.3045], [26.9314, -26.2428], [26.9836, -26.1664], [27.0184, -26.1154], [27.0376, -26.0655], [27.0491, -26.016], [27.0601, -25.9665], [27.0683, -25.9276]]}}, {"type": "Feature", "properties": {"country": "South Africa", "operator": "Telkom South Africa"}, "geometry": {"type": "LineString", "coordinates": [[26.9408, -25.8973], [27.0006, -25.911], [27.0125, -25.9137], [27.0599, -25.9211], [27.087, -25.9194], [27.1173, -25.9104], [27.1656, -25.8863], [27.2055, -25.8557], [27.2339, -25.8259], [27.3024, -25.769]]}}, {"type": "Feature", "properties": {"country": "South Africa", "operator": "Telkom South Africa"}, "geometry": {"type": "LineString", "coordinates": [[26.7145, -26.854], [26.778, -26.9546], [26.8543, -26.9219]]}}, {"type": "Feature", "properties": {"country": "South Africa", "operator": "Telkom South Africa"}, "geometry": {"type": "LineString", "coordinates": [[26.7145, -26.854], [26.7723, -26.8365], [26.8317, -26.8397], [26.8905, -26.836], [26.9396, -26.812], [27.0121, -26.7864], [27.0578, -26.7695], [27.0954, -26.7497], [27.1347, -26.7054], [26.3377, -26.1899], [26.3054, -26.3217], [26.2324, -26.4941], [26.15, -26.653], [26.067, -26.7663], [25.9901, -26.8617], [25.9001, -26.9508], [25.7933, -27.0375], [25.7586, -27.0605], [25.7354, -27.0758], [25.7006, -27.1023]]}}, {"type": "Feature", "properties": {"country": "South Africa", "operator": "Telkom South Africa"}, "geometry": {"type": "LineString", "coordinates": [[26.8616, -26.3598], [26.8917, -26.3894], [26.9347, -26.4322], [26.9618, -26.4724], [26.9974, -26.5225], [27.034, -26.5829], [27.0736, -26.6327], [27.1341, -26.6984]]}}, {"type": "Feature", "properties": {"country": "South Africa", "operator": "Telkom South Africa"}, "geometry": {"type": "LineString", "coordinates": [[27.1383, -26.7016], [27.1488, -26.6417], [27.1667, -26.5779], [27.1871, -26.5417], [27.2194, -26.5083], [27.2397, -26.4721], [27.2898, -26.4201], [27.3334, -26.3824], [27.3692, -26.3905], [27.3966, -26.3922], [27.448, -26.3993], [27.4656, -26.4225], [27.5012, -26.4723], [27.5121, -26.5064], [27.5281, -26.554], [27.5276, -26.5923], [27.5539, -26.6253], [27.5528, -26.6567], [27.5565, -26.6981], [27.5486, -26.7404], [27.5773, -26.8009], [27.5885, -26.8384], [27.5793, -26.8668], [27.5624, -26.8958], [27.5027, -26.9277]]}}, {"type": "Feature", "properties": {"country": "South Africa", "operator": "Telkom South Africa"}, "geometry": {"type": "LineString", "coordinates": [[27.3131, -26.6238], [27.284, -26.6466], [27.2467, -26.6665], [27.2023, -26.6938], [27.148, -26.6973], [27.1244, -26.6954]]}}, {"type": "Feature", "properties": {"country": "South Africa", "operator": "Telkom South Africa"}, "geometry": {"type": "LineString", "coordinates": [[27.1409, -26.7048], [27.1668, -26.7344], [27.1997, -26.7532], [27.2636, -26.7699], [27.3155, -26.7838], [27.3519, -26.7988], [27.3957, -26.8098], [27.4405, -26.8311], [27.4733, -26.8497], [27.4963, -26.8898], [27.5119, -26.9339]]}}, {"type": "Feature", "properties": {"country": "South Africa", "operator": "Telkom South Africa"}, "geometry": {"type": "LineString", "coordinates": [[27.5735, -26.8802], [27.6168, -26.8881], [27.6665, -26.8844], [27.716, -26.8785], [27.7692, -26.8589], [27.8166, -26.8308], [27.8321, -26.8095], [27.8465, -26.7772], [27.8456, -26.7416], [27.8435, -26.6927]]}}, {"type": "Feature", "properties": {"country": "South Africa", "operator": "Telkom South Africa"}, "geometry": {"type": "LineString", "coordinates": [[27.5566, -26.6984], [27.9307, -26.6905]]}}, {"type": "Feature", "properties": {"country": "South Africa", "operator": "Telkom South Africa"}, "geometry": {"type": "LineString", "coordinates": [[27.8236, -26.8285], [27.8443, -26.8626], [27.8722, -26.8918], [27.8935, -26.9058], [27.9153, -26.9242], [27.9446, -26.9421], [27.9814, -26.9348], [27.9934, -26.9294], [28.0397, -26.917], [28.0958, -26.9015], [28.1125, -26.8935], [28.1363, -26.8805]]}}, {"type": "Feature", "properties": {"country": "South Africa", "operator": "Telkom South Africa"}, "geometry": {"type": "LineString", "coordinates": [[27.9513, -26.9424], [27.9488, -26.9158], [27.9484, -26.8845], [27.9604, -26.8522], [27.9645, -26.8161], [27.9782, -26.7748], [27.9738, -26.7551], [27.9615, -26.7314], [27.9386, -26.7019], [27.9195, -26.6855], [27.9297, -26.6869], [27.9703, -26.6659], [27.9938, -26.6485], [28.0188, -26.622], [28.0713, -26.5688], [28.0934, -26.538], [28.116, -26.4872], [28.1423, -26.4494], [28.1664, -26.3895], [28.1755, -26.3553], [28.1671, -26.3203], [28.1565, -26.2876], [28.1429, -26.2507], [28.1298, -26.2183], [28.1202, -26.1967], [28.0923, -26.2167], [28.0631, -26.2502], [28.0242, -26.3134], [27.9928, -26.3761], [27.9741, -26.4155], [27.9649, -26.4765], [27.955, -26.5308], [27.9338, -26.5972], [27.9322, -26.6867]]}}, {"type": "Feature", "properties": {"country": "South Africa", "operator": "Telkom South Africa"}, "geometry": {"type": "LineString", "coordinates": [[28.0014, -26.6351], [28.0632, -26.6355], [28.1205, -26.6344], [28.1606, -26.6256], [28.2003, -26.6132], [28.2358, -26.6011], [28.2937, -26.5872], [28.3268, -26.5717], [28.3637, -26.554], [28.3785, -26.54], [28.3992, -26.5236], [28.4583, -26.4858], [28.5127, -26.4628], [28.5464, -26.4544], [28.6033, -26.4531], [28.6513, -26.4453], [28.7004, -26.43], [28.7582, -26.4012], [28.7954, -26.3887], [28.8458, -26.3842], [28.912, -26.3764], [28.9607, -26.3757], [29.0148, -26.3872], [29.0626, -26.4137], [29.1074, -26.4496], [29.148, -26.4842], [29.1916, -26.5276], [29.2258, -26.559]]}}, {"type": "Feature", "properties": {"country": "South Africa", "operator": "Telkom South Africa"}, "geometry": {"type": "LineString", "coordinates": [[28.3629, -26.5498], [28.4285, -26.5882], [28.5161, -26.6392], [28.6274, -26.6844], [28.6803, -26.7017], [28.7187, -26.7165], [28.782, -26.7545], [28.8327, -26.7882], [28.9489, -26.8415], [29.0335, -26.8849], [29.1132, -26.9213], [29.2124, -26.9668], [29.2468, -26.9818], [29.2594, -26.9843]]}}, {"type": "Feature", "properties": {"country": "South Africa", "operator": "Telkom South Africa"}, "geometry": {"type": "LineString", "coordinates": [[29.2253, -26.5582], [29.2332, -26.6085], [29.2391, -26.659], [29.2445, -26.7058], [29.2507, -26.7416], [29.2572, -26.8156], [29.2607, -26.8627], [29.262, -26.9099], [29.2588, -26.9521], [29.2564, -26.9851]]}}, {"type": "Feature", "properties": {"country": "South Africa", "operator": "Telkom South Africa"}, "geometry": {"type": "LineString", "coordinates": [[29.2615, -26.9843], [29.3051, -27.0058], [29.3399, -27.0226], [29.3794, -27.0445], [29.4201, -27.0589], [29.4859, -27.0782], [29.5526, -27.1047], [29.601, -27.1329], [29.6537, -27.1625], [29.704, -27.2068], [29.7504, -27.2515], [29.8076, -27.3006], [29.8128, -27.3092], [29.8348, -27.3217], [29.8938, -27.3689], [29.9221, -27.3826], [29.9676, -27.3854], [30.0297, -27.3901], [30.0887, -27.3862], [30.1477, -27.3823], [30.1635, -27.3771], [30.223, -27.3604], [30.2715, -27.3375], [30.3034, -27.3126], [30.3456, -27.2884], [30.3899, -27.264], [30.4287, -27.2456], [30.4518, -27.2324], [30.4919, -27.2065], [30.5204, -27.1873], [30.5665, -27.1608], [30.6275, -27.1217], [30.6657, -27.0977], [30.7004, -27.0778], [30.7081, -27.0733], [30.8017, -27.029]]}}, {"type": "Feature", "properties": {"country": "South Africa", "operator": "Telkom South Africa"}, "geometry": {"type": "LineString", "coordinates": [[29.2637, -26.9797], [29.3027, -26.9413], [29.3427, -26.9119], [29.3893, -26.8874], [29.4484, -26.8654], [29.524, -26.8272], [29.6001, -26.7925], [29.6594, -26.7558], [29.7467, -26.7165], [29.8035, -26.68], [29.8486, -26.6483], [29.8863, -26.6228], [29.9311, -26.5893], [29.9802, -26.5572], [30.0079, -26.5345], [30.0227, -26.5221]]}}, {"type": "Feature", "properties": {"country": "South Africa", "operator": "Telkom South Africa"}, "geometry": {"type": "LineString", "coordinates": [[29.2273, -26.5573], [29.2639, -26.5521], [29.3287, -26.5426], [29.4128, -26.5257], [29.4511, -26.5038], [29.4719, -26.4891], [29.5074, -26.4785], [29.5479, -26.4747], [29.6207, -26.4679], [29.6862, -26.469], [29.7238, -26.4764], [29.7518, -26.4883], [29.7661, -26.4887], [29.8164, -26.5003], [29.8497, -26.5062], [29.9161, -26.5161], [29.9876, -26.5183], [30.0189, -26.5243]]}}, {"type": "Feature", "properties": {"country": "South Africa", "operator": "Telkom South Africa"}, "geometry": {"type": "LineString", "coordinates": [[30.0091, -26.5163], [30.1031, -26.6124], [30.1324, -26.6351], [30.1872, -26.6661], [30.2828, -26.713], [30.3456, -26.7414], [30.4299, -26.7784], [30.5064, -26.8181], [30.557, -26.8458], [30.6035, -26.8738], [30.6716, -26.9253], [30.7127, -26.9576], [30.7574, -26.9859], [30.8044, -27.0305]]}}, {"type": "Feature", "properties": {"country": "South Africa", "operator": "Telkom South Africa"}, "geometry": {"type": "LineString", "coordinates": [[29.9203, -27.8811], [29.9369, -27.8414], [29.9494, -27.8117], [29.9663, -27.7744], [30.0006, -27.7473]]}}, {"type": "Feature", "properties": {"country": "South Africa", "operator": "Telkom South Africa"}, "geometry": {"type": "LineString", "coordinates": [[29.9985, -27.7522], [30.0115, -27.7058], [30.0219, -27.681], [30.0688, -27.6693], [30.1003, -27.6638], [30.1401, -27.66], [30.162, -27.6626], [30.2018, -27.6587], [30.2392, -27.6574], [30.2775, -27.6632], [30.3265, -27.6679], [30.3442, -27.6804], [30.3681, -27.6994], [30.4097, -27.7309], [30.4395, -27.754], [30.4791, -27.7904], [30.5302, -27.8329], [30.5717, -27.862], [30.6147, -27.9028]]}}, {"type": "Feature", "properties": {"country": "South Africa", "operator": "Telkom South Africa"}, "geometry": {"type": "LineString", "coordinates": [[30.0062, -27.7491], [30.0362, -27.7533], [30.0799, -27.7586], [30.1008, -27.7756], [30.1292, -27.7871], [30.1622, -27.8147], [30.1729, -27.8351], [30.1876, -27.8241], [30.2059, -27.7986], [30.2404, -27.7738], [30.2779, -27.7511], [30.3053, -27.7127], [30.3183, -27.6877], [30.3182, -27.6663]]}}, {"type": "Feature", "properties": {"country": "South Africa", "operator": "Telkom South Africa"}, "geometry": {"type": "LineString", "coordinates": [[29.9988, -27.7546], [30.0037, -27.7945], [30.0099, -27.8225], [30.0311, -27.8204], [30.0583, -27.8225]]}}, {"type": "Feature", "properties": {"country": "South Africa", "operator": "Telkom South Africa"}, "geometry": {"type": "LineString", "coordinates": [[30.0099, -27.8225], [30.0163, -27.8742], [30.0118, -27.9031], [30.0449, -27.9522], [30.067, -27.9786], [30.0886, -28.0003], [30.1453, -28.0661], [30.1817, -28.0982], [30.2302, -28.1625], [30.2504, -28.1938]]}}, {"type": "Feature", "properties": {"country": "South Africa", "operator": "Telkom South Africa"}, "geometry": {"type": "LineString", "coordinates": [[30.0036, -28.0751], [30.0238, -28.0636], [30.0469, -28.0543], [30.0903, -28.0358], [30.1131, -28.0241]]}}, {"type": "Feature", "properties": {"country": "South Africa", "operator": "Telkom South Africa"}, "geometry": {"type": "LineString", "coordinates": [[30.2526, -28.1912], [30.2935, -28.1729], [30.3272, -28.1624], [30.3645, -28.1373], [30.3787, -28.1216], [30.4012, -28.1075], [30.4222, -28.103], [30.4435, -28.1009], [30.4648, -28.0987], [30.4932, -28.0888], [30.5038, -28.0663], [30.5138, -28.0391], [30.5284, -28.0067], [30.5541, -27.9756], [30.5885, -27.9293], [30.6144, -27.9005], [30.6521, -27.88], [30.6841, -27.8577], [30.7478, -27.8297], [30.7713, -27.8035], [30.7942, -27.794], [30.8314, -27.7902], [30.8586, -27.7921], [30.8854, -27.7917], [30.9093, -27.7892], [30.9529, -27.7728], [31.0088, -27.7479], [31.0438, -27.7275], [31.1147, -27.6938], [31.1662, -27.6765], [31.2173, -27.6568], [31.2606, -27.6378], [31.2983, -27.6169], [31.35, -27.5967], [31.3942, -27.5795], [31.4307, -27.5655], [31.4757, -27.5556], [31.5164, -27.5558], [31.5734, -27.5542], [31.6057, -27.5505], [31.6668, -27.5387]]}}, {"type": "Feature", "properties": {"country": "South Africa", "operator": "Telkom South Africa"}, "geometry": {"type": "LineString", "coordinates": [[30.8384, -27.7946], [30.8579, -27.8403], [30.8628, -27.8779], [30.8564, -27.9119], [30.8373, -27.9521], [30.8181, -27.9708], [30.7702, -27.9972]]}}, {"type": "Feature", "properties": {"country": "South Africa", "operator": "Telkom South Africa"}, "geometry": {"type": "LineString", "coordinates": [[31.0075, -27.7484], [31.0516, -27.7747], [31.0664, -27.785], [31.0858, -27.8092], [31.0903, -27.823], [31.0967, -27.8509], [31.0959, -27.8653]]}}, {"type": "Feature", "properties": {"country": "South Africa", "operator": "Telkom South Africa"}, "geometry": {"type": "LineString", "coordinates": [[30.8345, -27.7853], [30.8252, -27.7553], [30.8249, -27.7529], [30.8112, -27.7305], [30.8039, -27.6955], [30.7933, -27.6346], [30.7916, -27.6014], [30.7962, -27.5747], [30.8025, -27.5407], [30.8133, -27.5205], [30.8212, -27.4983], [30.8345, -27.4564], [30.8439, -27.4459], [30.8656, -27.427]]}}, {"type": "Feature", "properties": {"country": "South Africa", "operator": "Telkom South Africa"}, "geometry": {"type": "LineString", "coordinates": [[30.8099, -27.038], [30.797, -27.0241], [30.8339, -27.0954], [30.8517, -27.1272], [30.8695, -27.1437], [30.891, -27.159], [30.9196, -27.1727], [30.9568, -27.1903], [30.9964, -27.2053], [31.0412, -27.2196], [31.0962, -27.2366], [31.1219, -27.2482], [31.1684, -27.266], [31.2292, -27.2978], [31.271, -27.3184], [31.3157, -27.3411], [31.3817, -27.353], [31.4447, -27.3628], [31.4952, -27.3788], [31.5724, -27.3919], [31.6198, -27.3924], [31.6652, -27.3898], [31.7309, -27.3969], [31.8205, -27.4204], [31.8613, -27.4422], [31.9158, -27.4783], [31.9636, -27.5304], [32.0162, -27.5771], [32.088, -27.6456], [32.1341, -27.7027], [32.1964, -27.7962], [32.2343, -27.8518], [32.2875, -27.9369], [32.3173, -28.0047]]}}, {"type": "Feature", "properties": {"country": "South Africa", "operator": "Telkom South Africa"}, "geometry": {"type": "LineString", "coordinates": [[31.8266, -27.4266], [31.8734, -27.3951], [31.8999, -27.373], [31.9108, -27.3551], [31.9197, -27.3421]]}}, {"type": "Feature", "properties": {"country": "South Africa", "operator": "Telkom South Africa"}, "geometry": {"type": "LineString", "coordinates": [[32.0704, -27.632], [32.0893, -27.6132], [32.1129, -27.589], [32.1181, -27.5692], [32.1207, -27.5498], [32.1157, -27.5145], [32.1073, -27.4747], [32.1039, -27.4321], [32.0978, -27.4088], [32.0961, -27.3779], [32.096, -27.3396], [32.0887, -27.2879], [32.0946, -27.2537], [32.0954, -27.2034], [32.0814, -27.181], [32.0722, -27.1725], [32.0443, -27.1469]]}}, {"type": "Feature", "properties": {"country": "South Africa", "operator": "Telkom South Africa"}, "geometry": {"type": "LineString", "coordinates": [[31.6099, -27.3911], [31.6222, -27.44], [31.6341, -27.4674], [31.657, -27.496], [31.6776, -27.5273], [31.663, -27.5385]]}}, {"type": "Feature", "properties": {"country": "South Africa", "operator": "Telkom South Africa"}, "geometry": {"type": "LineString", "coordinates": [[32.7918, -27.0524], [32.7487, -27.0888], [32.7049, -27.1205], [32.6542, -27.16], [32.6105, -27.2107], [32.5836, -27.2475], [32.579, -27.2528], [32.5574, -27.2889], [32.5421, -27.3314], [32.5496, -27.4001], [32.5682, -27.453], [32.5778, -27.4998], [32.5913, -27.5365], [32.574, -27.584], [32.549, -27.6157], [32.5152, -27.6435], [32.4745, -27.6793], [32.4209, -27.7382], [32.3819, -27.7858], [32.3564, -27.8342], [32.3429, -27.8717], [32.3305, -27.9354], [32.3161, -28.0042]]}}, {"type": "Feature", "properties": {"country": "South Africa", "operator": "Telkom South Africa"}, "geometry": {"type": "LineString", "coordinates": [[30.0179, -26.526], [30.1093, -26.5505], [30.1636, -26.5571], [30.2395, -26.5663], [30.3289, -26.5764], [30.4497, -26.6047], [30.572, -26.6254], [30.6077, -26.6337], [30.656, -26.6359], [30.6867, -26.647], [30.7113, -26.673], [30.7226, -26.6979], [30.738, -26.7558], [30.7692, -26.8929], [30.8009, -27.0348]]}}, {"type": "Feature", "properties": {"country": "South Africa", "operator": "Telkom South Africa"}, "geometry": {"type": "LineString", "coordinates": [[32.074, -27.6312], [32.0263, -27.697], [31.9947, -27.7416], [31.9501, -27.7901], [31.8988, -27.8295], [31.8545, -27.861], [31.8043, -27.8882], [31.7387, -27.9026], [31.6854, -27.9084], [31.6698, -27.9125], [31.6631, -27.942], [31.6394, -27.9851], [31.6029, -28.0345], [31.5545, -28.0756], [31.4927, -28.1181], [31.4456, -28.1686], [31.4208, -28.2048], [31.4208, -28.243], [31.432, -28.2848], [31.4593, -28.3058], [31.4946, -28.3258], [31.5132, -28.3429], [31.5348, -28.3621], [31.5384, -28.388], [31.5367, -28.4144], [31.5212, -28.44], [31.4953, -28.4691], [31.4695, -28.4981], [31.4517, -28.5454], [31.4419, -28.5727], [31.4506, -28.6338], [31.4703, -28.658], [31.5105, -28.6943], [31.5449, -28.7266], [31.562, -28.732], [31.6169, -28.7357], [31.6582, -28.7384], [31.7495, -28.7477], [31.784, -28.7416], [31.8472, -28.7443], [31.8556, -28.7458], [31.9288, -28.7617]]}}, {"type": "Feature", "properties": {"country": "South Africa", "operator": "Telkom South Africa"}, "geometry": {"type": "LineString", "coordinates": [[32.3175, -28.0004], [32.3327, -28.0684], [32.3282, -28.1123], [32.3233, -28.1537], [32.3101, -28.2129], [32.2998, -28.2549], [32.2895, -28.2969], [32.2772, -28.3247], [32.2613, -28.3649], [32.239, -28.4177], [32.2204, -28.4582], [32.1987, -28.4966], [32.169, -28.555], [32.1366, -28.5946], [32.0978, -28.6468], [32.0539, -28.6829], [32.0375, -28.7014], [32.0197, -28.7106], [31.9939, -28.7206], [31.9687, -28.7163], [31.9432, -28.7287], [31.9281, -28.7566]]}}, {"type": "Feature", "properties": {"country": "South Africa", "operator": "Telkom South Africa"}, "geometry": {"type": "LineString", "coordinates": [[32.2428, -28.4245], [32.2826, -28.4176], [32.3218, -28.4059], [32.3567, -28.4019], [32.3752, -28.3973], [32.4054, -28.3987]]}}, {"type": "Feature", "properties": {"country": "South Africa", "operator": "Telkom South Africa"}, "geometry": {"type": "LineString", "coordinates": [[31.9208, -28.7609], [31.9161, -28.7854], [31.9135, -28.8048], [31.9179, -28.8355], [31.9351, -28.8599], [31.9505, -28.8725], [31.9956, -28.8819], [32.0283, -28.8807]]}}, {"type": "Feature", "properties": {"country": "South Africa", "operator": "Telkom South Africa"}, "geometry": {"type": "LineString", "coordinates": [[31.1947, -29.5529], [31.1953, -29.5169], [31.2206, -29.4808], [31.236, -29.4529], [31.2783, -29.4006], [31.3028, -29.3789], [31.3496, -29.3596], [31.348, -29.3287], [31.3431, -29.2933], [31.345, -29.2477], [31.354, -29.2133], [31.3633, -29.162], [31.3891, -29.1306], [31.4257, -29.0789], [31.4417, -29.0557], [31.4562, -29.0422], [31.4815, -29.0466], [31.5195, -29.0449], [31.5775, -29.0482], [31.625, -29.055], [31.6442, -29.0553]]}}, {"type": "Feature", "properties": {"country": "South Africa", "operator": "Telkom South Africa"}, "geometry": {"type": "LineString", "coordinates": [[31.1571, -29.4994], [31.1801, -29.4659], [31.2087, -29.4342], [31.2241, -29.3848], [31.2469, -29.3107], [31.2645, -29.2801], [31.2682, -29.2271], [31.2727, -29.2003], [31.2751, -29.157], [31.2839, -29.1418], [31.3001, -29.0995], [31.3198, -29.064], [31.3388, -29.0429], [31.3635, -29.0235], [31.3878, -29.0018], [31.4252, -28.9761], [31.4538, -28.9659], [31.4774, -28.9585], [31.4956, -28.9518], [31.5111, -28.9453], [31.5562, -28.9356], [31.5976, -28.9383], [31.6804, -28.9436], [31.7333, -28.9498], [31.7649, -28.9607], [31.7925, -28.9817]]}}, {"type": "Feature", "properties": {"country": "South Africa", "operator": "Telkom South Africa"}, "geometry": {"type": "LineString", "coordinates": [[31.6389, -29.056], [31.6891, -29.0243], [31.7437, -29.004], [31.7869, -28.9802]]}}, {"type": "Feature", "properties": {"country": "South Africa", "operator": "Telkom South Africa"}, "geometry": {"type": "LineString", "coordinates": [[31.5578, -28.7301], [31.5556, -28.7733], [31.5434, -28.8224], [31.5435, -28.8822], [31.5423, -28.9325], [31.5563, -28.9549], [31.5699, -29.0132], [31.5836, -29.0524]]}}, {"type": "Feature", "properties": {"country": "South Africa", "operator": "Telkom South Africa"}, "geometry": {"type": "LineString", "coordinates": [[31.4554, -29.0402], [31.4877, -29.0751], [31.5007, -29.1288]]}}, {"type": "Feature", "properties": {"country": "South Africa", "operator": "Telkom South Africa"}, "geometry": {"type": "LineString", "coordinates": [[30.0192, -26.5246], [30.0294, -26.477], [30.0304, -26.4502], [30.0351, -26.3863], [30.0462, -26.3487], [30.0585, -26.2876], [30.0755, -26.2361], [30.0895, -26.1915], [30.1324, -26.1011], [30.1387, -26.0906], [30.1518, -26.0728], [30.2024, -26.0586], [30.2687, -26.0531], [30.3092, -26.0496], [30.3608, -26.0452], [30.408, -26.0345], [30.4442, -26.0247], [30.5017, -26.0063], [30.5526, -25.9952], [30.5844, -25.979]]}}, {"type": "Feature", "properties": {"country": "South Africa", "operator": "Telkom South Africa"}, "geometry": {"type": "LineString", "coordinates": [[30.0233, -26.5276], [30.0553, -26.4748], [30.1232, -26.4091], [30.1709, -26.3651], [30.2121, -26.3317], [30.2403, -26.316], [30.2762, -26.3029], [30.3127, -26.2965], [30.3671, -26.2819], [30.3962, -26.2761], [30.4402, -26.269], [30.469, -26.2599], [30.4982, -26.2541], [30.5415, -26.2404], [30.5921, -26.226], [30.6387, -26.2085], [30.6919, -26.1838], [30.7282, -26.1739], [30.7644, -26.164], [30.7907, -26.1651], [30.8317, -26.1648], [30.8808, -26.1705], [30.9309, -26.1862], [30.982, -26.2084], [31.0416, -26.2399], [31.1182, -26.29]]}}, {"type": "Feature", "properties": {"country": "South Africa", "operator": "Telkom South Africa"}, "geometry": {"type": "LineString", "coordinates": [[30.0303, -26.5236], [30.1111, -26.5103], [30.2275, -26.4806], [30.3415, -26.4644], [30.4278, -26.4338], [30.476, -26.3963], [30.5021, -26.3607], [30.4991, -26.2975], [30.4871, -26.255]]}}, {"type": "Feature", "properties": {"country": "South Africa", "operator": "Telkom South Africa"}, "geometry": {"type": "LineString", "coordinates": [[29.8205, -25.7112], [29.8589, -25.7585], [29.8656, -25.7881], [29.8469, -25.8231], [29.821, -25.862], [29.7935, -25.8842], [29.7451, -25.9215], [29.6926, -25.9558], [29.6492, -26.0061], [29.634, -26.0407], [29.6366, -26.0673], [29.6595, -26.109], [29.7143, -26.1715], [29.7531, -26.222], [29.8459, -26.3249], [29.8888, -26.3782], [29.9425, -26.4306], [29.9798, -26.4676], [30.0259, -26.5173]]}}, {"type": "Feature", "properties": {"country": "South Africa", "operator": "Telkom South Africa"}, "geometry": {"type": "LineString", "coordinates": [[29.0124, -24.2863], [29.0141, -24.3433], [29.0215, -24.3831], [29.0335, -24.4325], [29.0497, -24.4881], [29.0887, -24.5521], [29.1137, -24.5837], [29.1324, -24.6258], [29.1541, -24.6611], [29.1725, -24.6999], [29.1882, -24.7489], [29.1966, -24.7986], [29.212, -24.8443], [29.2337, -24.8794], [29.2592, -24.9143], [29.2844, -24.9459], [29.3047, -24.9645], [29.3243, -24.9764], [29.3415, -25.0018], [29.3673, -25.04], [29.3941, -25.0881], [29.4116, -25.1168], [29.4154, -25.1566], [29.4196, -25.1997], [29.4247, -25.2528], [29.4248, -25.2928], [29.429, -25.3359], [29.4087, -25.3943], [29.3905, -25.4358], [29.3766, -25.4837], [29.369, -25.521], [29.3735, -25.5674], [29.377, -25.6039], [29.3912, -25.6362], [29.3947, -25.6726], [29.3932, -25.6961], [29.389, -25.7299], [29.3802, -25.754], [29.3673, -25.7751], [29.3638, -25.8155], [29.3626, -25.8424]]}}, {"type": "Feature", "properties": {"country": "South Africa", "operator": "Telkom South Africa"}, "geometry": {"type": "LineString", "coordinates": [[29.2199, -25.9645], [29.1664, -25.9495], [29.1071, -25.9378], [29.0503, -25.9203], [29.0211, -25.9033], [28.985, -25.8786], [28.9542, -25.8452], [28.9235, -25.8119], [28.8905, -25.7869], [28.8297, -25.7586], [28.7714, -25.7245], [28.7343, -25.6888], [28.7236, -25.6731], [28.7216, -25.6512], [28.7263, -25.6041], [28.7348, -25.5649], [28.7471, -25.5336], [28.7569, -25.5081], [28.7847, -25.4785], [28.8337, -25.4472], [28.8649, -25.4228], [28.8875, -25.4045], [28.9066, -25.381], [28.9342, -25.3513], [28.953, -25.325], [28.9873, -25.2699], [29.0047, -25.2299], [29.0342, -25.1889]]}}, {"type": "Feature", "properties": {"country": "South Africa", "operator": "Telkom South Africa"}, "geometry": {"type": "LineString", "coordinates": [[29.0306, -25.1837], [29.0545, -25.2094], [29.0698, -25.2413], [29.1115, -25.2629], [29.1362, -25.2664], [29.1796, -25.274], [29.2038, -25.2721], [29.2302, -25.2618], [29.278, -25.2525], [29.3042, -25.2394], [29.3454, -25.2251], [29.3929, -25.213], [29.4187, -25.1971], [29.4355, -25.182], [29.4611, -25.1634], [29.508, -25.1155], [29.5399, -25.0687], [29.5583, -25.0396], [29.5909, -25.0011], [29.6367, -24.9724], [29.6715, -24.9557], [29.7274, -24.9372], [29.7716, -24.9224], [29.8281, -24.8788], [29.8518, -24.8406], [29.8738, -24.8165], [29.9246, -24.8065], [29.9523, -24.8096], [29.9806, -24.8182], [29.9996, -24.8249], [30.0309, -24.8332], [30.0579, -24.828], [30.0923, -24.8054], [30.1447, -24.7783], [30.198, -24.7595], [30.2339, -24.7507], [30.2768, -24.7524], [30.3233, -24.7594], [30.3543, -24.765], [30.3907, -24.7617], [30.4382, -24.7491], [30.4827, -24.7368], [30.5226, -24.7388], [30.5662, -24.7488], [30.5885, -24.7579], [30.605, -24.7674]]}}, {"type": "Feature", "properties": {"country": "South Africa", "operator": "Telkom South Africa"}, "geometry": {"type": "LineString", "coordinates": [[28.8936, -25.404], [28.9317, -25.4203], [28.9704, -25.4421], [29.006, -25.4641], [29.044, -25.4777], [29.0648, -25.5036], [29.0865, -25.5377], [29.1006, -25.5889], [29.1135, -25.6264], [29.1323, -25.6937], [29.1484, -25.7337], [29.1628, -25.7876], [29.1731, -25.8308], [29.1802, -25.8714], [29.1804, -25.8742], [29.2002, -25.9194], [29.2105, -25.9625]]}}, {"type": "Feature", "properties": {"country": "South Africa", "operator": "Telkom South Africa"}, "geometry": {"type": "LineString", "coordinates": [[29.1136, -26.0944], [29.176, -26.1362], [29.216, -26.1688], [29.2397, -26.1917], [29.2612, -26.223], [29.2794, -26.2518], [29.2884, -26.2814], [29.2953, -26.3193], [29.2982, -26.3494], [29.2976, -26.3742], [29.2961, -26.3908], [29.296, -26.4211], [29.2853, -26.4689], [29.2534, -26.521], [29.2205, -26.5622]]}}, {"type": "Feature", "properties": {"country": "South Africa", "operator": "Telkom South Africa"}, "geometry": {"type": "LineString", "coordinates": [[29.3237, -24.9776], [29.3679, -24.9327], [29.3846, -24.8873], [29.3939, -24.8589], [29.4057, -24.8248], [29.4205, -24.7905], [29.4383, -24.756], [29.4451, -24.7333]]}}, {"type": "Feature", "properties": {"country": "South Africa", "operator": "Telkom South Africa"}, "geometry": {"type": "LineString", "coordinates": [[29.5397, -25.0675], [29.5943, -25.0657], [29.6343, -25.0707], [29.6776, -25.0781], [29.7151, -25.0887], [29.7461, -25.0944]]}}, {"type": "Feature", "properties": {"country": "South Africa", "operator": "Telkom South Africa"}, "geometry": {"type": "LineString", "coordinates": [[29.6705, -27.1769], [29.7061, -27.1672], [29.7339, -27.1582], [29.7538, -27.1474], [29.7887, -27.1308], [29.8203, -27.1075], [29.8494, -27.0844], [29.8736, -27.0663], [29.8932, -27.0532]]}}, {"type": "Feature", "properties": {"country": "South Africa", "operator": "Telkom South Africa"}, "geometry": {"type": "LineString", "coordinates": [[29.7877, -24.7577], [29.7913, -24.7932], [29.8184, -24.8213], [29.848, -24.8436]]}}, {"type": "Feature", "properties": {"country": "South Africa", "operator": "Telkom South Africa"}, "geometry": {"type": "LineString", "coordinates": [[30.579, -25.9783], [30.5926, -26.0096], [30.6052, -26.0317], [30.634, -26.0594], [30.6531, -26.0694], [30.6715, -26.0726], [30.6899, -26.0757], [30.7195, -26.0871], [30.7427, -26.1106], [30.764, -26.1642]]}}, {"type": "Feature", "properties": {"country": "South Africa", "operator": "Telkom South Africa"}, "geometry": {"type": "LineString", "coordinates": [[30.5807, -25.9812], [30.617, -25.9805], [30.6516, -25.9915], [30.6843, -26.0097], [30.7172, -26.0278], [30.7358, -26.0332], [30.7627, -26.0426], [30.7788, -26.0482], [30.8003, -26.0556], [30.8246, -26.0652], [30.8487, -26.0724], [30.8833, -26.0811], [30.905, -26.0909], [30.9391, -26.0949], [30.9778, -26.0939], [31.0252, -26.0782], [31.0701, -26.0395]]}}, {"type": "Feature", "properties": {"country": "South Africa", "operator": "Telkom South Africa"}, "geometry": {"type": "LineString", "coordinates": [[30.9252, -25.7841], [30.9551, -25.7513], [30.9773, -25.7191], [31.0005, -25.6961], [31.0299, -25.6819], [31.0503, -25.6801], [31.0626, -25.6744], [31.1143, -25.6746], [31.1381, -25.6795], [31.164, -25.6796], [31.1922, -25.6771], [31.2144, -25.6681], [31.2475, -25.6629], [31.2818, -25.6692], [31.3162, -25.6755], [31.3383, -25.6642], [31.3596, -25.646], [31.369, -25.6149], [31.371, -25.5867], [31.3708, -25.5611], [31.3856, -25.5551], [31.4279, -25.563], [31.4649, -25.5691], [31.4889, -25.5763], [31.5245, -25.5707], [31.5561, -25.5539], [31.5773, -25.5356], [31.6064, -25.519], [31.6404, -25.4995], [31.6703, -25.4898], [31.7005, -25.4824], [31.7209, -25.4805], [31.7076, -25.5004], [31.6944, -25.5436], [31.6747, -25.5757], [31.651, -25.6175], [31.63, -25.638], [31.6106, -25.6724], [31.5986, -25.7038], [31.5904, -25.7232], [31.6058, -25.7218], [31.6314, -25.7195], [31.6613, -25.7098], [31.681, -25.701], [31.7002, -25.6876], [31.724, -25.6691], [31.7509, -25.655], [31.7642, -25.6818], [31.7853, -25.7078], [31.8033, -25.7295], [31.8243, -25.7555], [31.85, -25.7765], [31.87, -25.77], [31.8971, -25.7348], [31.9264, -25.6971], [31.9363, -25.6706], [31.9451, -25.6348], [31.9465, -25.5786], [31.9495, -25.5364], [31.9539, -25.4846], [31.9544, -25.4659]]}}, {"type": "Feature", "properties": {"country": "South Africa", "operator": "Telkom South Africa"}, "geometry": {"type": "LineString", "coordinates": [[30.5827, -25.9832], [30.6089, -25.9577], [30.6283, -25.9421], [30.6497, -25.9217], [30.6839, -25.8979], [30.7009, -25.8849], [30.7298, -25.8615], [30.7594, -25.8451], [30.788, -25.8241], [30.81, -25.8129], [30.8314, -25.7972], [30.8566, -25.7927], [30.8793, -25.7884], [30.9227, -25.7847]]}}, {"type": "Feature", "properties": {"country": "South Africa", "operator": "Telkom South Africa"}, "geometry": {"type": "LineString", "coordinates": [[31.18, -25.129], [31.218, -25.1233], [31.2652, -25.1075], [31.2946, -25.0932], [31.3348, -25.085], [31.3685, -25.0866], [31.4177, -25.0892], [31.4613, -25.0877], [31.5174, -25.0826], [31.549, -25.0657], [31.5638, -25.0597], [31.5732, -25.0519], [31.5951, -25.0405], [31.6213, -25.0218], [31.6529, -25.0049]]}}, {"type": "Feature", "properties": {"country": "South Africa", "operator": "Telkom South Africa"}, "geometry": {"type": "LineString", "coordinates": [[31.0637, -25.34], [31.0957, -25.3489], [31.1197, -25.3561], [31.1597, -25.3666], [31.187, -25.3806], [31.2063, -25.3928], [31.2163, -25.4129], [31.2272, -25.4423], [31.2304, -25.4722], [31.2274, -25.4935], [31.2224, -25.5195], [31.2244, -25.538], [31.2284, -25.5516], [31.2464, -25.55], [31.2697, -25.5503], [31.2979, -25.5478], [31.3311, -25.5449], [31.376, -25.5549]]}}, {"type": "Feature", "properties": {"country": "South Africa", "operator": "Telkom South Africa"}, "geometry": {"type": "LineString", "coordinates": [[30.3133, -25.7039], [30.3741, -25.6872], [30.4312, -25.6871], [30.4746, -25.6765], [30.5395, -25.6733], [30.5909, -25.6666], [30.6344, -25.663], [30.6748, -25.6549], [30.7117, -25.6379], [30.7398, -25.6099], [30.7507, -25.5904], [30.7581, -25.5618], [30.7701, -25.5282], [30.786, -25.4827], [30.795, -25.4703], [30.8463, -25.4706], [30.8902, -25.4738], [30.911, -25.4767], [30.9402, -25.4858]]}}, {"type": "Feature", "properties": {"country": "South Africa", "operator": "Telkom South Africa"}, "geometry": {"type": "LineString", "coordinates": [[31.2549, -24.739], [31.2145, -24.6959], [31.1674, -24.6626], [31.1197, -24.6225], [31.0957, -24.5897], [31.0661, -24.5527], [31.045, -24.4987], [31.0256, -24.4608], [31.0109, -24.4178], [30.9966, -24.3795], [30.9819, -24.3132], [30.9771, -24.2438], [30.9901, -24.1983], [31.0008, -24.1788], [31.0366, -24.1546], [31.0838, -24.1179], [31.1264, -24.0628], [31.1648, -24.0152], [31.1659, -23.9778]]}}, {"type": "Feature", "properties": {"country": "South Africa", "operator": "Telkom South Africa"}, "geometry": {"type": "LineString", "coordinates": [[30.928, -25.7873], [30.9193, -25.7555], [30.9101, -25.7191], [30.9099, -25.7168], [30.9063, -25.6613], [30.9039, -25.6125], [30.9058, -25.5821], [30.905, -25.5751], [30.9167, -25.5392], [30.9182, -25.5297], [30.9296, -25.4915], [30.9435, -25.4763], [30.983, -25.4332], [31.0057, -25.4033], [31.0501, -25.3575], [31.0781, -25.3271], [31.1207, -25.2675], [31.148, -25.2115], [31.1618, -25.173], [31.178, -25.132], [31.206, -25.0595], [31.2241, -24.9901], [31.2318, -24.9427], [31.2379, -24.8814], [31.2431, -24.8343], [31.2462, -24.7686], [31.2526, -24.7329]]}}, {"type": "Feature", "properties": {"country": "South Africa", "operator": "Telkom South Africa"}, "geometry": {"type": "LineString", "coordinates": [[29.8695, -23.5013], [29.9224, -23.5249], [29.9527, -23.5247], [29.9837, -23.5314], [30.0095, -23.5362], [30.0302, -23.5414], [30.0485, -23.5469], [30.0731, -23.5658], [30.093, -23.5875], [30.1154, -23.609], [30.1412, -23.6394], [30.1647, -23.6723], [30.1773, -23.6968], [30.182, -23.7196], [30.1696, -23.7485], [30.1518, -23.7732], [30.1435, -23.7925], [30.1462, -23.8202], [30.153, -23.8382], [30.1672, -23.8533], [30.1736, -23.8667], [30.1944, -23.8976]]}}, {"type": "Feature", "properties": {"country": "South Africa", "operator": "Telkom South Africa"}, "geometry": {"type": "LineString", "coordinates": [[30.994, -24.3802], [30.955, -24.3975], [30.9126, -24.4082], [30.8721, -24.4117], [30.8361, -24.4101], [30.7926, -24.4092], [30.7875, -24.4097], [30.7389, -24.4092], [30.6966, -24.3965], [30.694, -24.3967], [30.6618, -24.3832], [30.6135, -24.3617], [30.5828, -24.3363], [30.5518, -24.3087], [30.5088, -24.2634], [30.4607, -24.2185], [30.3837, -24.141], [30.3592, -24.0988], [30.3029, -24.0241], [30.2288, -23.9507], [30.192, -23.8951]]}}, {"type": "Feature", "properties": {"country": "South Africa", "operator": "Telkom South Africa"}, "geometry": {"type": "LineString", "coordinates": [[31.1688, -23.9815], [31.1323, -23.9755], [31.075, -23.9642], [31.0045, -23.9495], [30.9704, -23.9408], [30.9113, -23.9367], [30.8608, -23.9411], [30.8149, -23.9405], [30.7242, -23.9506], [30.687, -23.9608], [30.6491, -23.9641], [30.6076, -23.956], [30.5715, -23.9265], [30.5313, -23.9066], [30.5028, -23.902], [30.4472, -23.9067], [30.3857, -23.9025], [30.3423, -23.9014], [30.2831, -23.8947], [30.2289, -23.8875], [30.2034, -23.8873], [30.188, -23.8862]]}}, {"type": "Feature", "properties": {"country": "South Africa", "operator": "Telkom South Africa"}, "geometry": {"type": "LineString", "coordinates": [[30.3768, -24.5961], [30.3887, -24.6392], [30.397, -24.6711], [30.4002, -24.7033], [30.3949, -24.727], [30.3807, -24.7653]]}}, {"type": "Feature", "properties": {"country": "South Africa", "operator": "Telkom South Africa"}, "geometry": {"type": "LineString", "coordinates": [[29.5239, -23.9766], [29.5628, -23.9852], [29.5886, -23.9901], [29.6117, -23.993], [29.6394, -23.9908], [29.6584, -23.9754], [29.6875, -23.9591], [29.703, -23.9347], [29.7226, -23.9262], [29.7542, -23.9376], [29.7706, -23.9502], [29.7889, -23.9557], [29.8129, -23.9677], [29.8599, -23.9801], [29.9157, -23.9803], [29.9482, -23.9754], [29.9896, -23.9582], [30.0436, -23.94], [30.0846, -23.9181], [30.1192, -23.9083], [30.1534, -23.8939], [30.191, -23.8885]]}}, {"type": "Feature", "properties": {"country": "South Africa", "operator": "Telkom South Africa"}, "geometry": {"type": "LineString", "coordinates": [[31.0778, -23.8941], [31.1068, -23.9032], [31.1305, -23.9104], [31.1509, -23.9342], [31.1608, -23.9543], [31.1614, -23.9845]]}}, {"type": "Feature", "properties": {"country": "South Africa", "operator": "Telkom South Africa"}, "geometry": {"type": "LineString", "coordinates": [[29.1287, -24.6202], [29.1881, -24.5692], [29.215, -24.5277], [29.2333, -24.4752], [29.2623, -24.4289], [29.3047, -24.3863], [29.3476, -24.3552], [29.4067, -24.3321], [29.4765, -24.3152], [29.5339, -24.3015], [29.6044, -24.2936], [29.6571, -24.2848], [29.7313, -24.2883], [29.7726, -24.2943], [29.8296, -24.3037], [29.8845, -24.3179], [29.9132, -24.3248], [29.9613, -24.3465], [30.0109, -24.3843], [30.0497, -24.4161], [30.0973, -24.4611], [30.1229, -24.4892], [30.1592, -24.5466], [30.2012, -24.6082], [30.2268, -24.634], [30.2579, -24.664], [30.3068, -24.7181], [30.3755, -24.7658]]}}, {"type": "Feature", "properties": {"country": "South Africa", "operator": "Telkom South Africa"}, "geometry": {"type": "LineString", "coordinates": [[28.3364, -24.9377], [28.3673, -24.8727], [28.388, -24.841], [28.4172, -24.7878], [28.417, -24.7855], [28.4475, -24.7508], [28.4764, -24.7279], [28.5312, -24.7078], [28.5733, -24.6909], [28.6216, -24.6596], [28.6821, -24.6204], [28.7365, -24.5701], [28.768, -24.5214], [28.8251, -24.4453], [28.8623, -24.4032], [28.9048, -24.3652], [28.9531, -24.3339], [28.9837, -24.3062], [29.0106, -24.2926], [29.0495, -24.2713], [29.1088, -24.2509], [29.1674, -24.2236], [29.208, -24.195], [29.2513, -24.1684], [29.2944, -24.1395], [29.3255, -24.1184], [29.3743, -24.096], [29.4132, -24.0768], [29.4487, -24.0484], [29.4651, -24.0332], [29.4813, -24.0156], [29.495, -23.9982], [29.5206, -23.9729]]}}, {"type": "Feature", "properties": {"country": "South Africa", "operator": "Telkom South Africa"}, "geometry": {"type": "LineString", "coordinates": [[27.3205, -24.8365], [27.4006, -24.8315], [27.5021, -24.8255], [27.5952, -24.8412], [27.6411, -24.8641], [27.7223, -24.9082], [27.7778, -24.9234], [27.8353, -24.929], [27.9042, -24.9174], [27.9833, -24.9005], [27.9831, -24.8982], [28.0137, -24.8915], [28.081, -24.8918], [28.1415, -24.9041], [28.179, -24.9203], [28.2311, -24.9238], [28.2722, -24.921], [28.3011, -24.926], [28.3333, -24.9402]]}}, {"type": "Feature", "properties": {"country": "South Africa", "operator": "Telkom South Africa"}, "geometry": {"type": "LineString", "coordinates": [[28.3854, -24.6388], [28.4119, -24.6769], [28.4435, -24.7145], [28.468, -24.7291]]}}, {"type": "Feature", "properties": {"country": "South Africa", "operator": "Telkom South Africa"}, "geometry": {"type": "LineString", "coordinates": [[28.3384, -24.9393], [28.3536, -24.9971], [28.3571, -25.1002], [28.3579, -25.1401], [28.3733, -25.2001], [28.3761, -25.2633], [28.3852, -25.3402], [28.3896, -25.3915], [28.3852, -25.4317], [28.3665, -25.4869], [28.3416, -25.5308], [28.3144, -25.5773], [28.2942, -25.6162], [28.2693, -25.6601], [28.2181, -25.7315], [28.1896, -25.7639], [28.1712, -25.7933]]}}, {"type": "Feature", "properties": {"country": "South Africa", "operator": "Telkom South Africa"}, "geometry": {"type": "LineString", "coordinates": [[28.1733, -25.7864], [28.25, -25.7695], [28.3195, -25.7601], [28.3983, -25.7688], [28.4795, -25.7749], [28.5416, -25.7705], [28.6162, -25.7606], [28.6837, -25.7581], [28.7504, -25.7463], [28.7805, -25.7324]]}}, {"type": "Feature", "properties": {"country": "South Africa", "operator": "Telkom South Africa"}, "geometry": {"type": "LineString", "coordinates": [[27.605, -25.5859], [27.6436, -25.6118], [27.6925, -25.6369], [27.7363, -25.6623], [27.7681, -25.6697], [27.8001, -25.6771], [27.8392, -25.677], [27.8816, -25.6861], [27.8998, -25.6849], [27.9792, -25.7009], [28.018, -25.6983], [28.063, -25.707], [28.0952, -25.719], [28.1425, -25.7454], [28.1723, -25.7933]]}}, {"type": "Feature", "properties": {"country": "South Africa", "operator": "Telkom South Africa"}, "geometry": {"type": "LineString", "coordinates": [[27.5479, -25.7397], [27.4593, -25.7013], [27.5867, -25.7546], [27.612, -25.7565], [27.6643, -25.7565], [27.6967, -25.7509], [27.7366, -25.7412], [27.7608, -25.7292], [27.7882, -25.7099], [27.8139, -25.6924], [27.8224, -25.6779]]}}, {"type": "Feature", "properties": {"country": "South Africa", "operator": "Telkom South Africa"}, "geometry": {"type": "LineString", "coordinates": [[29.8182, -22.2028], [29.8236, -22.2642], [29.8456, -22.3146], [29.8654, -22.3392], [29.9026, -22.3624], [29.93, -22.3929], [29.9634, -22.4132], [29.9992, -22.4593], [30.03, -22.4894], [30.0719, -22.5253], [30.1138, -22.5611], [30.1662, -22.5961], [30.2065, -22.6125], [30.2493, -22.619], [30.2848, -22.6228]]}}, {"type": "Feature", "properties": {"country": "South Africa", "operator": "Telkom South Africa"}, "geometry": {"type": "LineString", "coordinates": [[27.3076, -25.3075], [27.2305, -25.3089], [27.1709, -25.3127], [27.1229, -25.3157], [27.121, -25.3158], [27.1163, -25.33], [27.1351, -25.3743], [27.1462, -25.4189], [27.1726, -25.4854], [27.196, -25.5398], [27.2081, -25.5705], [27.2613, -25.7069]]}}, {"type": "Feature", "properties": {"country": "South Africa", "operator": "Telkom South Africa"}, "geometry": {"type": "LineString", "coordinates": [[27.3227, -24.8367], [27.3235, -24.8715], [27.3229, -24.9135], [27.3206, -24.9574], [27.317, -25.0083], [27.308, -25.0404], [27.2916, -25.0763], [27.2772, -25.1139], [27.2652, -25.1322], [27.2476, -25.1542], [27.2316, -25.1727], [27.2228, -25.1837], [27.2321, -25.2041], [27.2615, -25.2353], [27.2725, -25.2521], [27.3022, -25.2869], [27.3094, -25.3056], [27.32, -25.3416], [27.3275, -25.3883], [27.3391, -25.4381], [27.3468, -25.4865], [27.3572, -25.5453], [27.3519, -25.577], [27.3418, -25.5969], [27.3231, -25.6296], [27.3057, -25.6551], [27.2796, -25.6935], [27.2653, -25.7084]]}}, {"type": "Feature", "properties": {"country": "South Africa", "operator": "Telkom South Africa"}, "geometry": {"type": "LineString", "coordinates": [[29.1181, -26.1004], [29.1284, -26.0715], [29.1574, -26.0413], [29.1837, -26.017], [29.2061, -25.9844], [29.2199, -25.9609]]}}, {"type": "Feature", "properties": {"country": "South Africa", "operator": "Telkom South Africa"}, "geometry": {"type": "LineString", "coordinates": [[29.3801, -25.9982], [29.3971, -25.9772], [29.4077, -25.9539], [29.4104, -25.9114], [29.3927, -25.8872], [29.378, -25.8627], [29.3574, -25.8415]]}}, {"type": "Feature", "properties": {"country": "South Africa", "operator": "Telkom South Africa"}, "geometry": {"type": "LineString", "coordinates": [[29.2172, -25.9668], [29.226, -25.9972], [29.2467, -26.0184], [29.268, -26.0481], [29.2991, -26.0827], [29.3253, -26.095], [29.3477, -26.0992], [29.3727, -26.0975], [29.4064, -26.0867], [29.4549, -26.0665], [29.4787, -26.0507], [29.5215, -26.0365], [29.5914, -26.0458], [29.6349, -26.0399]]}}, {"type": "Feature", "properties": {"country": "South Africa", "operator": "Telkom South Africa"}, "geometry": {"type": "LineString", "coordinates": [[28.1244, -26.1985], [28.1712, -26.2027], [28.2151, -26.2047], [28.2594, -26.2113], [28.3094, -26.2245], [28.3543, -26.2402], [28.3969, -26.2585], [28.4342, -26.2747], [28.4633, -26.2844], [28.4967, -26.2824], [28.5182, -26.2603], [28.5274, -26.2458], [28.5552, -26.2395], [28.5918, -26.2465], [28.609, -26.2361], [28.6259, -26.2212], [28.652, -26.1919], [28.6743, -26.1812], [28.6994, -26.1727], [28.7115, -26.1627]]}}, {"type": "Feature", "properties": {"country": "South Africa", "operator": "Telkom South Africa"}, "geometry": {"type": "LineString", "coordinates": [[28.8233, -26.3848], [28.8175, -26.3513], [28.8007, -26.2987], [28.7698, -26.2668], [28.7347, -26.221], [28.7112, -26.1631], [28.7316, -26.1421], [28.7741, -26.1225], [28.817, -26.1085], [28.851, -26.1006], [28.9234, -26.1016], [28.9707, -26.1042], [29.0119, -26.1072], [29.0619, -26.104], [29.0927, -26.0963], [29.1144, -26.0921]]}}, {"type": "Feature", "properties": {"country": "South Africa", "operator": "Telkom South Africa"}, "geometry": {"type": "LineString", "coordinates": [[28.1789, -25.7923], [28.175, -25.8088], [28.203, -25.8398], [28.2252, -25.8617], [28.2521, -25.9112], [28.2779, -25.9467], [28.2878, -25.9762], [28.2998, -25.9986], [28.3011, -26.0171], [28.3133, -26.0418], [28.3128, -26.0696], [28.2848, -26.1083], [28.2679, -26.1232], [28.2457, -26.1361], [28.2033, -26.1548], [28.1639, -26.1779], [28.1365, -26.1911], [28.114, -26.1994]]}}, {"type": "Feature", "properties": {"country": "South Africa", "operator": "Telkom South Africa"}, "geometry": {"type": "LineString", "coordinates": [[27.2668, -25.709], [27.3054, -25.7726], [27.3578, -25.8121], [27.3966, -25.8451], [27.4402, -25.8754], [27.4768, -25.9176], [27.5317, -25.9634], [27.5682, -26.0033], [27.5986, -26.0295], [27.6176, -26.0424], [27.6412, -26.048], [27.6703, -26.058], [27.7151, -26.0695], [27.7334, -26.0731], [27.7548, -26.0835], [27.7924, -26.1046], [27.8278, -26.1303], [27.8545, -26.1427], [27.8887, -26.1524], [27.9197, -26.1529], [27.9429, -26.1539], [27.982, -26.1586], [28.0267, -26.1722], [28.0558, -26.1821], [28.0927, -26.1938], [28.1136, -26.1972]]}}, {"type": "Feature", "properties": {"country": "South Africa", "operator": "Telkom South Africa"}, "geometry": {"type": "LineString", "coordinates": [[27.5235, -25.9569], [27.5458, -25.9441], [27.5757, -25.9286], [27.6088, -25.9221], [27.6365, -25.9136]]}}, {"type": "Feature", "properties": {"country": "South Africa", "operator": "Telkom South Africa"}, "geometry": {"type": "LineString", "coordinates": [[28.1709, -25.7887], [28.1629, -25.8123], [28.1547, -25.8342], [28.1499, -25.8487], [28.1169, -25.8808], [28.1171, -25.8826], [28.1179, -25.9446], [28.1265, -26.0044], [28.129, -26.0378], [28.1251, -26.0894], [28.1194, -26.1445], [28.1162, -26.1801], [28.1199, -26.2029]]}}, {"type": "Feature", "properties": {"country": "South Africa", "operator": "Telkom South Africa"}, "geometry": {"type": "LineString", "coordinates": [[27.2676, -25.7067], [27.3018, -25.7005], [27.3572, -25.6971], [27.4085, -25.7024], [27.4593, -25.7013]]}}, {"type": "Feature", "properties": {"country": "South Africa", "operator": "Telkom South Africa"}, "geometry": {"type": "LineString", "coordinates": [[28.1714, -25.7958], [28.1695, -25.7959], [28.1051, -25.7784], [28.0476, -25.7746], [27.9965, -25.7776], [27.9927, -25.7796], [27.9479, -25.7858], [27.898, -25.803], [27.8397, -25.8401], [27.7912, -25.8784], [27.7519, -25.9073], [27.7352, -25.9473], [27.7307, -25.992], [27.7221, -26.0351], [27.7281, -26.0613], [27.7333, -26.077]]}}, {"type": "Feature", "properties": {"country": "South Africa", "operator": "Telkom South Africa"}, "geometry": {"type": "LineString", "coordinates": [[29.4948, -24.3147], [29.4947, -24.1885], [29.4914, -24.1079], [29.5036, -24.0424], [29.5136, -23.9932], [29.5152, -23.9705]]}}, {"type": "Feature", "properties": {"country": "South Africa", "operator": "Telkom South Africa"}, "geometry": {"type": "LineString", "coordinates": [[27.8803, -23.6965], [27.9452, -23.6994], [28.0127, -23.6923], [28.0794, -23.6754], [28.1424, -23.6587], [28.1952, -23.6491], [28.2479, -23.6394], [28.3298, -23.6378], [28.4187, -23.6357], [28.4851, -23.6219], [28.5411, -23.6119], [28.6, -23.5951], [28.6415, -23.5828], [28.6825, -23.5639], [28.7034, -23.5593], [28.7314, -23.5543], [28.7923, -23.5633], [28.8548, -23.5918], [28.9244, -23.6197], [28.9982, -23.657], [29.0831, -23.7001], [29.1573, -23.7405], [29.2151, -23.7982], [29.261, -23.8403], [29.3069, -23.8825], [29.3653, -23.9043], [29.4275, -23.929], [29.5125, -23.9715]]}}, {"type": "Feature", "properties": {"country": "South Africa", "operator": "Telkom South Africa"}, "geometry": {"type": "LineString", "coordinates": [[28.7354, -23.5605], [28.77, -23.594], [28.8044, -23.6243], [28.8443, -23.6801], [28.8959, -23.7481], [28.9321, -23.8008], [28.9547, -23.8609], [28.9742, -23.9244], [28.9919, -23.9685], [29.0037, -24.026], [29.0009, -24.0779], [29.0005, -24.1167], [29.0076, -24.2036], [29.0077, -24.2488], [29.0186, -24.2966]]}}, {"type": "Feature", "properties": {"country": "South Africa", "operator": "Telkom South Africa"}, "geometry": {"type": "LineString", "coordinates": [[29.3341, -23.0706], [29.3199, -23.1528], [29.3275, -23.2009], [29.3319, -23.2525], [29.3484, -23.3227], [29.3606, -23.3834], [29.3758, -23.4374], [29.3905, -23.485], [29.4068, -23.5518], [29.4133, -23.587], [29.4325, -23.6471], [29.4439, -23.6981], [29.4685, -23.7805], [29.5127, -23.9262], [29.5169, -23.9778]]}}, {"type": "Feature", "properties": {"country": "South Africa", "operator": "Telkom South Africa"}, "geometry": {"type": "LineString", "coordinates": [[29.6067, -23.6994], [29.5857, -23.785], [29.5747, -23.8635], [29.5579, -23.9165], [29.5359, -23.9505], [29.5167, -23.9745]]}}, {"type": "Feature", "properties": {"country": "South Africa", "operator": "Telkom South Africa"}, "geometry": {"type": "LineString", "coordinates": [[29.5232, -23.9705], [29.6157, -23.9179], [29.6813, -23.8479], [29.7265, -23.7926], [29.7597, -23.7219], [29.7925, -23.648], [29.8172, -23.604], [29.8378, -23.5538], [29.8562, -23.52], [29.8612, -23.4969], [29.8649, -23.4578], [29.8816, -23.4047], [29.8903, -23.3424], [29.9133, -23.2824], [29.9234, -23.2363], [29.9324, -23.1773], [29.9456, -23.0855], [29.9506, -23.0236], [29.9503, -23.0203], [29.9436, -22.9851], [29.9431, -22.9787], [29.9361, -22.9403], [29.9306, -22.879], [29.922, -22.7853], [29.9203, -22.6879], [29.925, -22.5834], [29.9361, -22.511], [29.9425, -22.4649], [29.9538, -22.3956]]}}, {"type": "Feature", "properties": {"country": "South Africa", "operator": "Telkom South Africa"}, "geometry": {"type": "LineString", "coordinates": [[30.1957, -23.8908], [30.3211, -23.8229], [30.307, -23.785], [30.3067, -23.7818], [30.3062, -23.7364], [30.306, -23.6942], [30.3096, -23.655], [30.4134, -23.7055], [30.493, -23.722], [30.5549, -23.74], [30.6048, -23.7426], [30.6385, -23.7237], [30.7122, -23.6401], [30.7896, -23.5594], [30.8426, -23.4838], [30.8415, -23.4352], [30.8413, -23.3574], [30.837, -23.2377], [30.8137, -23.1779], [30.778, -23.1352], [30.7594, -23.088], [30.7227, -23.0356], [30.6728, -23.0298], [30.3972, -23.0251], [30.3896, -23.0581], [30.3721, -23.0985], [30.33, -23.1406], [30.2973, -23.1301], [30.2303, -23.1288], [30.1344, -23.123], [30.0885, -23.1232], [30.0163, -23.1058], [29.9416, -23.0656]]}}, {"type": "Feature", "properties": {"country": "South Africa", "operator": "Telkom South Africa"}, "geometry": {"type": "LineString", "coordinates": [[30.4832, -22.8465], [30.4529, -22.9008], [30.4398, -22.9504]]}}, {"type": "Feature", "properties": {"country": "South Africa", "operator": "Telkom South Africa"}, "geometry": {"type": "LineString", "coordinates": [[21.2821, -34.085], [21.3011, -34.1267], [21.3154, -34.1668], [21.3364, -34.2007], [21.3545, -34.227], [21.3777, -34.2589], [21.3959, -34.2853], [21.4047, -34.312], [21.4132, -34.333]]}}, {"type": "Feature", "properties": {"country": "South Africa", "operator": "Telkom South Africa"}, "geometry": {"type": "LineString", "coordinates": [[29.9526, -23.0681], [29.9949, -23.0261], [30.0431, -22.9707], [30.0836, -22.9483], [30.1397, -22.9412], [30.1864, -22.9507], [30.2675, -22.951], [30.3591, -22.9535], [30.4013, -22.9535], [30.443, -22.9469], [30.422, -22.9875], [30.4039, -23.0213]]}}, {"type": "Feature", "properties": {"country": "South Africa", "operator": "Telkom South Africa"}, "geometry": {"type": "LineString", "coordinates": [[19.5875, -33.6615], [19.607, -33.6348], [19.6327, -33.5929], [19.6587, -33.5604], [19.6712, -33.5209], [19.6862, -33.4907], [19.7103, -33.4677], [19.7575, -33.4218], [19.8131, -33.3866], [19.8609, -33.3701], [19.929, -33.3494], [20.0124, -33.3299], [20.0847, -33.3126], [20.1485, -33.3011], [20.221, -33.2856], [20.2979, -33.2717], [20.372, -33.2486], [20.4864, -33.2351], [20.5566, -33.2231], [20.6157, -33.2096]]}}, {"type": "Feature", "properties": {"country": "South Africa", "operator": "Telkom South Africa"}, "geometry": {"type": "LineString", "coordinates": [[18.728, -32.7476], [18.7343, -32.7882], [18.7426, -32.821], [18.7576, -32.8478], [18.7817, -32.8724], [18.7919, -32.8954]]}}, {"type": "Feature", "properties": {"country": "South Africa", "operator": "Telkom South Africa"}, "geometry": {"type": "LineString", "coordinates": [[17.9658, -32.974], [18.0078, -32.975], [18.0361, -32.9842], [18.0624, -33.0012], [18.0746, -33.0185], [18.0825, -33.0436], [18.0881, -33.0689], [18.0956, -33.0843]]}}, {"type": "Feature", "properties": {"country": "South Africa", "operator": "Telkom South Africa"}, "geometry": {"type": "LineString", "coordinates": [[18.3688, -32.0958], [18.4205, -32.0973], [18.4762, -32.1017], [18.5204, -32.1052], [18.571, -32.1163], [18.6038, -32.1221], [18.6399, -32.1213], [18.7049, -32.1249], [18.7688, -32.1366], [18.813, -32.1416], [18.853, -32.1436], [18.8917, -32.1506], [18.9206, -32.155], [18.9328, -32.1637]]}}, {"type": "Feature", "properties": {"country": "South Africa", "operator": "Telkom South Africa"}, "geometry": {"type": "LineString", "coordinates": [[17.9657, -32.9766], [17.9849, -32.9412], [18.0027, -32.9241], [18.0412, -32.8922], [18.1325, -32.839], [18.19, -32.8083], [18.2181, -32.7861], [18.2658, -32.7354], [18.2964, -32.7108], [18.3308, -32.6653], [18.3599, -32.6225], [18.3876, -32.5637], [18.4006, -32.4921], [18.4018, -32.4417], [18.4009, -32.3982], [18.4, -32.3548], [18.3962, -32.3092]]}}, {"type": "Feature", "properties": {"country": "South Africa", "operator": "Telkom South Africa"}, "geometry": {"type": "LineString", "coordinates": [[24.817, -34.0212], [24.8475, -34.0174], [24.8675, -34.0072], [24.8947, -33.9857], [24.9099, -33.9657], [24.9336, -33.9421], [24.9522, -33.9242], [25.0086, -33.9096], [25.0773, -33.9114], [25.1325, -33.9071], [25.1782, -33.9013], [25.213, -33.9046], [25.2509, -33.9075], [25.3181, -33.9171], [25.3949, -33.9278], [25.4492, -33.9337], [25.4857, -33.929], [25.546, -33.9159], [25.5818, -33.9059]]}}, {"type": "Feature", "properties": {"country": "South Africa", "operator": "Telkom South Africa"}, "geometry": {"type": "LineString", "coordinates": [[23.1693, -33.6436], [23.2051, -33.6047], [23.2552, -33.5576], [23.2886, -33.5212], [23.3343, -33.4637], [23.3899, -33.4028], [23.4298, -33.359], [23.4726, -33.317], [23.5099, -33.2734]]}}, {"type": "Feature", "properties": {"country": "South Africa", "operator": "Telkom South Africa"}, "geometry": {"type": "LineString", "coordinates": [[25.4532, -33.6745], [25.462, -33.6505], [25.466, -33.6347], [25.4673, -33.6218], [25.4702, -33.5996], [25.472, -33.5601], [25.4746, -33.5245], [25.4775, -33.4723], [25.4825, -33.4415], [25.4857, -33.4201], [25.4934, -33.3914], [25.5127, -33.4072], [25.5385, -33.4242], [25.5615, -33.4396], [25.5819, -33.4543], [25.6184, -33.4761], [25.6345, -33.4833], [25.6544, -33.4901], [25.6758, -33.4936], [25.6936, -33.4838], [25.7136, -33.4726], [25.735, -33.4623], [25.7556, -33.4541], [25.7757, -33.4491], [25.8063, -33.4467], [25.8296, -33.4454], [25.8518, -33.4443], [25.8855, -33.4456], [25.9248, -33.445], [25.9462, -33.4409], [25.9863, -33.4377]]}}, {"type": "Feature", "properties": {"country": "South Africa", "operator": "Telkom South Africa"}, "geometry": {"type": "LineString", "coordinates": [[20.5413, -28.6934], [20.5723, -28.7029], [20.6048, -28.7266], [20.6206, -28.7469], [20.6261, -28.7727], [20.62, -28.7923]]}}, {"type": "Feature", "properties": {"country": "South Africa", "operator": "Telkom South Africa"}, "geometry": {"type": "LineString", "coordinates": [[22.7828, -27.9593], [22.805, -27.9467], [22.8389, -27.9377], [22.8713, -27.9305], [22.9114, -27.9256], [22.9566, -27.9168], [23.0017, -27.9081], [23.0336, -27.8976], [23.0641, -27.8676], [23.0765, -27.8283], [23.0854, -27.7795], [23.0835, -27.732], [23.0744, -27.7101], [23.063, -27.7082], [23.0696, -27.7072]]}}, {"type": "Feature", "properties": {"country": "South Africa", "operator": "Telkom South Africa"}, "geometry": {"type": "LineString", "coordinates": [[24.61, -32.262], [24.6274, -32.4462], [24.648, -32.5959], [24.684, -32.7716], [24.713, -32.9285], [24.7586, -33.035], [24.8081, -33.1268], [24.8674, -33.2002], [24.9283, -33.2649], [25.0257, -33.3412], [25.1216, -33.3925], [25.2199, -33.4378], [25.2923, -33.4727], [25.3338, -33.5064], [25.3878, -33.5811], [25.4547, -33.6825]]}}, {"type": "Feature", "properties": {"country": "South Africa", "operator": "Telkom South Africa"}, "geometry": {"type": "LineString", "coordinates": [[24.388, -33.0037], [24.4545, -32.9829], [24.4878, -32.981], [24.5581, -32.9624], [24.5903, -32.9549], [24.6415, -32.9418], [24.7107, -32.9346]]}}, {"type": "Feature", "properties": {"country": "South Africa", "operator": "Telkom South Africa"}, "geometry": {"type": "LineString", "coordinates": [[25.8492, -32.7185], [25.9396, -32.7065], [26.0955, -32.6813], [26.219, -32.6862], [26.3337, -32.7048], [26.4803, -32.7331], [26.6625, -32.7601], [26.8723, -32.7772], [27.096, -32.8267], [27.2484, -32.8632], [27.34, -32.895]]}}, {"type": "Feature", "properties": {"country": "South Africa", "operator": "Telkom South Africa"}, "geometry": {"type": "LineString", "coordinates": [[29.1605, -28.6374], [29.1887, -28.6418], [29.2105, -28.6447], [29.2471, -28.6714], [29.2758, -28.7041], [29.3076, -28.7235], [29.3445, -28.7274], [29.3898, -28.7292], [29.403, -28.7323], [29.4338, -28.7422], [29.4449, -28.7473], [29.5013, -28.7878], [29.5457, -28.8101], [29.5672, -28.8391], [29.5949, -28.892], [29.5932, -28.9257], [29.5884, -28.9744], [29.5816, -29.0231], [29.6122, -29.0309], [29.6491, -29.0365], [29.6769, -29.037], [29.7039, -29.0283], [29.7374, -29.0192], [29.7661, -29.0048], [29.7957, -29.0015], [29.8283, -29.0092], [29.842, -29.0215], [29.8557, -29.006], [29.8884, -28.9858]]}}, {"type": "Feature", "properties": {"country": "South Africa", "operator": "Telkom South Africa"}, "geometry": {"type": "LineString", "coordinates": [[32.0226, -28.7088], [32.0602, -28.7238], [32.0781, -28.7338], [32.0855, -28.7473], [32.0875, -28.7615], [32.0788, -28.7768], [32.0624, -28.7954], [32.0406, -28.8146], [32.0245, -28.8356], [32.0242, -28.8524], [32.0313, -28.8828]]}}, {"type": "Feature", "properties": {"country": "South Africa", "operator": "Telkom South Africa"}, "geometry": {"type": "LineString", "coordinates": [[31.7868, -28.9801], [31.8054, -28.9374], [31.8229, -28.9068], [31.8377, -28.8765], [31.8636, -28.8473], [31.8982, -28.822], [31.9153, -28.8081]]}}, {"type": "Feature", "properties": {"country": "South Africa", "operator": "Telkom South Africa"}, "geometry": {"type": "LineString", "coordinates": [[29.2143, -25.9636], [29.252, -25.9307], [29.28, -25.9118], [29.3005, -25.8935], [29.3422, -25.8635], [29.3664, -25.8449], [29.4016, -25.8255], [29.4365, -25.8027], [29.4865, -25.7822], [29.5763, -25.7517], [29.6162, -25.7419], [29.664, -25.7381], [29.7189, -25.7304], [29.7811, -25.722], [29.8286, -25.7149], [29.9212, -25.714], [30.0249, -25.7121], [30.0955, -25.7129], [30.3139, -25.7044], [30.3405, -25.6426], [30.3655, -25.597], [30.3791, -25.5491], [30.389, -25.5014], [30.3959, -25.4607], [30.4053, -25.4098], [30.4244, -25.3446], [30.4349, -25.3036], [30.4455, -25.2626], [30.463, -25.2176], [30.4742, -25.1832], [30.4928, -25.1481], [30.5199, -25.0889], [30.5205, -25.0587], [30.5273, -25.018], [30.5406, -24.9665], [30.5513, -24.9253], [30.5569, -24.908], [30.5695, -24.8499], [30.5908, -24.8043], [30.6055, -24.7659]]}}, {"type": "Feature", "properties": {"country": "South Africa", "operator": "Telkom South Africa"}, "geometry": {"type": "LineString", "coordinates": [[31.7107, -25.4814], [31.7511, -25.473], [31.7866, -25.4674], [31.8636, -25.4627], [31.9186, -25.4692], [31.9515, -25.4638], [31.9849, -25.4841], [32.022, -25.4922], [32.0484, -25.4967], [32.0799, -25.5008], [32.1388, -25.4952], [32.1701, -25.4969], [32.1982, -25.4942], [32.2241, -25.494], [32.2477, -25.4965], [32.2669, -25.4992], [32.3009, -25.5077], [32.3359, -25.5184], [32.3661, -25.5247], [32.396, -25.5219]]}}, {"type": "Feature", "properties": {"country": "South Africa", "operator": "Telkom South Africa"}, "geometry": {"type": "LineString", "coordinates": [[27.4191, -24.6237], [27.4293, -24.6582], [27.4514, -24.7131], [27.4722, -24.7494], [27.4914, -24.793], [27.5045, -24.823]]}}, {"type": "Feature", "properties": {"country": "South Africa", "operator": "Telkom South Africa"}, "geometry": {"type": "LineString", "coordinates": [[27.4426, -26.399], [27.4697, -26.3768], [27.5027, -26.3658], [27.5221, -26.3462], [27.5546, -26.3283], [27.5764, -26.3063], [27.6039, -26.291], [27.6282, -26.2688], [27.6599, -26.2417], [27.6894, -26.2216], [27.7013, -26.207], [27.7149, -26.1808], [27.7389, -26.1563], [27.7722, -26.1173], [27.7864, -26.1002]]}}, {"type": "Feature", "properties": {"country": "Sudan", "operator": "Sudatel"}, "geometry": {"type": "LineString", "coordinates": [[34.001, 17.6601], [33.9516, 17.6542], [33.9404, 17.6532], [33.9152, 17.6396], [33.8974, 17.6382], [33.8385, 17.6598], [33.8026, 17.6658], [33.7918, 17.6726], [33.7808, 17.6694], [33.7703, 17.6593], [33.7392, 17.6518], [33.7017, 17.6581], [33.6863, 17.6626], [33.6629, 17.6686], [33.5746, 17.6881], [33.548, 17.6954], [33.438, 17.6861], [33.3879, 17.7106], [33.2535, 17.7368], [33.2208, 17.7319], [33.1988, 17.7508], [33.1851, 17.7493], [33.0987, 17.7668], [33.0612, 17.8108], [33.002, 17.8258], [32.9884, 17.8212], [32.9674, 17.827], [32.9275, 17.8822], [32.8835, 17.9138], [32.7775, 17.9283], [32.6397, 17.9993], [32.5805, 18.0559], [32.5601, 18.0586], [32.5299, 18.0798], [32.513, 18.0751], [32.4874, 18.0483], [32.4492, 18.0361], [32.3461, 18.0493], [32.2896, 18.0698], [32.163, 18.0561], [32.0667, 18.162], [32.0046, 18.1765], [31.9444, 18.2513], [31.8629, 18.2848], [31.8039, 18.3741], [31.7424, 18.2978], [31.6692, 18.2319], [31.6082, 18.1396], [31.5644, 18.0957], [31.4515, 18.0321], [31.3218, 18.0159], [31.2537, 17.9569], [31.2316, 17.9522], [31.1079, 17.9821], [30.9866, 18.0049], [30.8964, 18.0794], [30.7978, 18.1162], [30.7284, 18.1701], [30.6887, 18.2806], [30.6803, 18.3687], [30.6761, 18.4589], [30.5659, 18.5754], [30.5367, 18.6943], [30.497, 18.8148], [30.4474, 18.8823], [30.4514, 18.9911], [30.4688, 19.1043], [30.4718, 19.1694], [30.5222, 19.1814], [30.5087, 19.2851], [30.4746, 19.4924], [30.4204, 19.5963], [30.3959, 19.7303], [30.3357, 19.8022], [30.3328, 19.8061], [30.3117, 19.8436], [30.3337, 19.8932], [30.392, 19.8727], [30.4224, 19.9212], [30.491, 19.9247], [30.5329, 19.93], [30.5936, 20.0006], [30.5969, 20.0668], [30.5671, 20.1121], [30.5817, 20.2116], [30.5811, 20.3065], [30.5659, 20.3403], [30.4806, 20.3652], [30.4037, 20.3509], [30.3778, 20.4054], [30.3529, 20.431], [30.3324, 20.5259], [30.3126, 20.5662], [30.3214, 20.6324], [30.3555, 20.6995], [30.3587, 20.7273], [30.3376, 20.7609], [30.3545, 20.8011], [30.4108, 20.8042], [30.4612, 20.8164], [30.526, 20.8185], [30.5712, 20.8569], [30.5879, 20.9037], [30.658, 20.9571], [30.6973, 21.0427], [30.7119, 21.0708], [30.7878, 21.1232], [30.8116, 21.1674], [30.8368, 21.1788], [30.9078, 21.2589], [30.9976, 21.288], [31.0237, 21.3126], [31.071, 21.4384], [31.1711, 21.4665], [31.2082, 21.532], [31.2245, 21.5984], [31.2918, 21.6716], [31.3248, 21.7544], [31.3713, 21.7945], [31.3983, 22.0089], [31.4256, 22.0933], [31.4826, 22.1667], [31.4985, 22.1898]]}}, {"type": "Feature", "properties": {"country": "Sudan", "operator": "Sudatel"}, "geometry": {"type": "LineString", "coordinates": [[37.2169, 19.6164], [37.2703, 19.4594], [37.2682, 19.2863], [37.2969, 19.1988], [37.3143, 19.1524], [37.305, 19.1086], [37.1537, 19.0814], [37.0796, 19.0324], [37.0311, 19.0356], [36.9593, 18.9952], [36.9272, 18.9303], [36.9131, 18.9093], [36.9114, 18.9093], [36.8629, 18.8915], [36.8319, 18.8056], [36.8164, 18.7508], [36.7821, 18.647], [36.7543, 18.6036], [36.7657, 18.5626], [36.7069, 18.4913], [36.671, 18.4796], [36.6171, 18.4044], [36.5795, 18.3616], [36.5107, 18.3342], [36.4001, 18.3339], [36.3666, 18.3222], [36.3426, 18.2591], [36.2936, 18.1966], [36.2189, 18.0193], [36.1669, 17.9415], [36.1386, 17.877], [36.1345, 17.8739], [36.1337, 17.8731], [36.0274, 17.7632], [36.0769, 17.7139], [36.078, 17.6533], [36.0743, 17.5454], [36.0865, 17.3837], [36.0639, 17.3191], [36.0692, 17.2289], [36.0956, 17.1341], [36.0612, 17.019], [36.0587, 16.8377], [36.0811, 16.5298], [36.1136, 16.122], [36.1281, 15.9122], [36.1108, 15.8288], [36.1331, 15.6933], [36.2898, 15.4708], [36.34, 15.4118], [36.3279, 15.3737], [36.019, 15.0676], [35.9635, 15.065], [35.9363, 15.0331], [35.8706, 14.99], [35.8482, 14.9628], [35.8534, 14.8695], [35.8113, 14.6453], [35.8386, 14.5095], [35.8594, 14.4301], [35.8475, 14.4043], [35.7869, 14.3182], [35.6719, 14.2336], [35.5872, 14.2004], [35.546, 14.145], [35.4679, 14.0987], [35.4158, 14.0689], [35.3758, 14.0702], [35.3415, 14.0513], [35.3887, 13.9901], [35.3415, 14.051], [35.2771, 14.0468], [35.1968, 14.0403], [35.1187, 14.0441], [34.9972, 14.0212], [34.7469, 14.0246], [34.6975, 14.0267], [34.5842, 14.0526], [34.3597, 14.1339], [34.2851, 14.1356], [34.2607, 14.1441], [34.2183, 14.1201], [34.0798, 14.128], [33.9525, 14.1029], [33.8922, 14.1065], [33.8253, 14.1327], [33.7292, 14.2249], [33.7023, 14.2656], [33.6498, 14.2702], [33.5938, 14.3804], [33.5879, 14.4126], [33.5595, 14.4392], [33.5199, 14.4343], [33.4832, 14.4198], [33.4708, 14.4528], [33.4714, 14.4703], [33.4556, 14.4928], [33.4512, 14.5381], [33.4168, 14.5832], [33.389, 14.6178], [33.3831, 14.6379], [33.3521, 14.6901], [33.3505, 14.7226], [33.3096, 14.7247], [33.2971, 14.7741], [33.277, 14.793], [33.2692, 14.8259], [33.2428, 14.8386], [33.2027, 14.9154], [33.2206, 14.9784], [33.2157, 15.0002], [33.1873, 15.0258], [33.1824, 15.0458], [33.1798, 15.0885], [33.1413, 15.1167], [33.0958, 15.1806], [33.0534, 15.2166], [33.0347, 15.2408], [32.9282, 15.2584], [32.8724, 15.3046], [32.7914, 15.3408], [32.5904, 15.5364], [32.5616, 15.5346], [32.538, 15.5949], [32.5319, 15.6409], [32.5629, 15.7136], [32.5686, 15.7772], [32.5752, 15.84], [32.5755, 15.9197], [32.5928, 16.0417], [32.6081, 16.0686], [32.6131, 16.1145], [32.6856, 16.1997], [32.8235, 16.3263], [32.8988, 16.3799], [32.9189, 16.4211], [32.9213, 16.4545], [32.9379, 16.4738], [33.0412, 16.4823], [33.0521, 16.4797], [33.0852, 16.4922], [33.1315, 16.5063], [33.152, 16.5265], [33.2023, 16.534], [33.2757, 16.5873], [33.3001, 16.6085], [33.3595, 16.6113], [33.409, 16.613], [33.4625, 16.6746], [33.5216, 16.704], [33.6077, 16.7223], [33.628, 16.7626], [33.6773, 16.8326], [33.7354, 16.9311], [33.7545, 16.9892], [33.7451, 17.0271], [33.7427, 17.0508], [33.755, 17.0994], [33.7691, 17.1682], [33.7917, 17.2743], [33.8764, 17.3762], [33.9549, 17.4531], [34.001, 17.5821], [34.0011, 17.6916], [34.1688, 17.6893], [34.3034, 17.6908], [34.4708, 17.7711], [34.6129, 17.8236], [34.7685, 17.8951], [34.816, 17.923], [34.8938, 17.9801], [34.9689, 18.0165], [35.0574, 18.0088], [35.1776, 18.0593], [35.2764, 18.0986], [35.323, 18.0975], [35.3934, 18.1327], [35.4644, 18.1619], [35.534, 18.1773], [35.6138, 18.1817], [35.7037, 18.1998], [35.7891, 18.218], [35.8341, 18.1878], [35.8776, 18.1934], [35.9572, 18.2183], [36.0339, 18.2514], [36.1092, 18.2735], [36.157, 18.2832], [36.2411, 18.3191], [36.2834, 18.337], [36.3282, 18.3255], [36.3637, 18.3239], [36.4011, 18.3392], [36.5095, 18.3413], [36.5762, 18.3705], [36.6113, 18.41], [36.6602, 18.4854], [36.7046, 18.4995], [36.7554, 18.5608], [36.7443, 18.5993], [36.7766, 18.6518], [36.8033, 18.7507], [36.8246, 18.8086], [36.8309, 18.8336], [36.8372, 18.8609], [36.8424, 18.9089], [36.8386, 18.9257], [36.8433, 18.9422], [36.8352, 18.9543], [36.8362, 18.9702], [36.8416, 18.9845], [36.8397, 19.0166], [36.8392, 19.0464], [36.8377, 19.0685], [36.8395, 19.0839], [36.8371, 19.0932], [36.8401, 19.1035], [36.839, 19.1261], [36.8362, 19.1436], [36.835, 19.158], [36.8324, 19.1737], [36.8335, 19.1822], [36.8328, 19.1955], [36.8339, 19.2034], [36.8363, 19.2074], [36.8449, 19.2098], [36.8602, 19.2127], [36.8787, 19.2163], [36.8852, 19.2239], [36.8863, 19.2286], [36.8859, 19.2336], [36.888, 19.2421], [36.8887, 19.2444], [36.8885, 19.2509], [36.8906, 19.2589], [36.8935, 19.2669], [36.8949, 19.2719], [36.8935, 19.2749], [36.8934, 19.2822], [36.8929, 19.286], [36.8935, 19.2924], [36.8927, 19.2952], [36.8899, 19.3064], [36.8899, 19.3098], [36.8985, 19.3201], [36.9079, 19.3305], [36.9108, 19.3328], [36.9162, 19.3344], [36.9219, 19.3359], [36.9254, 19.3387], [36.9289, 19.3408], [36.9312, 19.3403], [36.9326, 19.3382], [36.9326, 19.3381], [36.9323, 19.3344], [36.9321, 19.332], [36.9337, 19.3294], [36.9371, 19.3258], [36.9414, 19.3257], [36.9453, 19.3259], [36.9477, 19.3239], [36.9494, 19.3199], [36.951, 19.3163], [36.9543, 19.3147], [36.9569, 19.3154], [36.9594, 19.3182], [36.961, 19.32], [36.9631, 19.3207], [36.9666, 19.3198], [36.969, 19.3194], [36.9711, 19.3199], [36.975, 19.3228], [36.9773, 19.3243], [36.9789, 19.3246], [36.9817, 19.3239], [36.984, 19.3219], [36.9878, 19.3176], [36.9926, 19.3129], [36.995, 19.3114], [36.9983, 19.3118], [37.0003, 19.3145], [37.001, 19.3176], [37.0023, 19.3207], [37.0045, 19.3216], [37.0047, 19.3216], [37.0093, 19.322], [37.0119, 19.3216], [37.0143, 19.3193], [37.0158, 19.3161], [37.0171, 19.3146], [37.0192, 19.3141], [37.0233, 19.3152], [37.0319, 19.3179], [37.0377, 19.3197], [37.0414, 19.3231], [37.0444, 19.3272], [37.0483, 19.3292], [37.0528, 19.3313], [37.0572, 19.3346], [37.0615, 19.3359], [37.064, 19.3398], [37.0671, 19.3471], [37.0703, 19.3536], [37.0746, 19.3592], [37.0785, 19.3647], [37.084, 19.3685], [37.0927, 19.3737], [37.1003, 19.3786], [37.1091, 19.3822], [37.1101, 19.3899], [37.1093, 19.3959], [37.1145, 19.4096], [37.121, 19.4324], [37.1284, 19.447], [37.1374, 19.467], [37.1379, 19.486], [37.1388, 19.4954], [37.1452, 19.5082], [37.1499, 19.5183], [37.1533, 19.5251], [37.1611, 19.5308], [37.1596, 19.5366], [37.164, 19.5382], [37.1617, 19.5445], [37.1662, 19.5461], [37.164, 19.5524], [37.1672, 19.5536], [37.1664, 19.5563], [37.1701, 19.5577], [37.1657, 19.5697], [37.1731, 19.5736], [37.1752, 19.5746], [37.1857, 19.5821], [37.2017, 19.5867], [37.2068, 19.5866], [37.2081, 19.6056], [37.206, 19.6145], [37.2169, 19.6164]]}}, {"type": "Feature", "properties": {"country": "Sudan", "operator": "Sudatel"}, "geometry": {"type": "LineString", "coordinates": [[33.4845, 14.4199], [33.5074, 14.3732], [33.5351, 14.3683], [33.6067, 14.2527], [33.5961, 14.2268], [33.6267, 14.1802], [33.649, 14.1044], [33.5928, 14.0285], [33.6098, 14.0051], [33.5424, 13.8752], [33.5367, 13.8227], [33.5751, 13.5727], [33.1356, 13.3527], [32.746, 13.1874], [32.7352, 13.1285], [32.6326, 13.1354], [32.472, 13.0415], [31.8516, 13.0148], [31.4771, 12.9183], [31.2304, 12.924], [31.0341, 12.8516], [30.8332, 12.735], [30.6594, 12.7243], [30.6128, 12.8842], [30.4632, 12.9882], [30.403, 13.0832], [30.352, 13.0788], [30.2186, 13.1892], [30.1468, 12.9496], [30.0904, 12.8723], [30.1017, 12.8066], [30.0981, 12.7991], [30.0651, 12.7668], [29.9935, 12.6436], [29.9937, 12.6344], [29.994, 12.6271], [29.9992, 12.5778], [29.9918, 12.5739], [29.9825, 12.5718], [29.8044, 12.4984], [29.6372, 12.4925], [29.4988, 12.4712], [29.3353, 12.4283], [29.2424, 12.3516], [29.0851, 12.2028], [28.9852, 12.1349], [28.8776, 12.0547], [28.8126, 12.0406], [28.8004, 11.9736], [28.7491, 11.8768], [28.7105, 11.8104], [28.7095, 11.8094], [28.6424, 11.7566], [28.6574, 11.7291], [28.628, 11.7069], [28.6257, 11.7068], [28.6172, 11.7065], [28.4498, 11.6741], [28.3575, 11.666], [28.2841, 11.6632], [27.8573, 11.3095], [27.8021, 11.3297], [27.7113, 11.3222], [27.4493, 11.5366], [27.3627, 11.5772], [27.3606, 11.5688], [27.3337, 11.4584], [27.3018, 11.4084], [27.1143, 11.3699], [27.0886, 11.3189], [27.0533, 11.321], [26.8313, 11.5223], [26.824, 11.522], [26.6988, 11.5477], [26.6713, 11.537], [26.5474, 11.5817], [26.4456, 11.4996], [26.3001, 11.4435], [26.288, 11.4429], [26.1393, 11.4555], [26.0975, 11.4917], [25.5627, 11.7425], [25.5589, 11.7447], [25.5236, 11.7978], [25.4457, 11.799], [25.4095, 11.8244], [25.2583, 11.8898], [25.1868, 11.9376], [25.1056, 11.9587], [24.8918, 12.0519], [24.7836, 12.1062], [24.7275, 12.1581], [24.6812, 12.1843], [24.6696, 12.2217], [24.6275, 12.2612], [24.5613, 12.2745], [24.4548, 12.3167], [24.3695, 12.4168], [24.2877, 12.5183], [24.1933, 12.6273], [24.1694, 12.7137], [24.1273, 12.8227], [24.0813, 12.9013], [24.0402, 12.9679], [23.9461, 12.9572], [23.8537, 12.9583], [23.8044, 12.9487], [23.7282, 12.9637], [23.4972, 12.9184], [23.4275, 12.8771], [23.3846, 12.838], [23.2952, 12.8285], [23.2086, 12.8333], [23.1296, 12.8954], [23.0786, 12.8939], [23.0167, 12.9748], [22.8771, 12.9648], [22.84, 13.078], [22.7917, 13.1098], [22.7384, 13.1755], [22.7345, 13.2002], [22.6763, 13.2373], [22.632, 13.2668], [22.5849, 13.359], [22.5303, 13.4118], [22.4827, 13.4697], [22.447, 13.4443], [22.4187, 13.4357], [22.3312, 13.4498], [22.3021, 13.4371], [22.2278, 13.4539]]}}, {"type": "Feature", "properties": {"country": "Sudan", "operator": "Sudatel"}, "geometry": {"type": "LineString", "coordinates": [[24.8905, 12.055], [24.9082, 12.0883], [24.9625, 12.1801], [24.9701, 12.2871], [24.9785, 12.4084], [24.973, 12.4697], [24.9997, 12.5176], [24.9919, 12.5764], [24.9826, 12.6162], [24.9856, 12.6866], [25.027, 12.7569], [25.0248, 12.7868], [25.044, 12.8075], [25.1093, 12.9149], [25.1523, 12.9494], [25.1471, 12.9699], [25.199, 13.0229], [25.215, 13.0766], [25.2098, 13.1672], [25.2628, 13.3204], [25.312, 13.47], [25.3192, 13.5379], [25.3347, 13.5831], [25.3363, 13.6016], [25.3516, 13.6242]]}}, {"type": "Feature", "properties": {"country": "Sudan", "operator": "Sudatel"}, "geometry": {"type": "LineString", "coordinates": [[33.5609, 13.5637], [33.6632, 13.4842], [33.6458, 13.3546], [33.6635, 13.3173], [33.8136, 13.2255], [33.8476, 13.2231], [33.9339, 13.1451], [33.9442, 13.0867], [33.9414, 12.992], [33.967, 12.8625], [34.0515, 12.7918], [34.1126, 12.4804], [34.2381, 12.1051], [34.3, 11.9434], [34.3553, 11.8558], [34.3522, 11.7671]]}}, {"type": "Feature", "properties": {"country": "Sudan", "operator": "Sudatel"}, "geometry": {"type": "LineString", "coordinates": [[32.7434, 13.161], [32.7786, 13.1265], [32.8111, 13.0365], [32.8327, 12.9921], [32.8176, 12.8831], [32.8049, 12.8389], [32.8293, 12.6933], [32.8086, 12.5916], [32.825, 12.5527], [32.819, 12.4107], [32.7954, 12.3001], [32.7626, 12.2481], [32.773, 12.1985], [32.7906, 12.1039], [32.7566, 11.9713], [32.8218, 11.7225]]}}, {"type": "Feature", "properties": {"country": "Sudan", "operator": "Sudatel"}, "geometry": {"type": "LineString", "coordinates": [[33.48, 14.4152], [33.4557, 14.4176], [33.4146, 14.406], [33.3722, 14.4111], [33.3287, 14.3721], [33.2876, 14.3635], [33.2487, 14.3441], [33.1972, 14.307], [33.1483, 14.2406], [33.1223, 14.2332], [33.0409, 14.2578], [32.9928, 14.2451], [32.9704, 14.2143], [32.8923, 14.1541], [32.8564, 14.1845], [32.7558, 14.1423], [32.7121, 14.077], [32.6885, 14.092], [32.6718, 14.0706], [32.6184, 14.0703], [32.5476, 14.0462], [32.51, 14.061], [32.4926, 14.0752], [32.4323, 14.0728], [32.3787, 14.0452]]}}, {"type": "Feature", "properties": {"country": "Sudan", "operator": "Sudatel"}, "geometry": {"type": "LineString", "coordinates": [[32.8218, 11.7228], [32.8221, 11.7082], [32.8135, 11.6789], [32.7894, 11.5921], [32.7519, 11.4988], [32.732, 11.4511], [32.7134, 11.3672], [32.692, 11.3182], [32.6918, 11.3167], [32.685, 11.2687], [32.6829, 11.226], [32.683, 11.2249], [32.6847, 11.1412], [32.6814, 11.1006], [32.706, 11.046], [32.7207, 10.9763], [32.6884, 10.9143], [32.6191, 10.8051], [32.5969, 10.7698], [32.5644, 10.6419], [32.5494, 10.5456], [32.5596, 10.5091], [32.5472, 10.4583], [32.5678, 10.418], [32.4545, 10.2683], [32.4199, 10.2645], [32.4117, 10.2069], [32.34, 10.0967], [32.29, 10.0753], [32.2262, 9.9619], [32.1663, 9.8723], [32.1655, 9.8351], [32.1146, 9.7921], [32.0291, 9.7468], [31.9835, 9.7458], [31.9258, 9.7259], [31.8032, 9.6564], [31.7003, 9.6153], [31.6531, 9.5521], [31.6566, 9.47], [31.596, 9.3661], [31.5566, 9.3529], [31.5338, 9.2829], [31.5332, 9.282], [31.4708, 9.0298], [31.4033, 8.7582], [31.3322, 8.4777], [31.313, 8.4046], [31.3093, 8.2193], [31.3047, 8.0062], [31.2996, 7.9604], [31.339, 7.7848], [31.4124, 7.4587], [31.4191, 7.4019], [31.4072, 7.3499], [31.4432, 7.2652], [31.4308, 7.2316], [31.3566, 7.1588], [31.3784, 7.0795], [31.3725, 6.9608], [31.3813, 6.8914], [31.4117, 6.8755], [31.4209, 6.8573], [31.3954, 6.8361], [31.3983, 6.8081], [31.4229, 6.7762], [31.448, 6.7349], [31.4678, 6.699], [31.4801, 6.666], [31.5173, 6.6222], [31.5266, 6.5659], [31.5394, 6.4632], [31.5628, 6.4257], [31.5519, 6.3483], [31.5724, 6.2648], [31.5664, 6.2221], [31.5602, 6.204], [31.5654, 6.1897], [31.5997, 6.0875], [31.6278, 6.0135], [31.6977, 5.9298], [31.7504, 5.855], [31.7839, 5.7921], [31.7966, 5.7171], [31.7952, 5.6874], [31.8238, 5.6454], [31.8391, 5.5851], [31.8335, 5.5148], [31.8347, 5.462], [31.8043, 5.4266], [31.8078, 5.3738], [31.8193, 5.3154], [31.8142, 5.2698], [31.7759, 5.1994], [31.8306, 5.1291], [31.8563, 5.093], [31.8678, 4.9738], [31.8452, 4.885], [31.8109, 4.8603], [31.7582, 4.8504], [31.7027, 4.8331], [31.654, 4.8334], [31.6291, 4.8126], [31.584, 4.8448], [31.6342, 4.8066], [31.6317, 4.7692], [31.6558, 4.7232], [31.6586, 4.7205], [31.7033, 4.6905], [31.708, 4.661], [31.7298, 4.6561], [31.7794, 4.5844], [31.8181, 4.5482], [31.8598, 4.4899], [31.8608, 4.4213], [31.8762, 4.3982], [31.9149, 4.3883], [31.9768, 4.3649], [32.0107, 4.328], [31.9999, 4.2231], [32.006, 4.1474], [31.9455, 4.0478], [31.9496, 3.9624], [31.9213, 3.9199], [31.9717, 3.825], [31.9861, 3.748], [31.9697, 3.7309], [32.0555, 3.6124], [32.0709, 3.5728]]}}, {"type": "Feature", "properties": {"country": "Sudan", "operator": "Sudatel"}, "geometry": {"type": "LineString", "coordinates": [[27.802, 11.3294], [27.7488, 11.0735], [27.7513, 11.0205], [27.6496, 10.5313], [27.6087, 9.9259], [27.5804, 9.5873], [27.4333, 9.046], [27.4086, 8.9304], [27.3985, 8.8334], [27.4033, 8.7698], [27.4141, 8.7276], [27.4182, 8.6953], [27.4414, 8.682], [27.4644, 8.6358], [27.466, 8.6174], [27.4954, 8.5684], [27.5092, 8.5133], [27.523, 8.4547], [27.5529, 8.4143], [27.6057, 8.4001], [27.606, 8.3276], [27.5991, 8.2893], [27.5996, 8.2868], [27.6133, 8.2496], [27.6492, 8.1621], [27.671, 8.121], [27.7228, 8.0685], [27.7535, 8.0507], [27.764, 8.0532], [27.8498, 7.9462], [27.9017, 7.8872], [27.9017, 7.8867], [27.9174, 7.8421], [27.958, 7.7504], [27.9836, 7.7465], [27.9904, 7.6932], [28.0658, 7.6881], [28.1431, 7.6043], [28.2308, 7.5738], [28.2915, 7.4794], [28.3709, 7.3969], [28.4422, 7.3784], [28.5095, 7.3199], [28.5485, 7.2693], [28.5794, 7.276], [28.644, 7.256], [28.691, 7.272], [28.749, 7.2452], [28.8015, 7.1972], [28.9561, 7.14], [29.0595, 7.0934], [29.1495, 7.0241], [29.1965, 7.0255], [29.3174, 6.9909], [29.5355, 6.887], [29.565, 6.8776], [29.6804, 6.8029], [29.6386, 6.5907], [29.6117, 6.4414], [29.6265, 6.4201], [29.6238, 6.3721], [29.6465, 6.3468], [29.6559, 6.2962], [29.6344, 6.2696], [29.6103, 6.235], [29.625, 6.1963], [29.7308, 6.1629], [29.7641, 6.0984], [29.7842, 6.0957], [29.8271, 6.0649], [29.8888, 6.0328], [29.9276, 6.0328], [29.9585, 6.0594], [30.0281, 6.0193], [30.0374, 5.9673], [30.0789, 5.942], [30.0694, 5.906], [30.0694, 5.902], [30.1028, 5.8314], [30.1028, 5.8234], [30.1027, 5.8207], [30.1001, 5.7768], [30.0866, 5.7581], [30.1346, 5.6514], [30.1586, 5.5661], [30.1291, 5.5421], [30.1276, 5.4928], [30.1423, 5.4582], [30.1369, 5.4223], [30.1715, 5.3384], [30.2143, 5.3263], [30.3175, 5.3474], [30.3873, 5.4178], [30.4233, 5.3791], [30.4988, 5.2714], [30.5335, 5.21], [30.6443, 5.1939], [30.7191, 5.1524], [30.8528, 5.1375], [30.9677, 5.1252], [31.0265, 5.061], [31.0759, 5.0263], [31.1612, 4.9741], [31.2948, 4.9524], [31.4177, 4.8787], [31.5449, 4.8689], [31.5864, 4.8435]]}}, {"type": "Feature", "properties": {"country": "Sudan", "operator": "Sudatel"}, "geometry": {"type": "LineString", "coordinates": [[25.3537, 13.6307], [25.3948, 13.6224], [25.3993, 13.6254], [25.5657, 13.7411], [25.7343, 13.8406], [25.8607, 13.8891], [25.9216, 13.8947], [26.0181, 13.9474], [26.1269, 13.9285], [26.2628, 13.8571], [26.362, 13.8263], [26.4068, 13.7887], [26.4643, 13.7583], [26.4272, 13.6755], [26.533, 13.6553], [26.6125, 13.6362], [26.6184, 13.6329], [26.6901, 13.6023], [26.7799, 13.525], [26.9251, 13.5368], [27.0485, 13.4615], [27.2414, 13.3754], [27.2666, 13.3337], [27.4533, 13.2773], [27.6357, 13.1848], [27.8052, 13.1235], [27.9399, 13.0917], [28.006, 13.0385], [28.1189, 12.9314], [28.1898, 12.8636], [28.2115, 12.8638], [28.3108, 12.771], [28.4213, 12.6916], [28.5554, 12.7124], [28.5591, 12.7126], [28.6597, 12.7617], [28.7017, 12.8179], [28.8, 12.8769], [28.8659, 12.894], [28.9122, 12.9257], [29.0028, 12.9478], [29.0983, 13.0075], [29.1671, 13.021], [29.1956, 13.0507], [29.2949, 13.0748], [29.345, 13.1066], [29.5826, 13.12], [29.7069, 13.1258], [29.7974, 13.1584], [29.8818, 13.1633], [30.0054, 13.1745], [30.0568, 13.164], [30.219, 13.1882], [30.2355, 13.2242], [30.2592, 13.2811], [30.2767, 13.3278], [30.2767, 13.3282], [30.2742, 13.3567], [30.2806, 13.3636], [30.2902, 13.3742], [30.2994, 13.3843], [30.3088, 13.3948], [30.3223, 13.4094], [30.337, 13.4258], [30.366, 13.4577], [30.3871, 13.4807], [30.4078, 13.5037], [30.4179, 13.5142], [30.4216, 13.5181], [30.4387, 13.5379], [30.4609, 13.5621], [30.4805, 13.5837], [30.5072, 13.613], [30.5427, 13.6522], [30.5882, 13.7022], [30.6337, 13.7519], [30.6647, 13.7861], [30.7209, 13.8476], [30.776, 13.9085], [30.7782, 13.9119], [30.7835, 13.9208], [30.8119, 13.9521], [30.8423, 13.9852], [30.8511, 13.9948], [30.8612, 14.0052], [30.8707, 14.016], [30.8909, 14.0379], [30.9123, 14.0616], [30.9367, 14.0874], [30.9767, 14.13], [31.0069, 14.1641], [31.0307, 14.1897], [31.0648, 14.2264], [31.1005, 14.2648], [31.122, 14.2899], [31.1436, 14.3109], [31.1805, 14.3503], [31.2022, 14.3734], [31.2288, 14.4011], [31.25, 14.4247], [31.2697, 14.4463], [31.2809, 14.4583], [31.3131, 14.4931], [31.347, 14.5302], [31.3701, 14.5553], [31.387, 14.5739], [31.4269, 14.6169], [31.4537, 14.6465], [31.496, 14.6911], [31.5311, 14.7288], [31.5608, 14.7605], [31.5845, 14.7867], [31.6246, 14.8314], [31.6423, 14.8497], [31.6631, 14.8718], [31.6805, 14.8915], [31.6927, 14.9032], [31.7221, 14.9261], [31.7478, 14.9475], [31.8138, 15.0013], [31.8412, 15.027], [31.8739, 15.0618], [31.9072, 15.0968], [31.9496, 15.143], [32.0222, 15.2206], [32.0622, 15.2623], [32.0835, 15.2853], [32.1268, 15.3309], [32.1675, 15.3753], [32.2029, 15.4132], [32.2271, 15.4377], [32.2588, 15.4686], [32.2928, 15.5057], [32.3306, 15.5464], [32.3847, 15.6026], [32.4192, 15.6107], [32.4762, 15.6083], [32.5355, 15.6047], [32.4783, 15.6118], [32.4857, 15.6409], [32.4633, 15.646], [32.4207, 15.6467], [32.4195, 15.6689], [32.3733, 15.6867], [32.3713, 15.7135], [32.3423, 15.75], [32.3149, 15.8268], [32.1676, 15.9669], [32.079, 16.0466], [32.0019, 16.0629], [31.962, 16.1104], [31.9127, 16.131], [31.8661, 16.1725], [31.8447, 16.2087], [31.8365, 16.2507], [31.8465, 16.2702], [31.8262, 16.323], [31.8236, 16.374], [31.8279, 16.3858], [31.8194, 16.4457], [31.831, 16.4986], [31.8203, 16.6012], [31.8301, 16.6253], [31.8195, 16.6937], [31.7941, 16.7721], [31.7697, 16.816], [31.7099, 16.9081], [31.707, 16.9445], [31.6556, 16.9667], [31.6121, 17.0062], [31.6087, 17.0912], [31.5932, 17.1384], [31.5669, 17.1844], [31.5684, 17.2094], [31.5631, 17.294], [31.5414, 17.333], [31.5422, 17.3543], [31.5126, 17.3655], [31.4922, 17.4233], [31.4729, 17.5266], [31.3935, 17.5492], [31.3801, 17.5853], [31.3933, 17.6236], [31.3818, 17.6456], [31.3053, 17.8109], [31.2517, 17.8909], [31.1668, 17.949], [30.9987, 17.9749], [30.7814, 18.1052], [30.6766, 18.2461], [30.6654, 18.3624], [30.662, 18.4576], [30.5402, 18.5754], [30.4818, 18.8068], [30.4183, 18.8974], [30.4488, 19.1555], [30.4769, 19.1704]]}}, {"type": "Feature", "properties": {"country": "Tanzania", "operator": "NICTBB"}, "geometry": {"type": "LineString", "coordinates": [[34.7471, -4.8181], [34.7422, -4.8125], [34.7385, -4.8134], [34.737, -4.8104], [34.7376, -4.8035], [34.7374, -4.7931], [34.734, -4.783], [34.7292, -4.7715], [34.7273, -4.7648], [34.7245, -4.7576], [34.7199, -4.7524], [34.711, -4.7199], [34.7052, -4.7092], [34.6828, -4.6788], [34.6761, -4.669], [34.6696, -4.66], [34.6637, -4.6472], [34.6557, -4.6384], [34.6476, -4.6291], [34.6427, -4.6157], [34.6394, -4.6046], [34.6331, -4.5958], [34.6298, -4.5804], [34.6245, -4.5674], [34.6242, -4.5646], [34.6098, -4.5638], [34.6048, -4.5669], [34.5883, -4.5759], [34.5799, -4.5767], [34.5722, -4.5721], [34.5658, -4.5577], [34.5573, -4.5546], [34.5523, -4.5464], [34.5477, -4.545], [34.5425, -4.5463], [34.5319, -4.5414], [34.5262, -4.532], [34.5195, -4.5177], [34.5165, -4.5001], [34.5155, -4.4824], [34.5171, -4.4721], [34.5112, -4.4591], [34.5058, -4.4499], [34.4968, -4.4464], [34.4864, -4.4403], [34.469, -4.4263], [34.45, -4.4178], [34.4237, -4.408], [34.4193, -4.4073], [34.394, -4.4102], [34.3813, -4.4125], [34.3761, -4.4117], [34.3662, -4.4061], [34.3519, -4.3987], [34.3445, -4.3932], [34.3182, -4.3894], [34.3069, -4.3846], [34.299, -4.3838], [34.2888, -4.3771], [34.2854, -4.3773], [34.2678, -4.3782], [34.2624, -4.3777], [34.2593, -4.3788], [34.2585, -4.3756], [34.2587, -4.3721], [34.2564, -4.37], [34.2533, -4.37], [34.2489, -4.3739], [34.2426, -4.3762], [34.2412, -4.3757], [34.2241, -4.3685], [34.2058, -4.3603], [34.1962, -4.3602], [34.1623, -4.3648], [34.1331, -4.3682], [34.0968, -4.3872], [34.0771, -4.3971], [34.0698, -4.398], [34.0597, -4.3964], [34.0407, -4.3883], [34.015, -4.3683], [34.0118, -4.3618], [34.0006, -4.3377], [33.9934, -4.3198], [33.9872, -4.3043], [33.9813, -4.3001], [33.9591, -4.3012], [33.9163, -4.3011], [33.9009, -4.2952], [33.8892, -4.2883], [33.8782, -4.286], [33.87, -4.285], [33.852, -4.2926], [33.8517, -4.2929], [33.8288, -4.3035], [33.8231, -4.304], [33.8203, -4.3044], [33.8068, -4.299], [33.8038, -4.2978], [33.7954, -4.298], [33.7774, -4.2945], [33.7545, -4.2919], [33.7485, -4.2855], [33.745, -4.279], [33.7397, -4.2774], [33.735, -4.2771], [33.731, -4.2801], [33.7119, -4.2849], [33.6481, -4.2622], [33.6393, -4.2596], [33.6286, -4.2596], [33.6149, -4.2589], [33.6044, -4.2563], [33.5432, -4.2552], [33.5348, -4.2546], [33.5281, -4.2487], [33.5167, -4.2434], [33.4968, -4.2338], [33.4875, -4.2317], [33.465, -4.2351], [33.4574, -4.2339], [33.437, -4.2376], [33.4052, -4.2409], [33.4049, -4.2409], [33.3983, -4.2374], [33.3518, -4.2212], [33.3262, -4.2101], [33.3018, -4.2094], [33.2735, -4.211], [33.2347, -4.2155], [33.2039, -4.2206], [33.1862, -4.2144], [33.1815, -4.1874], [33.1794, -4.1735], [33.1769, -4.1615], [33.1769, -4.1615], [33.1649, -4.141], [33.1649, -4.141], [33.1389, -4.0741], [33.1329, -4.0375], [33.1389, -4.0105], [33.1467, -3.9959], [33.146, -3.9817], [33.1406, -3.9685], [33.1424, -3.9605], [33.1538, -3.9521], [33.1678, -3.9216], [33.184, -3.8903], [33.198, -3.8671], [33.2178, -3.8566], [33.2511, -3.8447], [33.2877, -3.8324], [33.3207, -3.8195], [33.3394, -3.7958], [33.3566, -3.7868], [33.3707, -3.766], [33.4054, -3.7214], [33.415, -3.7084], [33.4163, -3.6854], [33.4291, -3.6734], [33.4412, -3.6713], [33.4555, -3.667], [33.4566, -3.667], [33.4694, -3.6524], [33.4823, -3.6339], [33.509, -3.6224], [33.5379, -3.6061], [33.5468, -3.5996], [33.5487, -3.5891], [33.5571, -3.5826], [33.5587, -3.5494], [33.5613, -3.5283], [33.5444, -3.4571], [33.448, -3.3856], [33.4104, -3.3697], [33.386, -3.3594], [33.3551, -3.3396], [33.3525, -3.3305], [33.3479, -3.302], [33.3397, -3.2687], [33.3318, -3.2327], [33.3115, -3.1949], [33.2959, -3.1652], [33.2542, -3.0854], [33.1987, -3.0162], [33.1803, -2.9878], [33.1681, -2.9743], [33.1509, -2.9354], [33.1335, -2.9074], [33.1105, -2.8743], [33.0931, -2.8596], [33.0908, -2.8474], [33.0851, -2.8393], [33.0749, -2.8275], [33.0721, -2.8159], [33.0345, -2.763], [33.0253, -2.7362], [33.019, -2.7292], [33.0093, -2.7084], [33.0, -2.7008], [32.998, -2.6864], [32.9908, -2.6769], [32.9583, -2.6402], [32.9372, -2.6147], [32.9253, -2.595], [32.9169, -2.5779], [32.9152, -2.5643], [32.905, -2.5479], [32.8984, -2.5174], [32.9333, -2.5339], [33.0346, -2.5566], [33.1189, -2.5483], [33.1973, -2.5383], [33.2058, -2.5384], [33.2543, -2.5582], [33.3165, -2.5771], [33.3684, -2.5824], [33.4171, -2.5876], [33.4479, -2.5894], [33.4677, -2.5656], [33.4781, -2.5392], [33.4798, -2.5264], [33.4776, -2.4871], [33.4793, -2.4752], [33.5016, -2.4659], [33.5351, -2.4557], [33.5444, -2.4465], [33.583, -2.3752], [33.5941, -2.3616], [33.6249, -2.3422], [33.6743, -2.3177], [33.7119, -2.2983], [33.7502, -2.2993], [33.81, -2.2672], [33.8528, -2.2469], [33.8623, -2.2154], [33.8692, -2.1924], [33.8739, -2.0241], [33.8461, -1.9354], [33.837, -1.8451], [33.8369, -1.8289], [33.855, -1.807], [33.8707, -1.7322], [33.8716, -1.7084], [33.8888, -1.6651], [33.913, -1.6149], [33.9097, -1.6038], [33.9378, -1.5775], [33.9456, -1.5597], [33.9755, -1.5334], [33.9755, -1.5224]]}}, {"type": "Feature", "properties": {"country": "Tanzania", "operator": "NICTBB"}, "geometry": {"type": "LineString", "coordinates": [[33.5416, -8.8989], [33.5455, -8.9113], [33.5507, -8.9211], [33.5638, -8.9255], [33.5772, -8.9261], [33.5849, -8.9351], [33.5857, -8.9401], [33.5892, -8.9424], [33.5889, -8.947], [33.5891, -8.9552], [33.5915, -8.9563], [33.5961, -8.9545], [33.5978, -8.9601], [33.6006, -8.9645], [33.6045, -8.9743], [33.6114, -8.9804], [33.6157, -8.9846], [33.6215, -8.9858], [33.6233, -8.9908], [33.6213, -8.9999], [33.6271, -9.0055], [33.624, -9.0091], [33.6203, -9.0156], [33.6138, -9.0169], [33.609, -9.0217], [33.6052, -9.0218], [33.6031, -9.0237], [33.6043, -9.0279], [33.6055, -9.0313], [33.6029, -9.0335], [33.5984, -9.0349], [33.5894, -9.0569], [33.5793, -9.0631], [33.5717, -9.0749], [33.5629, -9.0814], [33.5572, -9.0971], [33.5516, -9.111], [33.5399, -9.1225], [33.535, -9.1298], [33.5369, -9.138], [33.5394, -9.1487], [33.5394, -9.1499], [33.5422, -9.1607], [33.5427, -9.1663], [33.5425, -9.1691], [33.5395, -9.1737], [33.5463, -9.1816], [33.5694, -9.196], [33.5863, -9.2064], [33.5963, -9.2096], [33.5985, -9.2113], [33.6027, -9.2117], [33.6068, -9.2108], [33.6111, -9.2108], [33.6162, -9.2142], [33.6168, -9.2163], [33.6212, -9.2165], [33.6359, -9.2172], [33.6412, -9.2241], [33.64, -9.2305], [33.6398, -9.2373], [33.6378, -9.2422], [33.6442, -9.2563], [33.6433, -9.261], [33.6444, -9.2741], [33.6499, -9.2814], [33.6504, -9.2924], [33.6497, -9.2975], [33.6549, -9.3079], [33.6598, -9.3255], [33.6603, -9.3293], [33.6592, -9.3328], [33.6631, -9.3402], [33.6633, -9.3489], [33.6676, -9.3599], [33.6678, -9.3696], [33.6713, -9.3755], [33.6726, -9.3831], [33.6793, -9.3947], [33.6856, -9.4165], [33.6887, -9.4263], [33.6888, -9.4363], [33.6888, -9.4367], [33.6901, -9.4487], [33.6937, -9.4568], [33.6937, -9.458], [33.6935, -9.4631], [33.6911, -9.4667], [33.6955, -9.4717], [33.6964, -9.4784], [33.702, -9.4867], [33.7112, -9.4921], [33.7187, -9.4979], [33.7237, -9.5044], [33.728, -9.5053], [33.7308, -9.5033], [33.7333, -9.5058], [33.7371, -9.5117], [33.746, -9.5172], [33.7517, -9.5263], [33.7583, -9.5418], [33.7653, -9.5514], [33.7658, -9.5856]]}}, {"type": "Feature", "properties": {"country": "Tanzania", "operator": "NICTBB"}, "geometry": {"type": "LineString", "coordinates": [[39.2718, -6.827], [39.2189, -6.7931], [39.1523, -6.7889], [39.0893, -6.7892], [39.0217, -6.7974], [38.9436, -6.7579], [38.8024, -6.7287], [38.7518, -6.7243], [38.7113, -6.6981], [38.5905, -6.6733], [38.3993, -6.6463], [38.2829, -6.6298], [38.1424, -6.6342], [38.0514, -6.6405], [37.9151, -6.729], [37.8407, -6.7702], [37.7889, -6.7681], [37.7019, -6.8052], [37.6581, -6.8051], [37.5627, -6.8996], [37.5022, -6.9119], [37.4415, -6.9098], [37.4081, -6.9345], [37.3159, -6.9571], [37.2802, -6.9818], [37.2449, -7.0539], [37.2304, -7.0992], [37.2302, -7.1631], [37.1992, -7.2483], [37.1621, -7.349], [37.0833, -7.357], [37.0398, -7.3692], [36.9247, -7.4356], [36.9145, -7.462], [36.8649, -7.4998], [36.8234, -7.4966], [36.8089, -7.5092], [36.7975, -7.5534], [36.7863, -7.5787], [36.75, -7.5772], [36.6949, -7.569], [36.6542, -7.5201], [36.5972, -7.5117], [36.5768, -7.4975], [36.5379, -7.5068], [36.5266, -7.4957], [36.5153, -7.4623], [36.4881, -7.4765], [36.4562, -7.5146], [36.4231, -7.5436], [36.3863, -7.5529], [36.34, -7.5925], [36.2746, -7.6366], [36.233, -7.6618], [36.2028, -7.6823], [36.1769, -7.6667], [36.1449, -7.6555], [36.1129, -7.657], [36.0714, -7.671], [36.0443, -7.6725], [36.0209, -7.6946], [36.0038, -7.7071], [35.9816, -7.6945], [35.9379, -7.7053], [35.893, -7.7288], [35.8659, -7.7492], [35.8211, -7.7838], [35.7935, -7.7914], [35.761, -7.7836], [35.7285, -7.7884], [35.7053, -7.7876], [35.6891, -7.7862], [35.7007, -7.7716], [35.7069, -7.7562], [35.7126, -7.7451], [35.7189, -7.734], [35.726, -7.7214], [35.7282, -7.7089], [35.7279, -7.7033], [35.7392, -7.6935], [35.7497, -7.6768], [35.7539, -7.6565], [35.7602, -7.6313], [35.7666, -7.609], [35.7702, -7.5894], [35.7603, -7.5725], [35.7632, -7.5529], [35.7716, -7.5326], [35.778, -7.5256], [35.7873, -7.5057], [35.7959, -7.4819], [35.8036, -7.4617], [35.8086, -7.4428], [35.8058, -7.4316], [35.7868, -7.4189], [35.7771, -7.4105], [35.7743, -7.3986], [35.7736, -7.3888], [35.7674, -7.3899], [35.7567, -7.393], [35.7489, -7.3935], [35.7476, -7.386], [35.7502, -7.3829], [35.7412, -7.3815], [35.7355, -7.379], [35.7418, -7.3709], [35.7409, -7.3623], [35.7336, -7.36], [35.7344, -7.3564], [35.7409, -7.3579], [35.7383, -7.3529], [35.7328, -7.3497], [35.7403, -7.3473], [35.7382, -7.3436], [35.7311, -7.3387], [35.7345, -7.3356], [35.7418, -7.3314], [35.7394, -7.3256], [35.7415, -7.3202], [35.7503, -7.3101], [35.753, -7.3031], [35.7486, -7.293], [35.7397, -7.2815], [35.7352, -7.2696], [35.7268, -7.2555], [35.7223, -7.2489], [35.7246, -7.2373], [35.7313, -7.2312], [35.7326, -7.2167], [35.7375, -7.2079], [35.7411, -7.1925], [35.7491, -7.1806], [35.7562, -7.1697], [35.7615, -7.1653], [35.7651, -7.16], [35.7784, -7.161], [35.8059, -7.1491], [35.8314, -7.1353], [35.8489, -7.1302], [35.8735, -7.1337], [35.9051, -7.1434], [35.9244, -7.1452], [35.9525, -7.1453], [35.9753, -7.1453], [35.9902, -7.1315], [35.9779, -7.1167], [35.9587, -7.0949], [35.9475, -7.0758], [35.9475, -7.0645], [35.9686, -7.0489], [35.9958, -7.0299], [36.0089, -7.003], [36.0204, -6.9674], [36.0231, -6.944], [36.0319, -6.9222], [36.0451, -6.9041], [36.0389, -6.8796], [36.0381, -6.8579], [36.0601, -6.8224], [36.0742, -6.8112], [36.0654, -6.7892], [36.042, -6.7567], [36.0325, -6.7298], [36.0334, -6.7229], [35.9993, -6.7028], [35.9766, -6.6792], [35.9707, -6.6611], [35.9655, -6.6437], [35.9439, -6.629], [35.9142, -6.5976], [35.8837, -6.5732], [35.861, -6.5566], [35.8392, -6.5105], [35.8227, -6.4861], [35.8061, -6.4748], [35.7867, -6.4185], [35.7439, -6.3984], [35.7459, -6.3551], [35.7461, -6.323], [35.7387, -6.2876], [35.7026, -6.2561], [35.6991, -6.25], [35.7113, -6.2379], [35.7192, -6.2145], [35.7359, -6.1963], [35.7442, -6.184], [35.7469, -6.1801], [35.7475, -6.1725], [35.7429, -6.1712], [35.7383, -6.1755], [35.7216, -6.1658], [35.6869, -6.1351], [35.6411, -6.1049], [35.6293, -6.0918], [35.6135, -6.0878], [35.567, -6.0611], [35.5233, -6.0458], [35.4701, -6.0191], [35.3789, -5.9998], [35.3086, -5.9503], [35.2249, -5.9083], [35.1583, -5.8909], [35.0859, -5.8696], [35.0631, -5.8449], [35.0556, -5.8051], [35.0312, -5.7805], [34.9894, -5.7936], [34.9721, -5.82], [34.9512, -5.8294], [34.9302, -5.8065], [34.9132, -5.7818], [34.8808, -5.7816], [34.8411, -5.7474], [34.8124, -5.7472], [34.7571, -5.7032], [34.6865, -5.6572], [34.6579, -5.5924], [34.656, -5.5619], [34.7021, -5.5035], [34.731, -5.4449], [34.7597, -5.3899], [34.7788, -5.3272], [34.7872, -5.2592], [34.7802, -5.1571], [34.7673, -5.0625], [34.7599, -4.9848], [34.7619, -4.9015], [34.7466, -4.8178], [34.7997, -4.8318], [34.8431, -4.85], [34.8776, -4.8534], [34.8808, -4.8468], [34.885, -4.8397], [34.8963, -4.8391], [34.9125, -4.8249], [34.933, -4.8077], [34.9372, -4.8023], [34.9396, -4.7922], [34.9613, -4.7588], [34.9679, -4.7481], [34.9776, -4.7434], [34.9925, -4.7458], [35.0105, -4.7357], [35.0334, -4.7269], [35.0555, -4.7234], [35.0718, -4.7103], [35.0892, -4.7068], [35.1006, -4.6979], [35.106, -4.6895], [35.1097, -4.6829], [35.1217, -4.6817], [35.1337, -4.6812], [35.1481, -4.6753], [35.1643, -4.67], [35.1757, -4.6653], [35.2013, -4.649], [35.2176, -4.6372], [35.223, -4.6217], [35.2376, -4.6033], [35.2401, -4.5837], [35.2419, -4.576], [35.2545, -4.567], [35.2623, -4.5575], [35.266, -4.551], [35.2755, -4.5474], [35.278, -4.5349], [35.2768, -4.5277], [35.2935, -4.5239], [35.3175, -4.5191], [35.3361, -4.5157], [35.3433, -4.5109], [35.3547, -4.5177], [35.3696, -4.5221], [35.3844, -4.5229], [35.4019, -4.5187], [35.421, -4.5128], [35.4432, -4.5016], [35.4587, -4.4963], [35.4719, -4.4778], [35.4863, -4.4545], [35.5033, -4.4376], [35.513, -4.4214], [35.5256, -4.4137], [35.5409, -4.4011], [35.5515, -4.3905], [35.5563, -4.3738], [35.5576, -4.3535], [35.5618, -4.3445], [35.5614, -4.3289], [35.5555, -4.3044], [35.5513, -4.2805], [35.5495, -4.2661], [35.5515, -4.25], [35.5581, -4.2386], [35.557, -4.2249], [35.554, -4.2177], [35.5647, -4.2096], [35.578, -4.217], [35.5827, -4.2186], [35.5943, -4.222], [35.5977, -4.2179], [35.6061, -4.2138], [35.6153, -4.2064], [35.6205, -4.2048], [35.6265, -4.2077], [35.6374, -4.2044], [35.6502, -4.2014], [35.6694, -4.2013], [35.6858, -4.2079], [35.6991, -4.2138], [35.718, -4.2167], [35.7344, -4.2176], [35.7492, -4.2167], [35.7548, -4.1627], [35.7619, -4.1121], [35.7688, -4.0572], [35.7774, -4.0122], [35.7944, -3.9686], [35.8091, -3.9281], [35.8187, -3.896], [35.832, -3.8592], [35.8462, -3.829], [35.862, -3.7877], [35.8811, -3.7528], [35.8963, -3.7283], [35.9181, -3.7048], [35.9343, -3.6974], [35.9371, -3.6776], [35.9693, -3.6607], [36.0082, -3.6354], [36.0433, -3.6101], [36.0708, -3.5782], [36.0912, -3.5565], [36.1141, -3.5312], [36.1389, -3.5069], [36.1664, -3.4863], [36.1902, -3.4564], [36.2063, -3.4376], [36.214, -3.417], [36.2282, -3.4087], [36.2461, -3.4106], [36.2687, -3.4013], [36.2913, -3.4033], [36.3157, -3.4156], [36.3468, -3.4203], [36.3722, -3.4259], [36.3939, -3.4203], [36.4155, -3.4297], [36.4438, -3.4232], [36.4792, -3.4125], [36.516, -3.4033], [36.548, -3.3893], [36.5697, -3.3762], [36.5914, -3.3622], [36.614, -3.3641], [36.6309, -3.3679], [36.6488, -3.3745], [36.6761, -3.3755], [36.693, -3.3727], [36.6965, -3.3659], [36.723, -3.3675], [36.7471, -3.3765], [36.7719, -3.375], [36.8115, -3.3727], [36.8407, -3.3742], [36.8784, -3.369], [36.898, -3.3721], [36.9167, -3.3849], [36.931, -3.3916], [36.9588, -3.3894], [36.9943, -3.3834], [37.032, -3.3781], [37.0592, -3.3714], [37.0909, -3.3594], [37.1142, -3.3488], [37.1385, -3.3376], [37.1673, -3.3264], [37.19, -3.3166], [37.2029, -3.3092], [37.215, -3.307], [37.2195, -3.3152], [37.218, -3.3212], [37.2293, -3.325], [37.2497, -3.3228], [37.2693, -3.3281], [37.2881, -3.3357], [37.3046, -3.3424], [37.3225, -3.3461], [37.3357, -3.3463], [37.3415, -3.3445], [37.3469, -3.3424], [37.351, -3.3408], [37.3598, -3.3373], [37.3614, -3.3371], [37.3634, -3.3368], [37.3653, -3.3365], [37.3667, -3.3364], [37.3728, -3.3372], [37.3751, -3.3388], [37.3818, -3.3432], [37.3915, -3.3499], [37.3966, -3.3532], [37.4003, -3.3556], [37.4105, -3.3617], [37.4177, -3.366], [37.4248, -3.3704], [37.4255, -3.3711], [37.4263, -3.3719], [37.4276, -3.374], [37.4296, -3.3776], [37.4308, -3.3793], [37.4316, -3.3801], [37.4329, -3.3812], [37.4344, -3.3819], [37.4449, -3.3855], [37.4554, -3.3892], [37.4682, -3.3943], [37.4733, -3.3961], [37.4843, -3.3999], [37.4914, -3.4022], [37.4999, -3.4051], [37.5103, -3.4085], [37.514, -3.4097], [37.5212, -3.4058], [37.5225, -3.4115], [37.523, -3.4154], [37.5234, -3.4201], [37.5238, -3.4223], [37.5271, -3.4268], [37.5308, -3.4303], [37.5309, -3.4332], [37.5297, -3.4506], [37.544, -3.4715], [37.5473, -3.4766], [37.5525, -3.4882], [37.554, -3.4924], [37.5552, -3.4946], [37.5567, -3.4964], [37.5594, -3.4986], [37.5612, -3.5014], [37.5625, -3.5064], [37.5632, -3.5141], [37.5624, -3.5254], [37.5614, -3.5307], [37.5522, -3.5528], [37.5466, -3.5768], [37.5472, -3.6065], [37.5626, -3.6355], [37.5798, -3.6627], [37.5816, -3.6935], [37.5902, -3.7193], [37.5914, -3.7402], [37.6031, -3.7593], [37.6117, -3.779], [37.6123, -3.7978], [37.6131, -3.8271], [37.6229, -3.8461], [37.6389, -3.8768], [37.6561, -3.9126], [37.6647, -3.9397], [37.6819, -3.9693], [37.6979, -4.0031], [37.6998, -4.0172], [37.7035, -4.0351], [37.7164, -4.0542], [37.7288, -4.0678], [37.7473, -4.0709], [37.7566, -4.0863], [37.7578, -4.1134], [37.7686, -4.1532], [37.7681, -4.1705], [37.763, -4.2013], [37.7703, -4.2426], [37.784, -4.2795], [37.7906, -4.305], [37.8085, -4.3303], [37.8264, -4.36], [37.8444, -4.3913], [37.8611, -4.4277], [37.8772, -4.4586], [37.9007, -4.4877], [37.9242, -4.5223], [37.9446, -4.5539], [37.9557, -4.588], [37.9681, -4.5955], [37.9912, -4.6058], [38.013, -4.6188], [38.0366, -4.6275], [38.049, -4.6368], [38.0583, -4.6485], [38.0669, -4.6535], [38.0811, -4.6646], [38.1004, -4.6733], [38.1171, -4.6968], [38.1357, -4.7142], [38.158, -4.7442], [38.1717, -4.7622], [38.1928, -4.7895], [38.2128, -4.8062], [38.2282, -4.8174], [38.2357, -4.8229], [38.25, -4.8452], [38.27, -4.871], [38.2874, -4.8865], [38.2918, -4.9144], [38.2944, -4.9343], [38.3042, -4.9634], [38.3136, -4.9901], [38.3322, -5.0254], [38.3316, -5.0471], [38.3366, -5.0638], [38.3403, -5.0873], [38.3608, -5.1084], [38.3829, -5.1221], [38.3996, -5.1252], [38.4171, -5.1352], [38.4363, -5.15], [38.4524, -5.1556], [38.4593, -5.1661], [38.4698, -5.1739], [38.4757, -5.1879], [38.4843, -5.2114], [38.5004, -5.246], [38.5112, -5.2707], [38.5281, -5.2946], [38.5314, -5.3103], [38.5443, -5.3177], [38.5534, -5.3268], [38.5666, -5.321], [38.5869, -5.3095], [38.6092, -5.2938], [38.6283, -5.2703], [38.6374, -5.2559], [38.6548, -5.2505], [38.6763, -5.2485], [38.6867, -5.2423], [38.6946, -5.2418], [38.7132, -5.2365], [38.7153, -5.2295], [38.7236, -5.2171], [38.7369, -5.2088], [38.7547, -5.2059], [38.7713, -5.2005], [38.778, -5.2022], [38.7834, -5.196], [38.7888, -5.184], [38.7918, -5.1765], [38.8, -5.1732], [38.8112, -5.1749], [38.8232, -5.1786], [38.8387, -5.1661], [38.847, -5.1587], [38.8544, -5.1492], [38.8635, -5.1442], [38.8821, -5.1388], [38.9032, -5.1355], [38.9223, -5.1342], [38.9406, -5.1292], [38.9655, -5.1267], [38.9829, -5.1234], [39.0124, -5.1151], [39.0282, -5.1052], [39.0461, -5.101], [39.0633, -5.093], [39.0803, -5.0833], [39.0986, -5.0697], [39.0875, -5.078], [39.0775, -5.0849], [39.0616, -5.0939], [39.0435, -5.1017], [39.0274, -5.1055], [39.0114, -5.1154], [38.9819, -5.1237], [38.9639, -5.1271], [38.9394, -5.1296], [38.9215, -5.1343], [38.9021, -5.1357], [38.8815, -5.1389], [38.8629, -5.1446], [38.8538, -5.1499], [38.8461, -5.1592], [38.8377, -5.1669], [38.8242, -5.1778], [38.8228, -5.1786], [38.8232, -5.1788], [38.8232, -5.1789], [38.8169, -5.1768], [38.8111, -5.1749], [38.7999, -5.1733], [38.7917, -5.1765], [38.7886, -5.1844], [38.7831, -5.1963], [38.7779, -5.2022], [38.7713, -5.2005], [38.7543, -5.206], [38.7374, -5.2087], [38.724, -5.2168], [38.7155, -5.2292], [38.7133, -5.2362], [38.695, -5.2418], [38.6871, -5.2423], [38.6767, -5.2482], [38.6553, -5.2504], [38.6379, -5.2557], [38.6286, -5.27], [38.6095, -5.2934], [38.6064, -5.2958], [38.5873, -5.3092], [38.5714, -5.3183], [38.5658, -5.3214], [38.5538, -5.3267], [38.553, -5.3272], [38.5486, -5.3355], [38.5448, -5.343], [38.54, -5.362], [38.5356, -5.3807], [38.5353, -5.3893], [38.5268, -5.4052], [38.5177, -5.4233], [38.5063, -5.4462], [38.4953, -5.4702], [38.4846, -5.4922], [38.4767, -5.5012], [38.4749, -5.5047], [38.475, -5.5104], [38.4754, -5.5135], [38.4722, -5.5207], [38.4666, -5.5282], [38.4597, -5.5436], [38.4485, -5.5645], [38.4457, -5.5694], [38.4457, -5.5701], [38.4463, -5.5752], [38.4458, -5.5788], [38.442, -5.581], [38.4356, -5.582], [38.4305, -5.5863], [38.4265, -5.593], [38.4204, -5.6034], [38.415, -5.6123], [38.4096, -5.6208], [38.404, -5.6299], [38.4017, -5.6345], [38.4001, -5.6462], [38.3922, -5.6536], [38.3829, -5.6579], [38.3776, -5.6621], [38.3679, -5.6635], [38.3643, -5.6658], [38.3643, -5.6714], [38.3647, -5.6812], [38.3615, -5.6878], [38.3529, -5.6934], [38.346, -5.6977], [38.3408, -5.7042], [38.3383, -5.7107], [38.3358, -5.7184], [38.3322, -5.7241], [38.3318, -5.7244], [38.3294, -5.7299], [38.3274, -5.7346], [38.3218, -5.7364], [38.3201, -5.7387], [38.3192, -5.747], [38.3178, -5.751], [38.3121, -5.7529], [38.3073, -5.7593], [38.3016, -5.7675], [38.2998, -5.7725], [38.3012, -5.7812], [38.3019, -5.791], [38.3015, -5.7913], [38.3016, -5.8007], [38.3004, -5.8023], [38.2943, -5.8042], [38.293, -5.8067], [38.2926, -5.8138], [38.2877, -5.8219], [38.2817, -5.8306], [38.2779, -5.844], [38.2681, -5.857], [38.2654, -5.8616], [38.2653, -5.8661], [38.2649, -5.869], [38.2616, -5.8698], [38.2582, -5.8691], [38.2547, -5.8717], [38.2514, -5.877], [38.2467, -5.883], [38.2457, -5.8878], [38.2451, -5.8983], [38.2433, -5.9077], [38.2385, -5.9138], [38.2337, -5.9187], [38.2296, -5.9282], [38.2249, -5.939], [38.2232, -5.9437], [38.224, -5.9483], [38.2243, -5.9558], [38.2231, -5.967], [38.2208, -5.9802], [38.2204, -5.9858], [38.2216, -5.9917], [38.2249, -5.9975], [38.2335, -6.0114], [38.235, -6.0163], [38.2357, -6.0294], [38.2366, -6.033], [38.2412, -6.0405], [38.2419, -6.0458], [38.2425, -6.0594], [38.2446, -6.065], [38.245, -6.0701], [38.2432, -6.0781], [38.2446, -6.0861], [38.2527, -6.0914], [38.2664, -6.0988], [38.273, -6.1014], [38.2796, -6.109], [38.2871, -6.1142], [38.2924, -6.1193], [38.3283, -6.149], [38.3382, -6.1545], [38.3575, -6.1682], [38.3634, -6.1717], [38.3746, -6.1852], [38.3899, -6.205], [38.3926, -6.221], [38.3882, -6.2295], [38.3906, -6.2387], [38.3889, -6.2432], [38.3876, -6.2473], [38.387, -6.2574], [38.387, -6.2591], [38.3872, -6.2596], [38.3883, -6.2703], [38.3845, -6.2885], [38.3856, -6.3073], [38.3869, -6.3198], [38.3891, -6.3347], [38.3805, -6.3563], [38.3614, -6.3718], [38.3596, -6.3742], [38.3457, -6.4088], [38.3358, -6.4434], [38.3352, -6.4463], [38.3352, -6.4497], [38.3259, -6.482], [38.3141, -6.5074], [38.3124, -6.5218], [38.3147, -6.5477], [38.3286, -6.5755], [38.3373, -6.6032], [38.3477, -6.6274], [38.352, -6.6387], [38.4002, -6.6453], [38.5905, -6.6719], [38.7116, -6.6965], [38.7523, -6.7225], [38.8024, -6.7271], [38.9445, -6.7559], [39.0219, -6.7956], [39.0893, -6.7875], [39.1527, -6.787], [39.2189, -6.7916], [39.2728, -6.8255]]}}, {"type": "Feature", "properties": {"country": "Tanzania", "operator": "NICTBB"}, "geometry": {"type": "LineString", "coordinates": [[36.6969, -3.3666], [36.6945, -3.3613], [36.6576, -3.3602], [36.6485, -3.3556], [36.6401, -3.3346], [36.6349, -3.324], [36.636, -3.3104], [36.6218, -3.2803], [36.6131, -3.2688], [36.6108, -3.2435], [36.6068, -3.2185], [36.6204, -3.2074], [36.6368, -3.1913], [36.6563, -3.1866], [36.6658, -3.1859], [36.6812, -3.1651], [36.6888, -3.1511], [36.6949, -3.1291], [36.7001, -3.1052], [36.7077, -3.0967], [36.707, -3.0847], [36.6954, -3.0346], [36.6915, -3.0125], [36.6989, -2.9914], [36.7043, -2.9477], [36.7029, -2.9094], [36.7065, -2.8472], [36.7101, -2.8025], [36.7102, -2.7754], [36.7025, -2.7607], [36.6994, -2.7397], [36.6935, -2.7309], [36.6841, -2.7196], [36.676, -2.7073], [36.6725, -2.6908], [36.6797, -2.6751], [36.6954, -2.6572], [36.7148, -2.6372], [36.7324, -2.6207], [36.7476, -2.6057], [36.762, -2.592], [36.768, -2.5821], [36.7751, -2.5681], [36.7835, -2.551]]}}, {"type": "Feature", "properties": {"country": "Tanzania", "operator": "NICTBB"}, "geometry": {"type": "LineString", "coordinates": [[35.702, -7.7874], [35.6963, -7.7938], [35.6959, -7.7942], [35.6957, -7.7943], [35.686, -7.7988], [35.6825, -7.8056], [35.6716, -7.8151], [35.6579, -7.826], [35.6426, -7.8385], [35.6365, -7.8461], [35.6333, -7.858], [35.626, -7.8626], [35.6174, -7.8709], [35.6146, -7.8754], [35.6142, -7.8796], [35.6098, -7.8842], [35.599, -7.8905], [35.5913, -7.902], [35.5693, -7.9381], [35.562, -7.9524], [35.5541, -7.9592], [35.5499, -7.9636], [35.5396, -7.9799], [35.5263, -7.9929], [35.5171, -7.9982], [35.5085, -8.0028], [35.4925, -8.0177], [35.4858, -8.0258], [35.4802, -8.0359], [35.4732, -8.0405], [35.4693, -8.0466], [35.4645, -8.0583], [35.4433, -8.0869], [35.4284, -8.1127], [35.41, -8.1382], [35.3958, -8.1619], [35.3894, -8.1738], [35.3804, -8.1941], [35.3704, -8.2215], [35.3685, -8.2241], [35.3603, -8.2308], [35.3547, -8.2352], [35.3291, -8.2537], [35.3165, -8.2653], [35.3118, -8.2703], [35.3096, -8.2793], [35.3063, -8.2946], [35.3028, -8.2991], [35.2962, -8.3026], [35.2828, -8.3108], [35.2633, -8.3277], [35.2513, -8.339], [35.2157, -8.3849], [35.208, -8.4027], [35.1976, -8.4266], [35.195, -8.432], [35.1897, -8.4368], [35.171, -8.455], [35.1408, -8.4906], [35.1372, -8.4935], [35.1327, -8.4941], [35.1181, -8.4931], [35.1087, -8.4952], [35.0704, -8.5052], [35.046, -8.5124], [35.0345, -8.5188], [35.0263, -8.5248], [35.0226, -8.5309], [35.0177, -8.5408], [35.0126, -8.5448], [35.0084, -8.55], [34.9883, -8.577], [34.9838, -8.5838], [34.981, -8.5937], [34.977, -8.5979], [34.967, -8.6039], [34.9613, -8.6083], [34.9553, -8.6187], [34.9503, -8.6272], [34.9473, -8.6375], [34.9474, -8.6474], [34.9468, -8.6551], [34.9427, -8.6678], [34.9372, -8.6836], [34.9322, -8.6946], [34.9216, -8.7016], [34.9131, -8.7062], [34.9126, -8.7064], [34.9122, -8.7066], [34.9091, -8.7114], [34.8977, -8.7316], [34.8921, -8.7369], [34.8848, -8.745], [34.8821, -8.7513], [34.8763, -8.7677], [34.8735, -8.7711], [34.8696, -8.7745], [34.8529, -8.7886], [34.8492, -8.7923], [34.8464, -8.7978], [34.8423, -8.8097], [34.8393, -8.8314], [34.8364, -8.8367], [34.8339, -8.8391], [34.8273, -8.8411], [34.8207, -8.8423], [34.8186, -8.8424], [34.8143, -8.8418], [34.8123, -8.8413], [34.8047, -8.8393], [34.7983, -8.8379], [34.7928, -8.838], [34.7832, -8.8401], [34.7662, -8.8433], [34.7597, -8.8445], [34.7584, -8.8446], [34.7455, -8.8428], [34.7361, -8.8419], [34.7275, -8.8416], [34.7219, -8.842], [34.7134, -8.8405], [34.7088, -8.8406], [34.6925, -8.8417], [34.6878, -8.8423], [34.673, -8.8435], [34.6685, -8.844], [34.6659, -8.8445], [34.6537, -8.8475], [34.6332, -8.8525], [34.6307, -8.8532], [34.6209, -8.8587], [34.6135, -8.8628], [34.6121, -8.8633], [34.6092, -8.8637], [34.6046, -8.8626], [34.5765, -8.853], [34.5733, -8.8524], [34.5695, -8.853], [34.5657, -8.8544], [34.5597, -8.8572], [34.5531, -8.8602], [34.5423, -8.8636], [34.5261, -8.8648], [34.5256, -8.8648], [34.5107, -8.8647], [34.5016, -8.8612], [34.4949, -8.8605], [34.4776, -8.8493], [34.4753, -8.8492], [34.4724, -8.848], [34.4573, -8.838], [34.4445, -8.8216], [34.439, -8.7995], [34.4304, -8.7796], [34.414, -8.7707], [34.3822, -8.7691], [34.3526, -8.7769], [34.3367, -8.7756], [34.307, -8.7991], [34.2964, -8.8048], [34.2958, -8.8048], [34.2763, -8.8028], [34.2628, -8.7969], [34.2457, -8.7967], [34.232, -8.7994], [34.2142, -8.8085], [34.1903, -8.8263], [34.1712, -8.8378], [34.157, -8.8417], [34.131, -8.8443], [34.1174, -8.85], [34.1007, -8.8574], [34.0805, -8.8554], [34.0606, -8.8607], [34.0458, -8.8635], [34.0228, -8.8603], [34.0017, -8.8495], [33.9753, -8.8399], [33.9348, -8.833], [33.9142, -8.8269], [33.8953, -8.8289], [33.8717, -8.831], [33.8429, -8.8236], [33.8277, -8.8094], [33.8113, -8.7946], [33.789, -8.782], [33.7685, -8.7706], [33.7549, -8.7687], [33.7414, -8.7685], [33.7142, -8.7846], [33.695, -8.8101], [33.6737, -8.8262], [33.6565, -8.8464], [33.6283, -8.8618], [33.6271, -8.8623], [33.6106, -8.8766], [33.6017, -8.8956], [33.5929, -8.8967], [33.5719, -8.89], [33.5544, -8.8933], [33.5379, -8.9005], [33.5095, -8.9111], [33.4771, -8.9128], [33.4567, -8.9113], [33.4467, -8.9112], [33.4351, -8.911], [33.4167, -8.9262], [33.4049, -8.9307], [33.382, -8.9321], [33.3673, -8.9376], [33.3573, -8.9374], [33.3168, -8.9339], [33.2904, -8.9247], [33.2816, -8.9252], [33.2697, -8.9325], [33.2547, -8.9451], [33.2369, -8.9506], [33.218, -8.9497], [33.1993, -8.9442], [33.1836, -8.9382], [33.1745, -8.9359], [33.1681, -8.9352], [33.1656, -8.9445], [33.1655, -8.9538], [33.1619, -8.9659], [33.152, -8.9699], [33.1399, -8.9651], [33.1199, -8.9715], [33.1006, -8.9694], [33.0812, -8.9692], [33.0623, -8.9764], [33.0539, -8.9925], [33.0379, -9.001], [33.0, -9.0206], [32.9852, -9.0326], [32.9756, -9.044], [32.9675, -9.0717], [32.9531, -9.0924], [32.9429, -9.1044], [32.9292, -9.1123], [32.9028, -9.1319], [32.8867, -9.1456], [32.8728, -9.1686], [32.8644, -9.1801], [32.8611, -9.2003], [32.8483, -9.2221], [32.8402, -9.2434], [32.829, -9.2631], [32.8087, -9.2826], [32.7955, -9.2958], [32.7756, -9.3065], [32.7739, -9.3089], [32.7712, -9.3103], [32.7641, -9.3132]]}}, {"type": "Feature", "properties": {"country": "Tanzania", "operator": "NICTBB"}, "geometry": {"type": "LineString", "coordinates": [[32.9934, -2.6804], [32.9895, -2.684], [32.984, -2.6888], [32.9804, -2.6909], [32.954, -2.702], [32.9418, -2.7072], [32.895, -2.7135], [32.8679, -2.7251], [32.8677, -2.7266], [32.8652, -2.7267], [32.8614, -2.7263], [32.8526, -2.7278], [32.8523, -2.7278], [32.847, -2.7272], [32.8413, -2.7296], [32.8369, -2.7325], [32.8345, -2.733], [32.8279, -2.7299], [32.8247, -2.7303], [32.8216, -2.7313], [32.8193, -2.7325], [32.8164, -2.7341], [32.8133, -2.7336], [32.8103, -2.734], [32.8072, -2.7342], [32.804, -2.7328], [32.795, -2.7238], [32.787, -2.7154], [32.7823, -2.7105], [32.7706, -2.7053], [32.7682, -2.7049], [32.766, -2.7054], [32.7645, -2.7055], [32.7613, -2.7044], [32.754, -2.7017], [32.7356, -2.6931], [32.7297, -2.6893], [32.7261, -2.6845], [32.7255, -2.6834], [32.7238, -2.6826], [32.718, -2.6824], [32.7132, -2.6831], [32.7059, -2.6823], [32.6988, -2.6821], [32.6959, -2.6819], [32.6894, -2.6774], [32.6853, -2.6736], [32.6806, -2.6684], [32.6774, -2.665], [32.6712, -2.6626], [32.6654, -2.6604], [32.6631, -2.6585], [32.6612, -2.6578], [32.6549, -2.6557], [32.6459, -2.6504], [32.6446, -2.6502], [32.6439, -2.6501], [32.6425, -2.6505], [32.6341, -2.6542], [32.6249, -2.6587], [32.6182, -2.6649], [32.6138, -2.6693], [32.5982, -2.676], [32.5896, -2.6835], [32.5693, -2.7021], [32.5577, -2.7107], [32.5444, -2.7168], [32.5403, -2.7218], [32.5384, -2.7269], [32.5103, -2.7545], [32.5016, -2.7672], [32.4987, -2.775], [32.4935, -2.7823], [32.4779, -2.7939], [32.4333, -2.8337], [32.4219, -2.8397], [32.384, -2.8578], [32.3504, -2.8719], [32.3197, -2.8848], [32.3135, -2.884], [32.2417, -2.8706], [32.2369, -2.8709], [32.227, -2.8764], [32.2335, -2.8838], [32.2306, -2.8931], [32.2251, -2.9082], [32.2163, -2.9126], [32.194, -2.9143], [32.1699, -2.9147], [32.16, -2.9093], [32.1565, -2.8959], [32.1521, -2.8933], [32.1371, -2.893], [32.1309, -2.8906], [32.1162, -2.8974], [32.1032, -2.9085], [32.0619, -2.927], [32.0364, -2.9468], [32.0071, -2.9553], [32.0003, -2.9558], [31.9538, -2.9852], [31.9453, -2.9886], [31.931, -2.9992], [31.8995, -3.0172], [31.8605, -3.0245], [31.86, -3.0245], [31.8153, -3.0261], [31.7686, -3.0325], [31.7567, -3.0315], [31.7429, -3.0345], [31.7043, -3.0147], [31.6916, -3.0043], [31.6383, -2.9563], [31.5678, -2.8976], [31.5249, -2.8303], [31.4578, -2.7853], [31.4234, -2.7559], [31.4011, -2.7369], [31.3771, -2.7076], [31.3755, -2.6783], [31.3617, -2.6541], [31.3514, -2.6368], [31.3737, -2.6134], [31.384, -2.5966], [31.3928, -2.5728], [31.4112, -2.5459], [31.4191, -2.5082], [31.4279, -2.5026], [31.4384, -2.4898], [31.4497, -2.489], [31.464, -2.4708], [31.4809, -2.4001], [31.4929, -2.3668], [31.4907, -2.3414], [31.5178, -2.2776], [31.522, -2.2365], [31.5701, -2.1559], [31.5774, -2.1042], [31.5681, -2.0549], [31.5723, -2.0264], [31.6002, -1.9985], [31.6241, -1.9531], [31.6355, -1.9288], [31.6524, -1.845], [31.6739, -1.8287], [31.6913, -1.8081], [31.6995, -1.7739], [31.7099, -1.7413], [31.7066, -1.699], [31.7021, -1.6816], [31.6997, -1.6465], [31.7117, -1.6353], [31.7206, -1.6044], [31.7127, -1.57], [31.7014, -1.5651], [31.707, -1.5523], [31.7254, -1.534], [31.7464, -1.4921], [31.7482, -1.4714], [31.7514, -1.4563], [31.7458, -1.434], [31.7522, -1.4133], [31.7692, -1.3728], [31.7883, -1.3426], [31.7931, -1.3211], [31.7772, -1.3067], [31.7645, -1.3075], [31.7598, -1.2987], [31.7486, -1.2875], [31.7302, -1.2794], [31.7024, -1.285], [31.6778, -1.2913], [31.6674, -1.2888], [31.6561, -1.2903], [31.6298, -1.2766], [31.6267, -1.2599], [31.5994, -1.2526], [31.5907, -1.2374], [31.5635, -1.2253], [31.4544, -1.2491], [31.4225, -1.2522], [31.4106, -1.233], [31.4067, -1.2082], [31.3981, -1.1596], [31.395, -1.1429], [31.396, -1.1062], [31.4073, -1.0593], [31.4154, -1.0012]]}}, {"type": "Feature", "properties": {"country": "Tanzania", "operator": "NICTBB"}, "geometry": {"type": "LineString", "coordinates": [[31.3503, -2.6366], [31.3274, -2.6403], [31.3173, -2.6421], [31.3366, -2.6705], [31.331, -2.7025], [31.3247, -2.7538], [31.3093, -2.7851], [31.2854, -2.8217], [31.258, -2.8539], [31.2267, -2.8701], [31.1993, -2.9098], [31.1589, -2.8933], [31.1369, -2.8869], [31.1103, -2.8686], [31.0809, -2.8428], [31.0699, -2.8126], [31.0699, -2.8007], [31.0479, -2.7989], [31.0158, -2.7852], [30.9965, -2.7669], [30.9938, -2.7476], [30.9901, -2.7174], [30.9937, -2.645], [30.9901, -2.6386], [30.9708, -2.6359], [30.9507, -2.6322], [30.9351, -2.6386], [30.9232, -2.623], [30.9049, -2.5983], [30.9005, -2.5764], [30.8777, -2.5471], [30.8593, -2.5297], [30.8529, -2.4932], [30.8474, -2.474], [30.8474, -2.4602], [30.8245, -2.4383], [30.8288, -2.4189], [30.8024, -2.3888], [30.7872, -2.3783], [30.7636, -2.3565], [30.7487, -2.3243], [30.7468, -2.3013], [30.7369, -2.2886], [30.7215, -2.2815]]}}, {"type": "Feature", "properties": {"country": "Tanzania", "operator": "NICTBB"}, "geometry": {"type": "LineString", "coordinates": [[30.8018, -2.3884], [30.7627, -2.3984], [30.7473, -2.4043], [30.7398, -2.4166], [30.7175, -2.4378], [30.6927, -2.4603], [30.6877, -2.4666], [30.6755, -2.4706], [30.6754, -2.4766], [30.6754, -2.4768], [30.677, -2.4846], [30.6778, -2.4903], [30.6763, -2.4944], [30.6693, -2.4973], [30.6606, -2.5079], [30.649, -2.5174], [30.6208, -2.5313], [30.6155, -2.5376], [30.6046, -2.5443], [30.5932, -2.5529], [30.5855, -2.5595], [30.5773, -2.5625], [30.5651, -2.5663], [30.5546, -2.5734], [30.5405, -2.5774], [30.5247, -2.5883], [30.514, -2.6001], [30.4997, -2.6079], [30.4891, -2.6158], [30.4768, -2.6297], [30.4677, -2.6386]]}}, {"type": "Feature", "properties": {"country": "Tanzania", "operator": "NICTBB"}, "geometry": {"type": "LineString", "coordinates": [[31.1983, -2.9114], [31.2133, -2.9367], [31.2049, -2.9648], [31.2292, -3.0097], [31.217, -3.0359], [31.2076, -3.0425], [31.2029, -3.0622], [31.1456, -3.1063], [31.1034, -3.11], [31.0875, -3.1175], [31.0724, -3.1372], [31.0356, -3.1861], [31.0352, -3.2004], [31.0201, -3.2407], [31.0051, -3.2483], [30.9872, -3.2596], [30.9656, -3.284], [30.9477, -3.2954], [30.8605, -3.3974], [30.8192, -3.4545], [30.8229, -3.4667], [30.8098, -3.4939], [30.7695, -3.5416], [30.7179, -3.5781], [30.7151, -3.5912], [30.7019, -3.5949], [30.6898, -3.6117], [30.6888, -3.6211], [30.6766, -3.6361], [30.6799, -3.6579], [30.6949, -3.685], [30.6967, -3.7234], [30.693, -3.7599], [30.6845, -3.7806], [30.6639, -3.7974], [30.6526, -3.8124], [30.6414, -3.8189], [30.632, -3.8377], [30.6254, -3.8817], [30.6181, -3.9059], [30.6078, -3.935], [30.5928, -3.9723], [30.5797, -3.9872], [30.5571, -4.0022], [30.5487, -4.0135], [30.5487, -4.0294], [30.5458, -4.0575], [30.5132, -4.1213], [30.5113, -4.142], [30.5056, -4.1617], [30.4915, -4.1992], [30.4727, -4.2217], [30.4557, -4.2432], [30.4501, -4.261], [30.4322, -4.277], [30.419, -4.2882], [30.3993, -4.321], [30.3804, -4.3623], [30.3531, -4.3812], [30.322, -4.431], [30.2937, -4.4519], [30.2758, -4.4864], [30.2392, -4.5022], [30.2082, -4.5042], [30.1743, -4.5218], [30.1338, -4.5461], [30.0988, -4.5694], [30.1208, -4.6123], [30.1263, -4.6474], [30.1131, -4.6628], [30.0723, -4.6759], [30.0425, -4.7286], [30.0358, -4.778], [30.0115, -4.8241], [30.0114, -4.8253], [30.0037, -4.8407], [29.986, -4.8451], [29.9673, -4.8385], [29.8964, -4.8638], [29.8675, -4.8859], [29.8509, -4.8848], [29.8343, -4.8749], [29.8034, -4.8891], [29.7668, -4.8913], [29.759, -4.8925], [29.7445, -4.8936], [29.74, -4.8683], [29.7301, -4.8561], [29.6978, -4.8539], [29.6748, -4.8401], [29.6564, -4.8402], [29.647, -4.8538], [29.6491, -4.8781], [29.6461, -4.8896], [29.6346, -4.8836], [29.6454, -4.8881], [29.6483, -4.878], [29.6461, -4.8541], [29.6513, -4.8453], [29.6466, -4.8252], [29.6457, -4.8144], [29.6492, -4.8018], [29.6449, -4.8003], [29.6458, -4.7888], [29.6469, -4.7806], [29.6441, -4.7721], [29.6472, -4.7607]]}}, {"type": "Feature", "properties": {"country": "Tanzania", "operator": "NICTBB"}, "geometry": {"type": "LineString", "coordinates": [[33.9757, -1.5223], [33.9779, -1.5194], [33.983, -1.5171], [33.9843, -1.512], [33.9868, -1.5095], [33.988, -1.5074], [33.9888, -1.5046], [33.9912, -1.5], [33.9906, -1.4964], [33.9905, -1.4934], [33.9931, -1.4918], [33.9965, -1.4892], [34.0009, -1.4879], [34.0057, -1.4879], [34.0072, -1.4852], [34.0086, -1.4842], [34.0113, -1.4836], [34.0126, -1.4816], [34.0121, -1.4796], [34.0134, -1.4774], [34.014, -1.4747], [34.015, -1.4725], [34.0206, -1.4699], [34.0242, -1.4665], [34.0309, -1.4648], [34.0347, -1.4593], [34.0412, -1.4557], [34.0487, -1.4509], [34.0614, -1.4477], [34.0702, -1.4403], [34.085, -1.4391], [34.0941, -1.4411], [34.1198, -1.4414], [34.133, -1.4443], [34.1462, -1.441], [34.1688, -1.4329], [34.1918, -1.4267], [34.209, -1.419], [34.2134, -1.4139], [34.2205, -1.4011], [34.2245, -1.3967], [34.2298, -1.3939], [34.234, -1.3884], [34.2453, -1.3833], [34.262, -1.3693], [34.2826, -1.3569], [34.286, -1.3558], [34.2909, -1.356], [34.3015, -1.3601], [34.3055, -1.3607], [34.3093, -1.3594], [34.3159, -1.3551], [34.3301, -1.3536], [34.3399, -1.3488], [34.3503, -1.3498], [34.3602, -1.3464], [34.3647, -1.3387], [34.373, -1.3343], [34.3855, -1.3337], [34.3936, -1.3301], [34.4026, -1.3207], [34.4234, -1.3094], [34.4323, -1.2933], [34.441, -1.2798], [34.4477, -1.2736], [34.4505, -1.2645], [34.4555, -1.2583], [34.46, -1.2546], [34.4654, -1.2567], [34.4697, -1.2582], [34.4736, -1.2545], [34.4755, -1.2511], [34.4755, -1.2446]]}}, {"type": "Feature", "properties": {"country": "Tanzania", "operator": "NICTBB"}, "geometry": {"type": "LineString", "coordinates": [[39.2712, -6.8232], [39.2869, -6.8333], [39.269, -6.8964], [39.2846, -6.9721], [39.3086, -7.004], [39.2874, -7.0344], [39.2447, -7.0434], [39.225, -7.0981], [39.2104, -7.0993], [39.1991, -7.1279], [39.1804, -7.1455], [39.1768, -7.1989], [39.1699, -7.2235], [39.1491, -7.2425], [39.1481, -7.2615], [39.0851, -7.3077], [39.0653, -7.3601], [39.0928, -7.3806], [39.0945, -7.4316], [39.1338, -7.4608], [39.146, -7.4802], [39.1461, -7.484], [39.1462, -7.487], [39.1397, -7.4994], [39.1273, -7.5448], [39.0972, -7.591], [39.0592, -7.628], [39.0521, -7.6466], [39.0347, -7.6555], [39.0289, -7.6656], [39.0015, -7.6764], [38.9913, -7.6927], [38.9777, -7.7007], [38.9562, -7.7006], [38.9371, -7.7279], [38.9596, -7.7584], [38.947, -7.7969], [38.9759, -7.9308], [38.9909, -7.9686], [38.9723, -7.989], [38.9627, -8.0008], [38.9744, -8.0286], [38.9725, -8.0416], [38.9886, -8.0647], [38.9886, -8.0876], [39.0005, -8.123], [39.0822, -8.128], [39.1087, -8.1378], [39.1402, -8.1376], [39.1806, -8.1477], [39.1855, -8.1831], [39.1816, -8.2038], [39.206, -8.2449], [39.2068, -8.2685], [39.2821, -8.3826], [39.2756, -8.4181], [39.2604, -8.4955], [39.2514, -8.5484], [39.2541, -8.5848], [39.2638, -8.6226], [39.2466, -8.662], [39.2632, -8.7208], [39.3131, -8.7642], [39.3334, -8.7954], [39.3515, -8.8062], [39.3335, -8.8442], [39.3361, -8.8753], [39.3147, -8.9278], [39.3112, -8.9873], [39.318, -9.0762], [39.3488, -9.169], [39.3928, -9.2163], [39.4001, -9.2481], [39.3938, -9.2681], [39.435, -9.3719], [39.4356, -9.4104], [39.4612, -9.4622], [39.5068, -9.6016], [39.5038, -9.6261], [39.5145, -9.647], [39.5446, -9.6681], [39.576, -9.7256], [39.6272, -9.7315], [39.6669, -9.7363], [39.6988, -9.7414], [39.7222, -9.7497], [39.7328, -9.8332], [39.7413, -9.8557], [39.738, -9.8939], [39.7263, -9.9369], [39.7089, -9.9695], [39.7138, -10.0006], [39.7037, -10.0222], [39.6947, -10.0294], [39.6751, -10.0217], [39.6708, -10.0081], [39.6567, -10.0055], [39.6362, -10.0389], [39.621, -10.0699], [39.6226, -10.0919], [39.6189, -10.1195], [39.655, -10.135], [39.6663, -10.172], [39.704, -10.2119], [39.7441, -10.228], [39.7703, -10.2028], [39.804, -10.194], [39.8723, -10.2215], [39.9214, -10.2541], [39.9534, -10.2401], [39.9846, -10.2558], [40.0055, -10.2528], [40.0228, -10.2614], [40.0687, -10.2667], [40.0957, -10.2634], [40.1148, -10.278], [40.1164, -10.2787], [40.1415, -10.2901], [40.1576, -10.3048], [40.1729, -10.3012], [40.178, -10.2903], [40.1842, -10.3137], [40.1735, -10.3393], [40.1564, -10.3833], [40.142, -10.4143], [40.1176, -10.4464], [40.0721, -10.4739], [40.0457, -10.4938], [40.0224, -10.516], [40.0103, -10.5232], [39.9991, -10.5563], [39.9782, -10.5791], [39.8717, -10.614], [39.7954, -10.6927], [39.7872, -10.7044], [39.7838, -10.7396], [39.7617, -10.7518], [39.682, -10.7614], [39.6242, -10.7534], [39.597, -10.7819], [39.5228, -10.8117], [39.4672, -10.8432], [39.4439, -10.863], [39.3949, -10.8829], [39.283, -10.9482], [39.2722, -10.9493], [39.2696, -10.9189], [39.2366, -10.8826], [39.2351, -10.8826], [39.1702, -10.8954], [39.1211, -10.916], [39.1098, -10.9026], [39.0746, -10.8961], [39.0424, -10.9139], [38.9826, -10.8882], [38.9279, -10.851], [38.9151, -10.8164], [38.8904, -10.7928], [38.8038, -10.7299], [38.6917, -10.8137], [38.6798, -10.8309], [38.6475, -10.8395], [38.5667, -10.8907], [38.5059, -10.9062], [38.48, -10.9215], [38.453, -10.926], [38.4362, -10.9342], [38.3703, -10.9353], [38.3265, -10.9495], [38.2904, -10.9375], [38.2644, -10.8979], [38.1761, -10.9079], [38.1641, -10.9197], [38.1146, -10.9286], [38.0525, -10.9104], [38.0407, -10.9169], [37.9903, -10.9162], [37.9692, -10.9283], [37.9402, -10.9249], [37.89, -10.9284], [37.7429, -10.8776], [37.6884, -10.8832], [37.5892, -10.8615], [37.4729, -10.8506], [37.4459, -10.885], [37.4084, -10.927], [37.3937, -10.941], [37.3957, -10.9736], [37.3867, -10.9991], [37.3374, -11.0456], [37.3104, -11.0062], [37.2836, -10.9742], [37.2412, -10.9487], [37.2397, -10.933], [37.1716, -10.9074], [37.1627, -10.8971], [37.1865, -10.8638], [37.1674, -10.8275], [37.1522, -10.8205], [37.1355, -10.7946], [37.1202, -10.7792], [37.0858, -10.7748], [37.0673, -10.7647], [37.019, -10.7565], [36.9505, -10.7581], [36.9343, -10.7522], [36.9134, -10.7727], [36.8737, -10.7694], [36.8315, -10.7914], [36.7945, -10.7712], [36.7399, -10.7714], [36.6859, -10.7968], [36.6571, -10.8027], [36.5992, -10.7608], [36.556, -10.7543], [36.5418, -10.7419], [36.5218, -10.7603], [36.5094, -10.7384], [36.4863, -10.7177], [36.4821, -10.6968], [36.4484, -10.6734], [36.4395, -10.6137], [36.4041, -10.6114], [36.3767, -10.5804], [36.3168, -10.5828], [36.2843, -10.5656], [36.2349, -10.5603], [36.1867, -10.5171], [36.1654, -10.5238], [36.1495, -10.4852], [36.1414, -10.4632], [36.1195, -10.49], [36.085, -10.5276], [36.0441, -10.5252], [36.025, -10.5351], [35.9979, -10.5293], [35.9705, -10.5555], [35.9468, -10.5487], [35.9118, -10.561], [35.8838, -10.5542], [35.8638, -10.5683], [35.8295, -10.5616], [35.7958, -10.5844], [35.7626, -10.5829], [35.7213, -10.6058], [35.6911, -10.6442], [35.6544, -10.6786], [35.6535, -10.6355], [35.668, -10.5627], [35.6719, -10.4963], [35.6909, -10.4802], [35.6642, -10.4365], [35.6595, -10.3567], [35.6537, -10.3337], [35.655, -10.2896], [35.6468, -10.255], [35.5685, -10.245], [35.5259, -10.2584], [35.5107, -10.1956], [35.4723, -10.1501], [35.4109, -10.0909], [35.417, -10.0729], [35.3972, -10.0429], [35.3871, -9.9653], [35.3779, -9.9297], [35.3562, -9.9123], [35.3311, -9.8319], [35.2294, -9.7622], [35.1875, -9.7483], [35.1524, -9.7531], [35.1495, -9.7064], [35.1276, -9.671], [35.1066, -9.5778], [35.0789, -9.5174], [35.0368, -9.4887], [34.929, -9.4286], [34.8678, -9.4161], [34.7952, -9.3605], [34.7603, -9.3222], [34.7755, -9.2788], [34.7786, -9.2197], [34.795, -9.1752], [34.7888, -9.1248], [34.8082, -9.0708], [34.8118, -9.0349], [34.8282, -8.9989], [34.8125, -8.956], [34.8362, -8.9104], [34.8217, -8.8738], [34.8221, -8.8432]]}}, {"type": "Feature", "properties": {"country": "Tanzania", "operator": "NICTBB"}, "geometry": {"type": "LineString", "coordinates": [[32.764, -9.3132], [32.7651, -9.2958], [32.7532, -9.283], [32.7262, -9.2751], [32.6964, -9.2774], [32.6779, -9.2714], [32.6486, -9.2773], [32.6096, -9.2251], [32.5701, -9.1886], [32.555, -9.1649], [32.515, -9.1611], [32.472, -9.1263], [32.4956, -9.0845], [32.4812, -9.0403], [32.4313, -9.0067], [32.3423, -8.9063], [32.3004, -8.88], [32.265, -8.8315], [32.2262, -8.8012], [32.1663, -8.7023], [32.1383, -8.63], [32.1373, -8.63], [32.064, -8.5886], [32.0376, -8.5575], [32.0375, -8.5187], [31.9997, -8.4437], [31.9335, -8.4004], [31.8966, -8.3931], [31.8384, -8.3565], [31.8209, -8.3184], [31.7688, -8.2994], [31.7498, -8.2898], [31.7294, -8.2616], [31.7074, -8.2569], [31.6637, -8.1461], [31.6778, -8.1264], [31.661, -8.053], [31.621, -7.9632], [31.5526, -7.9012], [31.5277, -7.9035], [31.4446, -7.8671], [31.3871, -7.8166], [31.3469, -7.7303], [31.3522, -7.6879], [31.3015, -7.6259], [31.2663, -7.5871], [31.1834, -7.4652], [31.1014, -7.3569], [31.0415, -7.2839], [31.0165, -7.1851], [30.9203, -7.0851], [30.8985, -7.0853], [30.8649, -7.0159], [30.898, -6.96], [30.8927, -6.9248], [30.9072, -6.902], [30.899, -6.8736], [30.9786, -6.7597], [31.0921, -6.6591], [31.1442, -6.6358], [31.1082, -6.5246], [31.1251, -6.4615], [31.0811, -6.4111], [31.0655, -6.3514], [31.0376, -6.3331], [30.9831, -6.318], [30.9729, -6.2936], [30.9781, -6.2356], [30.9886, -6.2001], [30.9516, -6.1341], [30.9455, -6.1185], [30.9472, -6.0978], [30.9302, -6.0813], [30.9339, -6.0597], [30.9376, -6.0381], [30.9577, -5.9917], [30.9702, -5.9641], [30.9369, -5.9017], [30.8832, -5.865], [30.8693, -5.8622], [30.8621, -5.8348], [30.8489, -5.8026], [30.8098, -5.7588], [30.7877, -5.7286], [30.7312, -5.7105], [30.7085, -5.7088], [30.6836, -5.6973], [30.6688, -5.6954], [30.6606, -5.6758], [30.6438, -5.6711], [30.6137, -5.6389], [30.5758, -5.6225], [30.5538, -5.603], [30.9589, -5.4161], [31.0872, -5.341], [31.2785, -5.2669], [31.3945, -5.2359], [31.5837, -5.2058], [31.8083, -5.0794], [31.8341, -5.0879], [31.8734, -5.0805], [31.8998, -5.0654], [32.0131, -5.0609], [32.0479, -5.0761], [32.2703, -5.0986], [32.3667, -5.0874], [32.4174, -5.1171], [32.5513, -5.1073], [32.6626, -5.0908], [32.7216, -5.0664], [32.7646, -5.0313], [32.8208, -5.0156], [32.7645, -5.0313], [32.7216, -5.0662], [32.6629, -5.0907], [32.5517, -5.1074], [32.4173, -5.1171], [32.3671, -5.0873], [32.27, -5.0985], [32.0479, -5.0756], [32.013, -5.0605], [31.8396, -4.9863], [31.7958, -5.0171], [31.7756, -5.0041], [31.7629, -4.9815], [31.7638, -4.9665], [31.7206, -4.9333], [31.6841, -4.9214], [31.5374, -4.947], [31.5045, -4.9448], [31.4542, -4.9685], [31.4066, -4.9876], [31.4115, -5.022], [31.3952, -5.0601], [31.3713, -5.0622], [31.3543, -5.0509], [31.3253, -5.0689], [31.2999, -5.093], [31.2027, -5.126], [31.155, -5.1504], [31.0493, -5.1288], [31.0375, -5.106], [30.9222, -5.0924], [30.8585, -5.1038], [30.8122, -5.092], [30.7377, -5.1096], [30.6881, -5.1094], [30.5621, -5.0817], [30.5112, -5.047], [30.4448, -5.0566], [30.4174, -5.0648], [30.3938, -5.0968], [30.3778, -5.0952], [30.3577, -5.0443], [30.2982, -4.9866], [30.2646, -4.9147], [30.246, -4.8311], [30.2237, -4.8155], [30.212, -4.798], [30.2127, -4.7821], [30.1774, -4.7155], [30.1262, -4.6462]]}}, {"type": "Feature", "properties": {"country": "Togo", "operator": "TogoTelecom"}, "geometry": {"type": "LineString", "coordinates": [[1.2123, 6.1409], [1.2229, 6.1631], [1.2084, 6.2629], [1.2173, 6.3258], [1.2035, 6.3826], [1.2137, 6.4313], [1.1832, 6.5497], [1.1883, 6.5748], [1.1824, 6.5979], [1.1837, 6.6227], [1.1665, 6.6777], [1.167, 6.707], [1.1772, 6.7725], [1.1807, 6.8157], [1.1879, 6.8362], [1.177, 6.8853], [1.1813, 6.9177], [1.1804, 6.9185], [1.1707, 6.9513], [1.1704, 6.974], [1.1562, 7.0734], [1.1626, 7.1225], [1.1662, 7.2287], [1.1617, 7.3085], [1.1741, 7.3789], [1.1602, 7.4259], [1.1536, 7.4769], [1.1527, 7.5034], [1.1439, 7.516], [1.1464, 7.5296], [1.1427, 7.5435], [1.1542, 7.5795], [1.1669, 7.6026], [1.1954, 7.6931], [1.1888, 7.7542], [1.1848, 7.9099], [1.1962, 7.9313], [1.1883, 7.9864], [1.1423, 8.0691], [1.133, 8.1048], [1.134, 8.1685], [1.1341, 8.2238], [1.0917, 8.2917], [1.0637, 8.3152], [1.0095, 8.3401], [0.9905, 8.385], [0.9905, 8.4311], [0.9876, 8.4587], [0.9614, 8.5346], [0.9865, 8.5803], [1.0001, 8.6133], [1.0193, 8.6754], [1.044, 8.7328], [1.076, 8.8339], [1.0679, 8.849], [1.0807, 8.8845], [1.1063, 8.9272], [1.1369, 8.9809], [1.1324, 9.0529], [1.1392, 9.0998], [1.1538, 9.1418], [1.1981, 9.2081], [1.1888, 9.2421], [1.2101, 9.2752], [1.2357, 9.2961], [1.2426, 9.3502], [1.2126, 9.4308], [1.2062, 9.4481], [1.2051, 9.5161], [1.1915, 9.548], [1.1563, 9.6114], [1.1385, 9.6308], [1.1432, 9.6467], [1.1428, 9.6643], [1.1148, 9.7277], [1.0995, 9.7903], [1.0931, 9.8104], [1.0757, 9.8331], [1.0907, 9.8591], [1.0873, 9.8918], [1.0904, 9.922], [1.0729, 9.9434], [1.0523, 9.959], [1.0416, 9.959], [0.9969, 10.0023], [0.934, 10.0477], [0.8714, 10.1185], [0.8535, 10.1525], [0.8148, 10.168], [0.796, 10.1924], [0.7735, 10.2037], [0.7458, 10.205], [0.6529, 10.2392], [0.6222, 10.2514], [0.6043, 10.2501], [0.5319, 10.2791], [0.4956, 10.2778], [0.4666, 10.2912], [0.4632, 10.3034], [0.4691, 10.3597], [0.4055, 10.4412], [0.3931, 10.4664], [0.3718, 10.4848], [0.301, 10.5595], [0.2763, 10.5683], [0.2541, 10.5913], [0.2519, 10.6052], [0.2276, 10.6136], [0.2101, 10.6404], [0.2019, 10.6386], [0.1959, 10.6566], [0.1955, 10.6671], [0.2061, 10.6743], [0.2095, 10.6902], [0.1933, 10.7384], [0.2035, 10.7663], [0.1962, 10.8066], [0.2034, 10.8611], [0.1991, 10.8779], [0.1978, 10.8833], [0.1799, 10.8922], [0.1474, 10.9177], [0.1337, 10.9391], [0.143, 10.9869], [0.1348, 11.0263], [0.1096, 11.0414], [0.0968, 11.0565], [0.0698, 11.077], [0.0514, 11.0904], [0.0261, 11.0963], [0.0188, 11.0975], [0.0141, 11.1064]]}}, {"type": "Feature", "properties": {"country": "Togo", "operator": "TogoTelecom"}, "geometry": {"type": "LineString", "coordinates": [[1.2123, 6.141], [1.209, 6.1398], [1.2016, 6.1496], [1.2018, 6.1663], [1.1984, 6.1696], [1.1703, 6.1813], [1.1256, 6.2202], [1.0826, 6.2417], [1.0582, 6.2411], [1.0358, 6.2612], [1.0169, 6.3066], [0.9852, 6.3768], [0.9271, 6.4303], [0.9136, 6.4512], [0.754, 6.4621], [0.914, 6.4513], [0.9075, 6.4658], [0.8967, 6.5017], [0.8847, 6.5396], [0.8833, 6.5539], [0.8955, 6.5697], [0.8514, 6.6563], [0.8261, 6.7033], [0.8062, 6.7702], [0.7801, 6.8104], [0.7557, 6.8341], [0.7161, 6.8486], [0.7086, 6.8234], [0.6712, 6.8115], [0.6392, 6.8825], [0.6311, 6.9062], [0.6262, 6.9642], [0.6403, 6.9836], [0.643, 6.9954], [0.6865, 7.0312], [0.7125, 7.0866], [0.7374, 7.1678], [0.7787, 7.2006], [0.7906, 7.2285], [0.8037, 7.2802], [0.8505, 7.3438], [0.9032, 7.4615], [0.9727, 7.496], [1.02, 7.5137], [1.0912, 7.5294], [1.1119, 7.5353], [1.1437, 7.5161]]}}, {"type": "Feature", "properties": {"country": "Uganda", "operator": "National FO Backbone"}, "geometry": {"type": "LineString", "coordinates": [[33.1974, 0.4407], [33.156, 0.4316], [33.1273, 0.4045], [33.0419, 0.4092], [32.9531, 0.3718], [32.9227, 0.373], [32.8817, 0.3744], [32.8536, 0.3872], [32.8498, 0.3807], [32.792, 0.3517], [32.7462, 0.3612], [32.7196, 0.3668], [32.6525, 0.3508], [32.5838, 0.3106], [32.5669, 0.279], [32.5496, 0.2233], [32.5367, 0.1805], [32.537, 0.1764], [32.5469, 0.154], [32.5305, 0.1161], [32.5004, 0.0952], [32.4748, 0.0704], [32.4675, 0.0542]]}}, {"type": "Feature", "properties": {"country": "Uganda", "operator": "National FO Backbone"}, "geometry": {"type": "LineString", "coordinates": [[32.5853, 0.3119], [32.5763, 0.3218], [32.5669, 0.3472], [32.561, 0.3601], [32.5554, 0.3865], [32.534, 0.425], [32.5328, 0.4432], [32.5326, 0.4532], [32.5182, 0.4705], [32.5215, 0.4879], [32.5305, 0.5184], [32.5335, 0.5485], [32.5296, 0.5648], [32.5323, 0.5773]]}}, {"type": "Feature", "properties": {"country": "Uganda", "operator": "National FO Backbone"}, "geometry": {"type": "LineString", "coordinates": [[30.6595, -0.6054], [30.5198, -0.5862], [30.339, -0.5695], [30.1743, -0.5304], [30.1269, -0.5336], [30.1267, -0.424], [30.0916, -0.3262], [30.0923, -0.1951], [29.9953, 0.0039], [30.0633, 0.1279], [30.072, 0.1707], [30.1097, 0.2137], [30.1165, 0.2547], [30.1943, 0.3385], [30.1985, 0.3816], [30.1826, 0.514], [30.1772, 0.559], [30.2385, 0.6394], [30.2781, 0.654], [30.3648, 0.6407], [30.4274, 0.6663], [30.4643, 0.6855], [30.5379, 0.655], [30.6355, 0.621], [30.679, 0.7192], [30.7321, 0.8156], [30.7389, 0.8923], [30.9619, 1.0884], [31.0757, 1.2466], [31.2578, 1.3548], [31.3113, 1.3417], [31.3515, 1.4285], [31.5472, 1.523], [31.6993, 1.6379], [31.7205, 1.6774], [31.8002, 1.771], [31.9893, 1.7979], [32.1414, 1.9662], [32.1669, 2.0132], [32.2326, 2.1749], [32.2462, 2.2569], [32.3279, 2.248], [32.3794, 2.3403], [32.3822, 2.443], [32.3206, 2.6849], [32.2912, 2.7667], [32.2221, 2.7702], [32.173, 2.8601], [32.1347, 2.9675], [32.1503, 3.0545], [32.1597, 3.1744], [32.1223, 3.2697], [32.08, 3.3672], [32.0653, 3.4785], [32.0802, 3.5416], [32.0656, 3.575], [32.049, 3.604]]}}, {"type": "Feature", "properties": {"country": "Uganda", "operator": "National FO Backbone"}, "geometry": {"type": "LineString", "coordinates": [[34.1115, 0.4612], [34.1233, 0.5338], [34.1459, 0.5943], [34.1562, 0.6179], [34.1749, 0.6622], [34.1822, 0.6915], [34.1838, 0.7423], [34.1723, 0.8156], [34.1744, 0.8626], [34.1592, 0.9408], [34.1716, 0.9705], [34.1781, 1.027], [34.178, 1.0815], [34.1634, 1.1484], [34.117, 1.2203], [34.0826, 1.2784], [34.0466, 1.3475], [33.9939, 1.413], [33.9389, 1.486], [33.8653, 1.5574], [33.8228, 1.5955], [33.7945, 1.6508], [33.756, 1.6671], [33.6745, 1.6771], [33.6557, 1.7168], [33.6548, 1.7167], [33.6131, 1.7174], [33.5533, 1.7699], [33.5069, 1.8198], [33.4763, 1.8717], [33.4593, 1.9008], [33.4724, 1.9417], [33.4875, 1.9835], [33.4516, 2.0415], [33.3407, 2.0753], [33.3324, 2.1022], [33.2775, 2.1212], [33.226, 2.1425], [33.2024, 2.1873], [33.1872, 2.2427], [33.1778, 2.2707], [33.1084, 2.2552], [33.0781, 2.2452], [33.0501, 2.2493], [33.0151, 2.2405], [32.9002, 2.2492], [32.7852, 2.2923], [32.7181, 2.2934], [32.6988, 2.3156], [32.6854, 2.3144], [32.6596, 2.3156], [32.5266, 2.2414], [32.3731, 2.2127], [32.3469, 2.2261], [32.337, 2.229], [32.3265, 2.2476]]}}, {"type": "Feature", "properties": {"country": "Uganda", "operator": "National FO Backbone"}, "geometry": {"type": "LineString", "coordinates": [[32.5327, 0.5772], [32.5325, 0.598], [32.5334, 0.6265], [32.5284, 0.6746], [32.5228, 0.6856], [32.5234, 0.7008], [32.5287, 0.7101], [32.5277, 0.7313], [32.5174, 0.7409], [32.5124, 0.7662], [32.5011, 0.8325], [32.4881, 0.8544], [32.4825, 0.8851], [32.4708, 0.9189], [32.4711, 0.9504], [32.4764, 0.9879], [32.4701, 1.0025], [32.4674, 1.0619], [32.4653, 1.1578], [32.4617, 1.187], [32.4659, 1.2225], [32.4614, 1.2478], [32.4215, 1.3012], [32.4205, 1.3301], [32.3959, 1.341], [32.3091, 1.4002], [32.2331, 1.4121], [32.2318, 1.4137], [32.1751, 1.4233], [32.127, 1.4984], [32.0462, 1.5213], [32.0409, 1.5472], [31.975, 1.5699], [31.9564, 1.5708], [31.8978, 1.5897], [31.8311, 1.6287], [31.7746, 1.6602], [31.7563, 1.6718], [31.7476, 1.6705], [31.7247, 1.682]]}}, {"type": "Feature", "properties": {"country": "Uganda", "operator": "National FO Backbone"}, "geometry": {"type": "LineString", "coordinates": [[30.0155, -1.4338], [30.011, -1.4233], [30.0061, -1.4103], [30.0032, -1.3906], [30.003, -1.3855], [30.0194, -1.3514], [30.0151, -1.3388], [30.0038, -1.3395], [30.0058, -1.3292], [29.9967, -1.3204], [30.0014, -1.3142], [29.9944, -1.2804], [29.9936, -1.2597], [30.0024, -1.2548], [30.0302, -1.2619], [30.0269, -1.2502], [30.0344, -1.2459], [30.0513, -1.2502], [30.0532, -1.2375], [30.0612, -1.2285], [30.0753, -1.253], [30.1129, -1.2355], [30.1238, -1.2144], [30.1233, -1.1923], [30.1129, -1.1815], [30.1181, -1.172], [30.1299, -1.172], [30.1307, -1.1589], [30.1265, -1.1458], [30.1289, -1.1401], [30.1397, -1.1462], [30.1453, -1.1401], [30.1796, -1.1227], [30.1834, -1.0851], [30.1829, -1.0527], [30.2017, -0.984], [30.2162, -0.9323], [30.2406, -0.9151], [30.2449, -0.9066], [30.266, -0.8873], [30.2679, -0.8774], [30.273, -0.8518], [30.2749, -0.8405], [30.265, -0.8038], [30.2706, -0.7883], [30.2828, -0.786], [30.2913, -0.7742], [30.3185, -0.7535], [30.3279, -0.7558], [30.3418, -0.7492], [30.3526, -0.7304], [30.3785, -0.7201], [30.3794, -0.7187], [30.3883, -0.6961], [30.4029, -0.6787], [30.4561, -0.6617], [30.4834, -0.6532], [30.5267, -0.6341], [30.5427, -0.6364], [30.578, -0.6415], [30.6255, -0.6321], [30.6466, -0.6175], [30.6594, -0.6146], [30.6598, -0.6054], [30.6657, -0.5946], [30.6747, -0.5876], [30.6797, -0.5842], [30.704, -0.5646], [30.7142, -0.549], [30.717, -0.5331], [30.74, -0.5219], [30.7451, -0.5219], [30.7548, -0.5147], [30.7659, -0.5136], [30.7764, -0.51], [30.8298, -0.5104], [30.8735, -0.5056], [30.9318, -0.4933], [30.9795, -0.4945], [31.0084, -0.4774], [31.0346, -0.4668], [31.1164, -0.4201], [31.1293, -0.4129], [31.1614, -0.403], [31.1986, -0.3834], [31.1992, -0.3838], [31.2079, -0.3857], [31.2539, -0.3768], [31.2615, -0.3694], [31.2774, -0.3747], [31.2883, -0.3804], [31.3098, -0.3833], [31.3316, -0.392], [31.3491, -0.3939], [31.3622, -0.404], [31.3888, -0.4029], [31.4121, -0.3963], [31.4387, -0.3929], [31.4693, -0.3878], [31.4809, -0.3821], [31.497, -0.3815], [31.5221, -0.3739], [31.5401, -0.3668], [31.5511, -0.354], [31.5836, -0.3535], [31.5887, -0.3522], [31.5923, -0.347], [31.5988, -0.3465], [31.6083, -0.3497], [31.6471, -0.3388], [31.6792, -0.3396], [31.697, -0.3375], [31.7054, -0.3406], [31.7189, -0.3364], [31.741, -0.3214], [31.7555, -0.3088], [31.7658, -0.308], [31.7795, -0.3045], [31.7878, -0.2816], [31.8158, -0.269], [31.835, -0.2355], [31.8484, -0.187], [31.877, -0.1466], [31.8773, -0.1458], [31.938, -0.117], [31.9931, -0.0488], [32.0309, -0.0105], [32.0669, 0.0271], [32.0673, 0.0275], [32.0972, 0.0567], [32.111, 0.0693], [32.1673, 0.104], [32.219, 0.1396], [32.2359, 0.1628], [32.2678, 0.1755], [32.3159, 0.2071], [32.3493, 0.2389], [32.3863, 0.246], [32.3875, 0.246], [32.4395, 0.269], [32.458, 0.2844], [32.4655, 0.2718], [32.5179, 0.3061], [32.568, 0.2936], [32.5845, 0.3129]]}}, {"type": "Feature", "properties": {"country": "Uganda", "operator": "National FO Backbone"}, "geometry": {"type": "LineString", "coordinates": [[33.1984, 0.4398], [33.2232, 0.4598], [33.2876, 0.4872], [33.3503, 0.5207], [33.3528, 0.5211], [33.3947, 0.5313], [33.4131, 0.5676], [33.4634, 0.606], [33.4911, 0.6215], [33.5212, 0.6293], [33.5818, 0.6285], [33.6368, 0.6212], [33.6777, 0.6078], [33.7378, 0.5814], [33.7692, 0.5479], [33.8014, 0.5155], [33.8067, 0.511], [33.849, 0.527], [33.9028, 0.538], [33.9656, 0.5229], [33.9753, 0.5106], [34.0169, 0.4833], [34.0637, 0.4748], [34.1127, 0.4602]]}}, {"type": "Feature", "properties": {"country": "Uganda", "operator": "National FO Backbone"}, "geometry": {"type": "LineString", "coordinates": [[32.2471, 2.2571], [32.1442, 2.3244], [32.0381, 2.3915], [32.0373, 2.3913], [31.9788, 2.436], [31.8847, 2.5376], [31.8315, 2.535], [31.7731, 2.5801], [31.7528, 2.5579], [31.7241, 2.5476], [31.6788, 2.5604], [31.6261, 2.5658], [31.6086, 2.527], [31.6077, 2.5261], [31.5819, 2.5029], [31.5625, 2.4807], [31.5496, 2.4594], [31.5108, 2.4537], [31.4086, 2.4525], [31.3364, 2.4634], [31.2597, 2.4438], [31.233, 2.4254], [31.2104, 2.4345], [31.1884, 2.4751], [31.1268, 2.4905], [31.0894, 2.479], [31.0923, 2.5341], [31.1098, 2.5955], [31.1243, 2.6111], [31.1368, 2.6236], [31.1378, 2.6506], [31.1169, 2.6651], [31.0323, 2.7739], [30.9937, 2.8175], [30.9716, 2.8995], [30.9549, 2.9286], [30.9611, 2.9422], [30.9236, 2.9587], [30.9122, 3.0406], [30.9486, 3.0814], [30.9906, 3.1087], [30.9906, 3.1118], [31.0133, 3.1555], [31.0559, 3.1868], [31.083, 3.1869], [31.1247, 3.2077], [31.114, 3.2711], [31.1318, 3.265], [31.1619, 3.2868], [31.1733, 3.3118], [31.1837, 3.3337], [31.2169, 3.3429], [31.2201, 3.3429], [31.2388, 3.3367], [31.2409, 3.3388], [31.273, 3.3783], [31.2823, 3.4095], [31.2478, 3.4634], [31.2769, 3.4936], [31.3165, 3.5176], [31.3528, 3.553], [31.4225, 3.5615], [31.4662, 3.5761], [31.513, 3.5731], [31.5151, 3.5752], [31.5348, 3.6064], [31.5693, 3.5774], [31.6223, 3.6139], [31.6265, 3.6139], [31.6818, 3.6327], [31.7235, 3.6505], [31.7616, 3.6484], [31.7824, 3.6651], [31.8085, 3.6215], [31.8325, 3.5779], [31.8326, 3.5727], [31.8087, 3.5374], [31.8087, 3.5312], [31.8087, 3.5301], [31.8057, 3.4823], [31.7881, 3.4397], [31.7788, 3.4168], [31.7924, 3.3742], [31.855, 3.3566], [31.931, 3.3754], [31.9654, 3.3952], [32.0292, 3.3432], [32.0575, 3.3432], [32.0994, 3.2783], [32.1244, 3.2628]]}}, {"type": "Feature", "properties": {"country": "Uganda", "operator": "National FO Backbone"}, "geometry": {"type": "LineString", "coordinates": [[32.2903, 2.7661], [32.3887, 2.8465], [32.4728, 2.8991], [32.5788, 2.9528], [32.5808, 2.9585], [32.6803, 2.9616], [32.7186, 2.9817], [32.817, 3.0701], [32.9097, 3.1428], [32.9268, 3.2125], [32.8827, 3.3004], [32.9278, 3.2125], [32.9116, 3.1456], [32.9203, 3.0358], [32.9308, 3.0072], [32.95, 2.9155], [32.9645, 2.7999], [32.9626, 2.7683], [32.9866, 2.7597], [33.0248, 2.8009], [33.0927, 2.8085], [33.1972, 2.7732], [33.1988, 2.7732], [33.3916, 2.7532], [33.5174, 2.7213], [33.6601, 2.7162], [33.734, 2.8084], [33.776, 2.8402], [33.8602, 2.9257], [33.9735, 2.9911], [34.0574, 3.0078], [34.106, 3.0011], [34.1362, 2.9609], [34.2152, 2.9625], [34.2152, 2.8737], [34.2692, 2.7881], [34.3014, 2.6486], [34.3015, 2.6099], [34.3757, 2.5465], [34.4595, 2.5096], [34.503, 2.523], [34.5449, 2.4945], [34.5767, 2.4309], [34.5767, 2.4292], [34.5867, 2.3304], [34.6604, 2.2164], [34.6933, 2.1479], [34.7197, 2.096], [34.72, 2.0947], [34.722, 2.0924], [34.7314, 2.0445], [34.729, 2.0079], [34.7214, 1.9844], [34.7359, 1.9644], [34.7362, 1.964], [34.7407, 1.9491], [34.7407, 1.9486], [34.7386, 1.9278], [34.7303, 1.9113], [34.7276, 1.8982], [34.724, 1.8431], [34.7099, 1.829], [34.7084, 1.83], [34.6766, 1.834], [34.6761, 1.8345], [34.6317, 1.8704], [34.6257, 1.8608], [34.5843, 1.8447], [34.6079, 1.7679], [34.6124, 1.7514], [34.5609, 1.6511], [34.5437, 1.5936], [34.5341, 1.5729], [34.4992, 1.5544], [34.4926, 1.5262], [34.3745, 1.4501], [34.3452, 1.4067], [34.3235, 1.3961], [34.2974, 1.3369], [34.2681, 1.2542], [34.2691, 1.2426], [34.2439, 1.231], [34.2163, 1.2078], [34.1966, 1.2048], [34.1936, 1.174], [34.2022, 1.1655], [34.2002, 1.1498], [34.1704, 1.1246]]}}, {"type": "Feature", "properties": {"country": "Uganda", "operator": "National FO Backbone"}, "geometry": {"type": "LineString", "coordinates": [[34.2981, 1.3357], [34.3116, 1.3307], [34.3198, 1.337], [34.3396, 1.3215], [34.341, 1.3215], [34.3608, 1.3357], [34.3723, 1.335], [34.3835, 1.3347], [34.3825, 1.3492], [34.3921, 1.3657], [34.4145, 1.3838], [34.4172, 1.3838], [34.4403, 1.394], [34.4403, 1.4039], [34.4501, 1.3969], [34.4834, 1.4068], [34.5039, 1.4035], [34.5082, 1.4127], [34.5092, 1.4127], [34.5254, 1.4184], [34.5261, 1.4184], [34.527, 1.4184], [34.5469, 1.4154], [34.5556, 1.4203], [34.5589, 1.4125], [34.5649, 1.4191]]}}, {"type": "Feature", "properties": {"country": "Zambia", "operator": "ZESCO"}, "geometry": {"type": "LineString", "coordinates": [[23.1342, -15.2746], [23.1386, -15.2827], [23.1454, -15.2904], [23.1886, -15.362], [23.2, -15.375], [23.2019, -15.3801], [23.2024, -15.3893], [23.2186, -15.4243], [23.232, -15.4543], [23.2387, -15.4751], [23.2533, -15.502], [23.2625, -15.5323], [23.2709, -15.5536], [23.3145, -15.5993], [23.3162, -15.6036], [23.3106, -15.6436], [23.3089, -15.6524], [23.3003, -15.674], [23.3005, -15.6783], [23.3067, -15.7083], [23.307, -15.7283], [23.3247, -15.765], [23.3346, -15.7986], [23.3196, -15.8213], [23.3149, -15.8437], [23.3192, -15.8688], [23.34, -15.8931], [23.3362, -15.9203], [23.3423, -15.9472], [23.3475, -15.9585], [23.337, -15.9838], [23.339, -16.0076], [23.328, -16.0373], [23.3162, -16.0544], [23.3133, -16.0717], [23.3064, -16.0858], [23.2992, -16.0953], [23.2982, -16.1048], [23.2887, -16.1138], [23.2885, -16.1272], [23.2857, -16.1445], [23.2806, -16.1613], [23.2849, -16.1756], [23.2835, -16.1894], [23.2757, -16.2053], [23.2765, -16.2174], [23.2651, -16.2302], [23.252, -16.2366], [23.2371, -16.2455], [23.2348, -16.2533], [23.2562, -16.2834], [23.2637, -16.3095], [23.2757, -16.3223], [23.2817, -16.3372], [23.276, -16.3483], [23.2809, -16.3627], [23.3024, -16.3729], [23.3204, -16.3948], [23.3292, -16.4023], [23.3335, -16.4135], [23.4382, -16.5129], [23.4569, -16.5537], [23.5139, -16.6172], [23.5349, -16.6248], [23.548, -16.6434], [23.5596, -16.6509], [23.5788, -16.676], [23.592, -16.6787], [23.6052, -16.692], [23.6319, -16.6982], [23.6412, -16.7142], [23.6666, -16.7287], [23.7299, -16.7864], [23.7409, -16.7912], [23.7547, -16.8009], [23.7618, -16.8184], [23.7971, -16.8377], [23.823, -16.8675], [23.8388, -16.9026], [23.8665, -16.9204], [23.9128, -16.9737], [23.9389, -16.9776], [23.9488, -16.9861], [23.9554, -17.0127], [23.9675, -17.0266], [23.9813, -17.0356], [23.9824, -17.0377], [24.0, -17.0707], [24.0, -17.0723], [24.0115, -17.0941], [24.0247, -17.1042], [24.0385, -17.1266], [24.0533, -17.151], [24.0855, -17.2087], [24.1026, -17.2284], [24.1326, -17.2731], [24.1361, -17.3364], [24.1706, -17.3995], [24.2253, -17.4556], [24.2412, -17.4737], [24.2745, -17.5037], [24.2435, -17.4728], [24.2576, -17.466], [24.2771, -17.4703], [24.2915, -17.4805], [24.3065, -17.4795], [24.3444, -17.4674], [24.3934, -17.4511], [24.4622, -17.4328], [24.5056, -17.4238], [24.5312, -17.4244], [24.5847, -17.4086], [24.6519, -17.4114], [24.7042, -17.4194], [24.7298, -17.4391], [24.835, -17.4955], [24.9612, -17.4552], [24.9974, -17.4536], [25.0519, -17.4695], [25.1193, -17.4774], [25.1865, -17.5363], [25.2132, -17.5511], [25.2144, -17.575], [25.24, -17.6148], [25.239, -17.6418], [25.2466, -17.6723], [25.2596, -17.7154], [25.272, -17.761], [25.2931, -17.7753], [25.3155, -17.78], [25.3286, -17.7812], [25.3655, -17.7756], [25.3839, -17.776], [25.4082, -17.769], [25.4709, -17.7712], [25.5025, -17.7776], [25.5956, -17.776], [25.6653, -17.7988], [25.7013, -17.802], [25.7149, -17.8079], [25.7316, -17.8227], [25.753, -17.8272], [25.774, -17.8355], [25.8076, -17.8534], [25.8273, -17.8533], [25.8474, -17.8544], [25.8499, -17.8533], [25.8552, -17.8535], [25.8545, -17.8487], [25.8633, -17.8389], [25.8637, -17.8336], [25.8629, -17.8331], [25.8549, -17.82], [25.8533, -17.797], [25.8514, -17.7665], [25.8504, -17.7501], [25.86, -17.7153], [25.8665, -17.6957], [25.8936, -17.657], [25.9226, -17.6387], [25.948, -17.6271], [25.9623, -17.621], [25.9871, -17.5818], [25.9885, -17.5466], [25.9927, -17.5298], [26.0282, -17.4838], [26.0398, -17.4794], [26.057, -17.4802], [26.0794, -17.4677], [26.1066, -17.4154], [26.1308, -17.3948], [26.1473, -17.3901], [26.164, -17.3615], [26.1836, -17.3413], [26.1942, -17.3211], [26.1993, -17.3183], [26.2263, -17.3177], [26.2373, -17.3096], [26.2442, -17.2787], [26.2616, -17.2615], [26.2733, -17.2306], [26.271, -17.2008], [26.2882, -17.1642], [26.3388, -17.1451], [26.3752, -17.1188], [26.3974, -17.0889], [26.4375, -17.0499], [26.4668, -17.0304], [26.4876, -17.0302], [26.566, -17.0464], [26.7513, -16.9882], [26.9201, -16.8562], [26.9904, -16.7964], [27.1135, -16.7716], [27.2153, -16.7793], [27.3072, -16.7311], [27.3392, -16.5801], [27.3661, -16.5178], [27.4791, -16.4457], [27.6121, -16.4884], [27.7211, -16.5403], [27.7651, -16.5695], [27.7696, -16.6465], [27.9537, -16.5789], [28.1292, -16.4967], [28.3043, -16.3816], [28.5378, -16.2384], [28.6901, -16.108], [28.6762, -16.0279], [28.5661, -16.0361], [28.5566, -16.0363], [28.4272, -15.9854], [28.2488, -15.8515], [28.0507, -16.0239], [27.9642, -16.0297], [27.7628, -15.8693], [27.9627, -16.0222], [28.0533, -16.0157], [28.2438, -15.8469], [28.1891, -15.7817], [28.1856, -15.7484], [28.2121, -15.7142], [28.2713, -15.5824], [28.2619, -15.5102], [28.2645, -15.4718], [28.274, -15.4082], [28.2903, -15.4073], [28.3182, -15.392], [28.3756, -15.3779], [28.4286, -15.3629], [28.4745, -15.3557], [28.5194, -15.3432], [28.5483, -15.3526], [28.6329, -15.3387], [28.6594, -15.3436], [28.6679, -15.339], [28.6933, -15.3791], [28.7636, -15.3834], [28.779, -15.4342], [28.7764, -15.468], [28.7774, -15.4823], [28.8184, -15.508], [28.8273, -15.5364], [28.8059, -15.5689], [28.8007, -15.5885], [28.7867, -15.5924], [28.7656, -15.5882], [28.7463, -15.6049], [28.7362, -15.6058], [28.7155, -15.6278], [28.7225, -15.6608], [28.7801, -15.7754], [28.8025, -15.8081], [28.8402, -15.8166], [28.9072, -15.8353], [28.9337, -15.8251], [29.0, -15.8438], [29.044, -15.8908], [29.0309, -15.9098], [28.98, -15.9196], [28.9668, -15.9296], [28.9339, -15.9369], [28.9186, -15.93], [28.9135, -15.9379], [28.8953, -15.9242], [28.8774, -15.9246], [28.8716, -15.9316], [28.8751, -15.948], [28.8622, -15.9703], [28.8679, -15.9869], [28.8527, -16.0203], [28.8495, -16.0328], [28.8507, -16.0364]]}}, {"type": "Feature", "properties": {"country": "Zambia", "operator": "ZESCO"}, "geometry": {"type": "LineString", "coordinates": [[26.2375, -12.3959], [26.2399, -12.4053], [26.2394, -12.4069], [26.2311, -12.414], [26.2187, -12.4255], [26.2112, -12.4333], [26.2034, -12.4563], [26.1973, -12.4816], [26.1709, -12.5119], [26.1571, -12.5453], [26.1485, -12.5517], [26.1412, -12.5609], [26.1302, -12.5806], [26.1208, -12.6204], [26.116, -12.629], [26.0644, -12.657], [26.0415, -12.6778], [26.0392, -12.6971], [26.021, -12.7169], [26.0188, -12.7249], [26.0258, -12.7541], [26.0156, -12.7697], [26.0093, -12.7802], [26.0353, -12.8329], [26.0377, -12.8645], [26.0591, -12.9086], [26.0575, -12.9203], [26.0521, -12.9487], [26.0253, -12.9712], [26.0142, -13.0013], [26.0025, -13.0128], [25.9869, -13.0549], [25.984, -13.0697], [25.984, -13.0768], [25.9761, -13.0859], [25.9205, -13.0938], [25.8787, -13.1049], [25.8688, -13.1049], [25.8709, -13.1256], [25.8775, -13.1346], [25.8776, -13.1533], [25.885, -13.1927], [25.8314, -13.2858], [25.8301, -13.3123], [25.8169, -13.3208], [25.7924, -13.3473], [25.8171, -13.4437], [25.8311, -13.4585], [25.8017, -13.4699], [25.7027, -13.5024], [25.6695, -13.5187], [25.6596, -13.5426], [25.5706, -13.6041], [25.5692, -13.6267], [25.5606, -13.6442], [25.5587, -13.6714], [25.544, -13.6953], [25.5421, -13.7083], [25.5488, -13.751], [25.5305, -13.7669], [25.4898, -13.7847], [25.4614, -13.8203], [25.374, -13.9607], [25.3047, -13.9548], [25.276, -13.9671], [25.257, -13.9776], [25.2435, -13.982], [25.2182, -14.0223], [25.2074, -14.0346], [25.2074, -14.053], [25.192, -14.0732], [25.1577, -14.0819], [25.1292, -14.0993], [25.1084, -14.1186], [25.0857, -14.137], [25.0433, -14.1379], [25.0288, -14.1537], [24.9998, -14.1825], [24.9754, -14.2009], [24.9754, -14.2115], [24.9654, -14.2395], [24.9627, -14.2605], [24.9174, -14.3481], [24.9227, -14.3804], [24.9444, -14.3979], [24.9444, -14.4146], [24.9651, -14.4654], [24.9443, -14.4881], [24.9081, -14.5196], [24.9081, -14.5388], [24.899, -14.5677], [24.8872, -14.573], [24.8238, -14.6333], [24.8056, -14.6517], [24.8038, -14.6666], [24.7865, -14.7016], [24.7855, -14.734], [24.7954, -14.7718], [24.7962, -14.7937], [24.8042, -14.8261], [24.7819, -14.8279], [24.7302, -14.8481], [24.6785, -14.8547], [24.6082, -14.873], [24.5412, -14.9067], [24.4698, -14.9225], [24.3448, -14.9541], [24.3365, -14.9596], [24.3014, -14.9749], [24.21, -15.0091], [24.1507, -15.0242], [24.1271, -15.0228], [24.092, -15.0295], [23.9968, -15.056], [23.9086, -15.0789], [23.857, -15.073], [23.7616, -15.0946], [23.6984, -15.1224], [23.6947, -15.1224], [23.6728, -15.1276], [23.6215, -15.1493], [23.5321, -15.1575], [23.512, -15.1626], [23.4928, -15.1765], [23.4116, -15.197], [23.3293, -15.2429], [23.2637, -15.2459], [23.2036, -15.2533], [23.1341, -15.2746], [23.0609, -15.2563], [23.0218, -15.23], [22.9901, -15.2051], [22.9883, -15.2051], [22.9849, -15.2042], [22.9522, -15.1943], [22.9037, -15.1963], [22.9003, -15.1954], [22.896, -15.1929], [22.8921, -15.1895], [22.8714, -15.183], [22.8395, -15.1806], [22.8156, -15.1866], [22.7759, -15.1774], [22.7435, -15.1708], [22.7339, -15.1686], [22.7262, -15.1752]]}}, {"type": "Feature", "properties": {"country": "Zambia", "operator": "ZESCO"}, "geometry": {"type": "LineString", "coordinates": [[31.6317, -7.9901], [31.6316, -8.0082], [31.6023, -8.0237], [31.5725, -8.0478], [31.5527, -8.055], [31.5391, -8.0722], [31.5394, -8.1029], [31.5241, -8.1232], [31.5181, -8.1481], [31.5219, -8.2016], [31.5247, -8.2678], [31.5201, -8.3137], [31.5238, -8.3408], [31.5128, -8.3723], [31.5159, -8.4121], [31.5025, -8.4602], [31.4902, -8.4742], [31.4918, -8.4897], [31.5, -8.4973], [31.5006, -8.5226], [31.4885, -8.5375], [31.4901, -8.5715], [31.5023, -8.5848], [31.5034, -8.6276], [31.4956, -8.6727], [31.4927, -8.6877], [31.4655, -8.7031], [31.4356, -8.7254], [31.4254, -8.7492], [31.4042, -8.7682], [31.3971, -8.7946], [31.385, -8.8232], [31.3719, -8.847], [31.3624, -8.8599], [31.3497, -8.8632], [31.3664, -8.9689], [31.3973, -9.0897], [31.3554, -9.1889], [31.3091, -9.2452], [31.266, -9.3197], [31.2258, -9.3995], [31.2024, -9.5179], [31.1843, -9.6363], [31.1586, -9.768], [31.2498, -9.8967], [31.2498, -9.9963], [31.268, -10.0759], [31.2433, -10.1448], [31.1813, -10.2145], [31.2158, -10.2637], [31.2151, -10.3514], [31.2058, -10.4705], [31.1782, -10.6182], [31.1648, -10.7028], [31.1347, -10.7597], [31.1149, -10.8413], [31.0699, -10.9328], [31.1051, -11.0595], [31.1156, -11.0966], [31.2826, -11.1794], [31.2597, -11.267], [31.2399, -11.3544], [31.2518, -11.441], [31.308, -11.5264], [31.2885, -11.5739], [31.3275, -11.6412], [31.33, -11.7321], [31.3794, -11.8371], [31.4166, -11.8376], [31.4431, -11.8443], [31.4264, -11.8765], [31.4129, -11.9047], [31.4209, -11.9603], [31.3404, -12.026], [31.2721, -12.0875], [31.2407, -12.1521], [31.1842, -12.2064], [31.1686, -12.2138], [31.1416, -12.2697], [31.1271, -12.2902], [31.1048, -12.3465], [31.0791, -12.4207], [31.075, -12.4479], [31.0679, -12.4783], [31.0446, -12.4967], [31.038, -12.544], [31.0042, -12.6154], [31.0152, -12.6398], [31.0087, -12.6965], [30.9792, -12.7187], [30.9576, -12.7288], [30.9163, -12.7832], [30.8986, -12.8236], [30.8881, -12.8282], [30.8733, -12.826], [30.7929, -12.8533], [30.7747, -12.8566], [30.7694, -12.8589], [30.7511, -12.8783], [30.7459, -12.9089], [30.7291, -12.919], [30.7107, -12.935], [30.6974, -12.9462], [30.6536, -12.9622], [30.6509, -12.9731], [30.6613, -12.9867], [30.6611, -13.0039], [30.6488, -13.0295], [30.6515, -13.0432], [30.6398, -13.0693], [30.6144, -13.0739], [30.5823, -13.0839], [30.5721, -13.0813], [30.5559, -13.0702], [30.5063, -13.0633], [30.4722, -13.0187], [30.4621, -13.0183], [30.4511, -13.0232], [30.4179, -13.0653], [30.3843, -13.1143], [30.3691, -13.121], [30.3548, -13.1408], [30.3512, -13.161], [30.3339, -13.1781], [30.3274, -13.2029], [30.3144, -13.2273], [30.2936, -13.2445], [30.2903, -13.2555], [30.2763, -13.2627], [30.2494, -13.2698], [30.2134, -13.2642], [30.1904, -13.267], [30.1708, -13.264], [30.1572, -13.2684], [30.1006, -13.2713], [30.0829, -13.2746], [30.062, -13.2929], [30.0402, -13.2979], [30.004, -13.3177], [29.9937, -13.3288], [29.9683, -13.3328], [29.9577, -13.3336], [29.9456, -13.3448], [29.9081, -13.3642], [29.8481, -13.4293], [29.8146, -13.4633], [29.808, -13.4864], [29.7901, -13.508], [29.6892, -13.5545], [29.6642, -13.5515], [29.6147, -13.5658], [29.5659, -13.6062], [29.5055, -13.6027], [29.4949, -13.6052], [29.4368, -13.634], [29.415, -13.643], [29.3825, -13.6448], [29.3593, -13.6423], [29.3412, -13.6502], [29.3204, -13.654], [29.3004, -13.663], [29.291, -13.666], [29.2864, -13.6748], [29.2876, -13.6788], [29.2146, -13.683], [29.1565, -13.7192], [29.0795, -13.7532], [29.019, -13.7731], [28.9512, -13.8157], [28.907, -13.8768], [28.8838, -13.8835], [28.8415, -13.9068], [28.7805, -13.9043], [28.7549, -13.9076], [28.7324, -13.9182], [28.6848, -13.919], [28.6646, -13.9288], [28.6642, -13.9494], [28.6852, -13.9827], [28.6847, -14.0003], [28.6626, -14.0388], [28.6403, -14.0678], [28.6167, -14.1079], [28.6095, -14.1418], [28.5921, -14.1881], [28.5665, -14.2383], [28.5548, -14.2657], [28.5456, -14.3047], [28.5451, -14.3201], [28.5058, -14.3727], [28.4769, -14.4091], [28.4611, -14.416], [28.4604, -14.4358], [28.4411, -14.4429], [28.4276, -14.4435], [28.4159, -14.4778], [28.3162, -14.5402], [28.2314, -14.5975], [28.1292, -14.6721], [28.055, -14.7706], [28.0541, -14.8828], [28.111, -14.9795], [28.1974, -15.0198], [28.2456, -15.2068], [28.2739, -15.4086]]}}, {"type": "Feature", "properties": {"country": "Zambia", "operator": "ZESCO"}, "geometry": {"type": "LineString", "coordinates": [[30.6443, -13.0588], [30.6646, -13.0594], [30.6846, -13.0651], [30.7073, -13.077], [30.7201, -13.0781], [30.7259, -13.0756], [30.7411, -13.0751], [30.7694, -13.1037], [30.7796, -13.1059], [30.7865, -13.1131], [30.7983, -13.1241], [30.8157, -13.1377], [30.8276, -13.1471], [30.8385, -13.155], [30.8491, -13.1563], [30.8636, -13.1621], [30.8785, -13.1662], [30.8923, -13.1718], [30.8957, -13.1729], [30.8961, -13.1729], [30.9127, -13.173], [30.9402, -13.1788], [30.966, -13.1928], [30.9806, -13.1921], [30.9864, -13.1934], [30.996, -13.199], [31.0066, -13.1993], [31.0132, -13.202], [31.0252, -13.2017], [31.0315, -13.2031], [31.0403, -13.1979], [31.0611, -13.198], [31.0761, -13.2031], [31.0839, -13.212], [31.0854, -13.2279], [31.0835, -13.2386], [31.0799, -13.2465], [31.0707, -13.252], [31.0707, -13.2545], [31.0744, -13.2703], [31.0746, -13.2749], [31.0731, -13.2794], [31.0669, -13.2835], [31.0654, -13.2899], [31.0613, -13.2944], [31.0567, -13.3001], [31.0535, -13.3084], [31.0496, -13.3155], [31.0398, -13.32], [31.032, -13.3244], [31.029, -13.3223], [31.0258, -13.328], [31.0156, -13.3326], [31.0196, -13.3471], [31.1093, -13.325], [31.1393, -13.3584], [31.1457, -13.4924], [31.2252, -13.5352], [31.2453, -13.5563], [31.4543, -13.5664], [31.5313, -13.569], [31.6014, -13.5442], [31.6662, -13.5733], [31.6758, -13.5754], [31.684, -13.5919], [31.7255, -13.606], [31.7351, -13.6084], [31.7717, -13.6129], [31.8402, -13.6007], [31.8607, -13.6125], [31.8678, -13.6164], [31.8762, -13.6171], [31.887, -13.6182], [31.8946, -13.6176], [31.8995, -13.6185], [31.9, -13.6172], [31.9033, -13.6133], [31.9055, -13.6155], [31.9074, -13.6164], [31.9078, -13.6167], [31.9081, -13.6166], [31.9141, -13.6195], [31.9188, -13.6217], [31.9217, -13.6229], [31.9231, -13.6229], [31.9245, -13.6225], [31.9277, -13.621], [31.9292, -13.6195], [31.9304, -13.6192], [31.9329, -13.6195], [31.9347, -13.6193], [31.9364, -13.6193], [31.9383, -13.6197], [31.9398, -13.6201], [31.9412, -13.6201], [31.9433, -13.6205], [31.9457, -13.6208], [31.9467, -13.6206], [31.9485, -13.6203], [31.9496, -13.6202], [31.9501, -13.6205], [31.9505, -13.621], [31.9509, -13.6212], [31.9523, -13.6211], [31.954, -13.6209], [31.956, -13.6206], [31.9574, -13.6204], [31.9593, -13.6203], [31.9606, -13.6201], [31.9617, -13.6195], [31.9628, -13.6185], [31.9644, -13.6167], [31.965, -13.6162], [31.9671, -13.6152], [31.9691, -13.6145], [31.9716, -13.6139], [31.9734, -13.6138], [31.9784, -13.614], [31.9808, -13.6136], [31.9828, -13.6127], [31.9842, -13.6119], [31.9842, -13.6119], [31.9869, -13.6104], [31.989, -13.6091], [31.9905, -13.6073], [31.9921, -13.6085], [31.9945, -13.6073], [31.9966, -13.608], [31.9998, -13.6061], [32.0038, -13.6038], [32.006, -13.6046], [32.0109, -13.6033], [32.0163, -13.6023], [32.0193, -13.6016], [32.0235, -13.6042], [32.0302, -13.6055], [32.0351, -13.6092], [32.0438, -13.6127], [32.0503, -13.6152], [32.0603, -13.6179], [32.0682, -13.6185], [32.0826, -13.6149], [32.0894, -13.6152], [32.1025, -13.6153], [32.1165, -13.6166], [32.1331, -13.6196], [32.1495, -13.6192], [32.2159, -13.6265], [32.2392, -13.6307], [32.254, -13.6314], [32.2666, -13.6286], [32.2787, -13.6286], [32.2882, -13.6261], [32.3057, -13.6258], [32.3266, -13.6322], [32.335, -13.6344], [32.3399, -13.6378], [32.3631, -13.6406], [32.3795, -13.6396], [32.3947, -13.6398], [32.4098, -13.643], [32.4241, -13.6482], [32.4354, -13.6544], [32.441, -13.6527], [32.4444, -13.6457], [32.4533, -13.6442], [32.4655, -13.6403], [32.5038, -13.6334], [32.5127, -13.635], [32.5416, -13.6341], [32.5534, -13.6329], [32.5712, -13.6347], [32.5866, -13.6335], [32.6007, -13.6308], [32.6079, -13.6264], [32.6226, -13.6296], [32.6318, -13.6326], [32.6454, -13.6324]]}}, {"type": "Feature", "properties": {"country": "Zambia", "operator": "ZESCO"}, "geometry": {"type": "LineString", "coordinates": [[31.1809, -10.2143], [31.163, -10.211], [31.1401, -10.2186], [31.1108, -10.2202], [31.082, -10.2175], [31.0696, -10.1972], [31.0637, -10.186], [31.031, -10.1585], [31.0219, -10.1585], [31.0015, -10.1662], [30.9945, -10.1722], [30.9642, -10.182], [30.9551, -10.1798], [30.9364, -10.1921], [30.9229, -10.2194], [30.8741, -10.2622], [30.8618, -10.2768], [30.8512, -10.2848], [30.8386, -10.3037], [30.8296, -10.3078], [30.8051, -10.3092], [30.7813, -10.3183], [30.7646, -10.3221], [30.7384, -10.312], [30.7034, -10.2856], [30.6405, -10.2484], [30.6197, -10.2369], [30.5642, -10.2402], [30.5224, -10.2451], [30.4257, -10.2394], [30.3888, -10.2337], [30.376, -10.2337], [30.3656, -10.2207], [30.3543, -10.206], [30.3301, -10.1887], [30.3221, -10.1878], [30.3048, -10.1942], [30.2707, -10.1959], [30.25, -10.2033], [30.2359, -10.2113], [30.2311, -10.2151], [30.1775, -10.2213], [30.1691, -10.2208], [30.1264, -10.1954], [30.0817, -10.1886], [30.0253, -10.2114], [30.0176, -10.2111], [30.0045, -10.2049], [29.9853, -10.2119], [29.9649, -10.2256], [29.9461, -10.2401], [29.9242, -10.2421], [29.9074, -10.2417], [29.8886, -10.2265], [29.8695, -10.2155], [29.8421, -10.2228], [29.8323, -10.2322], [29.8027, -10.2259], [29.767, -10.217], [29.7421, -10.2252], [29.7287, -10.2553], [29.6945, -10.2977], [29.6218, -10.3394], [29.5944, -10.3414], [29.5524, -10.3755], [29.4974, -10.3754], [29.4809, -10.3571], [29.4571, -10.3415], [29.4055, -10.3429], [29.2683, -10.4312], [29.2462, -10.4506], [29.2413, -10.4712], [29.1726, -10.5326], [29.1545, -10.5411], [29.1464, -10.5831], [29.1303, -10.642], [29.1287, -10.6606], [29.1262, -10.6812], [29.1192, -10.6929], [29.1082, -10.7018], [29.0991, -10.7237], [29.0847, -10.7484], [29.0724, -10.7671], [29.0412, -10.8262], [29.0121, -10.8581], [29.0047, -10.8803], [28.9937, -10.8948], [28.9739, -10.9175], [28.953, -10.9349], [28.946, -10.9466], [28.944, -10.9784], [28.9317, -11.0156], [28.9247, -11.0378], [28.9145, -11.0543], [28.9091, -11.083], [28.8924, -11.107], [28.8871, -11.1199], [28.8855, -11.1502], [28.8855, -11.1769], [28.8873, -11.1889], [28.8908, -11.2021], [28.895, -11.2142], [28.8621, -11.3018], [28.8071, -11.4423], [28.7532, -11.5446], [28.735, -11.5896], [28.7295, -11.6737], [28.7469, -11.7797], [28.7432, -11.8271], [28.7451, -11.8496], [28.7337, -11.8727], [28.7467, -11.9673], [28.7301, -11.9823], [28.7297, -11.9919], [28.7239, -11.9972], [28.7156, -12.0009], [28.691, -12.0204], [28.6727, -12.03], [28.6583, -12.066], [28.6348, -12.0835], [28.5907, -12.1158], [28.5819, -12.1158], [28.5151, -12.1682], [28.4579, -12.2274], [28.4496, -12.2462], [28.4346, -12.3576], [28.4142, -12.3846], [28.3429, -12.4324], [28.342, -12.4328], [28.3401, -12.4367], [28.3318, -12.4504], [28.3262, -12.4606], [28.319, -12.4718], [28.3169, -12.4759], [28.2789, -12.5168], [28.2743, -12.5205], [28.2594, -12.5302], [28.2564, -12.5334], [28.2551, -12.5369], [28.2526, -12.5398], [28.2518, -12.5401], [28.2517, -12.5525], [28.2575, -12.5611], [28.2535, -12.5631], [28.2473, -12.5655], [28.2295, -12.566], [28.2293, -12.566], [28.219, -12.5686], [28.2155, -12.571], [28.21, -12.5846], [28.2063, -12.5957], [28.2035, -12.6006], [28.2, -12.6047], [28.194, -12.6073], [28.191, -12.6093], [28.1831, -12.6187], [28.1762, -12.6274], [28.1715, -12.6334], [28.1665, -12.6397], [28.165, -12.6423], [28.1636, -12.6476], [28.1629, -12.6497], [28.1605, -12.6526], [28.1558, -12.6611], [28.1509, -12.6689], [28.1469, -12.6774], [28.1452, -12.6808], [28.143, -12.6834], [28.1385, -12.6877], [28.1331, -12.6941], [28.1303, -12.6965], [28.1259, -12.6999], [28.1237, -12.7022], [28.1223, -12.7045], [28.12, -12.709], [28.1173, -12.714], [28.1363, -12.7216], [28.1663, -12.76], [28.1877, -12.7725], [28.2078, -12.8029], [28.2102, -12.8222], [28.2145, -12.8297], [28.2145, -12.8306], [28.2157, -12.8443], [28.2407, -12.8667], [28.2536, -12.8782], [28.3038, -12.8881], [28.3257, -12.8955], [28.3832, -12.9501], [28.4348, -13.0146], [28.4602, -13.042], [28.4645, -13.047], [28.4712, -13.0518], [28.4782, -13.0586], [28.5006, -13.0937], [28.5611, -13.1503], [28.6027, -13.2071], [28.6593, -13.2415], [28.6773, -13.2448], [28.6771, -13.2564], [28.6881, -13.3077], [28.6752, -13.3879], [28.6761, -13.4474], [28.6762, -13.4656], [28.65, -13.5219], [28.6373, -13.5636], [28.6238, -13.5988], [28.6205, -13.6074], [28.6287, -13.647], [28.6279, -13.6955], [28.6353, -13.7216], [28.6493, -13.8057], [28.6492, -13.8916], [28.6614, -13.8936], [28.6654, -13.8978], [28.6648, -13.9287]]}}, {"type": "Feature", "properties": {"country": "Zambia", "operator": "ZESCO"}, "geometry": {"type": "LineString", "coordinates": [[28.1173, -12.714], [28.1155, -12.7125], [28.0983, -12.6916], [28.0591, -12.6471], [28.046, -12.6408], [28.0187, -12.6358], [28.0126, -12.6313], [28.0047, -12.6209], [27.9919, -12.6201], [27.9809, -12.6162], [27.9736, -12.6066], [27.9281, -12.5815], [27.9047, -12.5686], [27.8822, -12.5625], [27.8674, -12.5527], [27.8438, -12.5413], [27.8351, -12.5289], [27.8317, -12.5256], [27.826, -12.5302], [27.8232, -12.5369], [27.8107, -12.5404], [27.7978, -12.5401], [27.7901, -12.5356], [27.7792, -12.5319], [27.7277, -12.555], [27.7057, -12.5528], [27.6518, -12.5522], [27.6137, -12.5421], [27.5824, -12.519], [27.5586, -12.516], [27.5219, -12.4867], [27.4367, -12.4558], [27.3848, -12.4072], [27.3513, -12.3881], [27.3279, -12.385], [27.3059, -12.3726], [27.2891, -12.3625], [27.2382, -12.3529], [27.1806, -12.3472], [27.122, -12.347], [27.0265, -12.3262], [27.0242, -12.3258], [26.9877, -12.3022], [26.9483, -12.3143], [26.9268, -12.2987], [26.9158, -12.2992], [26.8998, -12.2921], [26.7827, -12.2575], [26.7544, -12.2343], [26.7028, -12.2353], [26.6608, -12.2172], [26.612, -12.2052], [26.5161, -12.2013], [26.4992, -12.204], [26.4307, -12.1888], [26.4133, -12.1901], [26.4001, -12.1808], [26.3888, -12.1755], [26.361, -12.1769], [26.3374, -12.1868], [26.3234, -12.2009], [26.3072, -12.2374], [26.3067, -12.2576], [26.2937, -12.2898], [26.2716, -12.3076], [26.2597, -12.3628], [26.2471, -12.3875], [26.2409, -12.3881], [26.2369, -12.3925], [26.2377, -12.396], [26.2237, -12.3939], [26.2092, -12.392], [26.2086, -12.3918], [26.1882, -12.3796], [26.1491, -12.4006], [26.1293, -12.4087], [26.0697, -12.4155], [26.0207, -12.3799], [25.9708, -12.3625], [25.9362, -12.361], [25.8781, -12.3227], [25.8448, -12.3113], [25.8292, -12.299], [25.8102, -12.2904], [25.796, -12.2912], [25.7755, -12.2833], [25.7647, -12.2837], [25.7417, -12.29], [25.7189, -12.2916], [25.7118, -12.2977], [25.7048, -12.2981], [25.6793, -12.2759], [25.6504, -12.2721], [25.6284, -12.2714], [25.6116, -12.2579], [25.6048, -12.2572], [25.5792, -12.2474], [25.5752, -12.2443], [25.5683, -12.2406], [25.5655, -12.2209], [25.5522, -12.1961], [25.539, -12.1677], [25.5414, -12.147], [25.534, -12.1344], [25.5086, -12.1173], [25.5038, -12.1128], [25.4958, -12.1069], [25.4823, -12.0837], [25.4755, -12.0683], [25.4653, -12.0516], [25.4526, -12.0305], [25.443, -12.0165], [25.4374, -11.9948], [25.4238, -11.9776], [25.4167, -11.9594], [25.4096, -11.9478], [25.3973, -11.9527], [25.3711, -11.9375], [25.3437, -11.9387], [25.3246, -11.9321], [25.3156, -11.9197], [25.2751, -11.8984], [25.2677, -11.8929], [25.2524, -11.8871], [25.2477, -11.8896], [25.2221, -11.8785], [25.2024, -11.8715], [25.1947, -11.8634], [25.1659, -11.8531], [25.1591, -11.8492], [25.1369, -11.825], [25.0947, -11.8205], [25.0691, -11.791], [25.027, -11.7855], [24.9996, -11.764], [24.9749, -11.7344], [24.9475, -11.7344], [24.8998, -11.7406], [24.854, -11.7288], [24.8274, -11.7162], [24.7905, -11.73], [24.7629, -11.7559], [24.7483, -11.7604], [24.7089, -11.7514], [24.6714, -11.745], [24.6375, -11.7413], [24.6119, -11.7457], [24.5862, -11.7366], [24.5698, -11.724], [24.5285, -11.7175], [24.4917, -11.7272], [24.4614, -11.745], [24.4356, -11.753], [24.3863, -11.7521], [24.3581, -11.7503], [24.3411, -11.745], [24.297, -11.7505], [24.2746, -11.7424], [24.2555, -11.7365], [24.2504, -11.7315], [24.2178, -11.7232], [24.191, -11.7076], [24.1792, -11.7039], [24.1614, -11.6965], [24.1466, -11.6858], [24.1263, -11.678], [24.1035, -11.6764], [24.0899, -11.6698], [24.0706, -11.657], [24.0579, -11.6528], [24.0535, -11.6576], [24.0521, -11.6622], [24.0479, -11.6661], [24.0462, -11.6688], [24.045, -11.6729], [24.0371, -11.6789], [24.0338, -11.6779], [24.0305, -11.6779], [24.0273, -11.6789], [24.0208, -11.6794], [24.0142, -11.6796], [24.0125, -11.6798], [24.0102, -11.6801], [24.0102, -11.6801], [24.0055, -11.6797], [24.0054, -11.6797], [23.9998, -11.6793], [23.9965, -11.6796], [23.9915, -11.6793], [23.9764, -11.6791]]}}, {"type": "Feature", "properties": {"country": "Zimbabwe", "operator": "LiquidZimbabwe4"}, "geometry": {"type": "LineString", "coordinates": [[32.659, -18.9785], [32.5742, -18.9271], [32.4445, -18.935], [32.2652, -18.8605], [32.1679, -18.708], [32.1303, -18.5225], [32.1205, -18.3204], [32.0376, -18.2656], [31.9075, -18.1558], [31.7592, -18.178], [31.5013, -18.1735], [31.3501, -18.0852], [31.2815, -17.9155], [31.052, -17.8338], [30.9614, -18.0166], [30.8597, -18.2118], [30.8965, -18.4625], [30.8924, -18.7002], [30.9039, -19.0242], [30.7259, -19.1002], [30.6291, -19.1705], [30.5223, -19.2993], [30.623, -19.4491], [30.7238, -19.5349], [30.7712, -19.6453], [30.7239, -19.8159], [30.7725, -19.9658], [30.835, -20.0714], [30.7995, -20.1292], [30.7227, -20.1906], [30.6903, -20.309], [30.6902, -20.4116], [30.6901, -20.5853], [30.8178, -20.7616], [30.7737, -20.8359], [30.7574, -20.9949], [30.7453, -21.1015], [30.733, -21.3132], [30.717, -21.3893], [30.6041, -21.5642], [30.4704, -21.7605], [30.3034, -21.9011], [30.1629, -22.0294], [30.0555, -22.1458], [29.9886, -22.1762]]}}, {"type": "Feature", "properties": {"country": "Zimbabwe", "operator": "LiquidZimbabwe4"}, "geometry": {"type": "LineString", "coordinates": [[31.0579, -17.8287], [30.8752, -17.8193], [30.7102, -17.8905], [30.5784, -17.9979], [30.4116, -18.0764], [30.204, -18.1248], [30.1583, -18.1282], [29.947, -18.3064], [29.8454, -18.3887], [29.8231, -18.6214], [29.8031, -18.7157], [29.8059, -18.8548], [29.8134, -18.9976], [29.8165, -19.0543], [29.7938, -19.124], [29.8054, -19.2282], [29.7822, -19.3006], [29.8158, -19.3826], [29.8186, -19.4524], [29.7646, -19.5578], [29.6441, -19.6461], [29.5083, -19.715], [29.4072, -19.7568], [29.3118, -19.7759], [29.1938, -19.782], [29.0811, -19.8454], [29.0343, -19.918], [28.9489, -19.9956], [28.8448, -20.045], [28.7069, -20.1008], [28.5872, -20.1719], [28.8034, -20.2532], [28.9325, -20.3026], [29.0437, -20.4508], [29.0154, -20.7746], [29.0163, -20.9349], [29.0651, -20.9983], [29.271, -21.0127], [29.3497, -21.0705], [29.5425, -21.2366], [29.7341, -21.4627], [29.8647, -21.6917], [29.8641, -21.7856], [29.9228, -21.9347], [29.9694, -22.0828], [29.9919, -22.2519], [30.028, -22.3372]]}}, {"type": "Feature", "properties": {"country": "Zimbabwe", "operator": "LiquidZimbabwe4"}, "geometry": {"type": "LineString", "coordinates": [[28.586, -20.1639], [28.4786, -19.8168], [28.3661, -19.5658], [28.3115, -19.4646], [28.0881, -19.2704], [28.0727, -19.2195], [27.9641, -19.1161], [27.8258, -19.006], [27.7692, -18.9368], [27.5845, -18.7849], [27.4007, -18.7467], [27.2377, -18.6339], [27.1124, -18.6253], [26.9486, -18.5174], [26.8199, -18.4211], [26.5759, -18.3558], [26.288, -18.3285], [26.1004, -18.2602], [26.0188, -18.2177], [25.9443, -18.1467], [25.8454, -18.0861], [25.8261, -17.9698], [25.8608, -17.8489]]}}, {"type": "Feature", "properties": {"country": "Zimbabwe", "operator": "LiquidZimbabwe4"}, "geometry": {"type": "LineString", "coordinates": [[28.5884, -20.1674], [28.4295, -20.3044], [28.2541, -20.4228], [28.1319, -20.4495], [27.9969, -20.4986], [27.8771, -20.4734], [27.8293, -20.4809], [27.8035, -20.4912], [27.7711, -20.5126], [27.7593, -20.5349], [27.74, -20.5392], [27.7299, -20.5446]]}}, {"type": "Feature", "properties": {"country": "Zimbabwe", "operator": "LiquidZimbabwe4"}, "geometry": {"type": "LineString", "coordinates": [[31.05, -17.8291], [30.8216, -17.677], [30.7259, -17.6486], [30.4691, -17.4287], [30.4177, -17.4168], [30.3011, -17.3699], [30.1976, -17.3628], [30.1183, -17.3461], [29.9995, -17.2406], [29.8578, -17.0269], [29.704, -16.8391], [29.6163, -16.7706], [29.5964, -16.5894], [29.4941, -16.4937], [29.3078, -16.3388], [29.2042, -16.2878], [29.1487, -16.1834], [28.9971, -16.0914], [28.8767, -16.0361]]}}, {"type": "Feature", "properties": {"country": "Zimbabwe", "operator": "LiquidZimbabwe4"}, "geometry": {"type": "LineString", "coordinates": [[31.0503, -17.8169], [31.195, -17.7381], [31.3365, -17.7312], [31.505, -17.6849], [31.6876, -17.6678], [31.7634, -17.6739], [31.8421, -17.6279], [31.9552, -17.5784], [32.0614, -17.5189], [32.1228, -17.4531], [32.1847, -17.4429], [32.3115, -17.3699], [32.3833, -17.2577], [32.4034, -17.1587], [32.4446, -17.1221], [32.5514, -17.0684], [32.6896, -16.9941], [32.8002, -16.9599], [32.8662, -16.9691]]}}]}