{"type":"FeatureCollection","name":"submarine_cables_focus","metadata":{"source":"lintaojlu/submarine_cable_information (TeleGeography mirror)","source_url":"https://github.com/lintaojlu/submarine_cable_information","fetched_at":1780470365,"scope":"Cables with at least one landing point in Africa or South Asia (full global geometry preserved).","cable_count":84},"features":[{"type":"Feature","geometry":{"type":"MultiLineString","coordinates":[[[65.75491565746177,16.45525448044245],[65.47502785162396,20.375041253465525],[66.15002737344807,23.298598065875808],[67.02854675228852,24.889731701235718]],[[70.25491246962179,13.251828813229451],[71.10002386801577,16.965102599435824],[72.76336607969563,19.07608000000056]],[[74.70002131714793,5.659359572411404],[74.25002163652775,4.837826391986653],[73.54027200000024,4.211916943628012]],[[90.00001047908799,1.018588540518891],[90.90000984092407,5.061986954416028],[91.35000952273603,9.524411345019587],[92.7000085663839,14.801154224791475],[92.70000856578818,17.823934412537824],[91.99482906593991,21.42927456664907]],[[101.25000250948804,2.030661890474562],[101.47500234950016,2.592701464601845],[101.44360237174422,2.751228763607116]],[[79.65001781052402,2.967259208499712],[79.87501765113208,3.191933974144717],[80.55001717295599,5.435413643888296],[80.53985718074958,5.940820740520053]],[[44.55004267627157,10.963556857789229],[43.6500433138396,11.399928123027479],[43.147993669496344,11.594869371447714]],[[33.08276564295244,28.365936333863488],[33.3568006038885,28.161052262220892],[33.806300287239566,27.364667993860166],[34.34067490927956,26.562513149236622],[34.76254961101566,25.754704263415306],[35.775048893751716,24.12261698700334],[37.01254801709567,22.05298561667763],[37.80004745922369,20.375041253465525],[39.15004650227564,18.251816319028308],[40.16254578501355,16.53419619825962],[41.68129470911566,14.801154224791475],[42.187544350483705,13.929303843271725],[42.834418892231554,13.054150695298716],[43.14379367306765,12.834868817846598],[43.22816861329568,12.615395567393307],[43.5094184134596,12.395734000022884],[44.55004267627157,10.963556857789229],[45.450042037511906,10.853089690745378],[48.60003980602389,11.625479959569759],[52.65003693696784,12.615395567393307],[54.00003598061588,12.834868817846598],[55.35003502307174,13.054150695298716],[58.95003247279979,14.801154224791475],[65.75491565746177,16.45525448044245],[70.25491246962179,13.251828813229451],[71.71468744134648,9.199470523025639],[73.90979788338853,6.52510525956319],[74.70002131714793,5.659359572411404],[78.30001876747187,3.491423322320486],[79.65001781052402,2.967259208499712],[81.00001685476795,2.592701464601845],[85.50001366692797,0.118642751260523],[90.00001047908799,1.018588540518891],[92.7000085663839,4.389285926050889],[94.27500745064,5.286069860821101],[95.40000665367998,5.957818681088611],[97.42500521915215,5.510071711803135],[97.87500490036805,5.286069860821101],[98.55000442219213,4.613591578862867],[99.90000346584,3.266814816815753],[101.25000250948804,2.030661890474562],[102.15000187192001,1.524657538529198],[102.68279723997185,1.417686731666521],[103.34065102845304,1.074949758433263],[103.50000091556822,1.144999057563268],[103.64609081207684,1.338585852071589]],[[32.28445136473579,31.259278146448963],[32.06255152193168,30.83702058239723],[32.06255152193168,30.077385962079745],[32.287551362539546,29.082725788288855],[33.08276564295244,28.365936333863488]],[[32.28445136473579,31.259278146448963],[32.1750514422356,30.83702058239723],[32.1750514422356,30.077385962079745],[32.400051282843634,29.082725788288855],[33.08276564295244,28.365936333863488]],[[5.372530429989041,43.29362778902916],[5.287570490175341,41.744358789482135],[5.850070091695329,38.651811712711236],[6.750069455319476,37.94551049545976],[9.00006786020731,37.41128363492314],[10.348617230365335,37.41128363492314],[11.137566345387313,37.232354321556215],[11.812565868412491,35.419780517080454],[14.400064035395388,33.565491482352144],[16.65006244147537,32.62301664000799],[19.35006052877148,33.00121852265437],[22.05005861487558,33.17402209671795],[25.20005638457954,32.43331330641712],[27.90005447187562,31.766210259726904],[31.050052239195594,31.79808736758517],[32.28445136473579,31.259278146448963]],[[35.775048893751716,24.12261698700334],[36.900048095003655,24.361968609765853],[37.80004745803154,24.32780311165172],[38.10697724059963,24.070648010417926]]]},"properties":{"id":"seamewe-6","name":"SeaMeWe-6","color":"#939597","rfs":"2025 Q1","rfs_year":2025,"is_planned":true,"length":"19,200 km","owners":"Airtel (Bharti), Bangladesh Submarine Cable Company Limited (BSCCL), Dhiraagu, Djibouti Telecom, Mobily, Orange, Singtel, Sri Lanka Telecom, Telecom Egypt, Telekom Malaysia, Telin, TransWorld","suppliers":"Subcom","url":null,"landing_points":[{"name":"Cox\u2019s Bazar, Bangladesh","country":"Bangladesh"},{"name":"Djibouti City, Djibouti","country":"Djibouti"},{"name":"Port Said, Egypt","country":"Egypt"},{"name":"Ras Ghareb, Egypt","country":"Egypt"},{"name":"Marseille, France","country":"France"},{"name":"Mumbai, India","country":"India"},{"name":"Morib, Malaysia","country":"Malaysia"},{"name":"Hulhumale, Maldives","country":"Maldives"},{"name":"Karachi, Pakistan","country":"Pakistan"},{"name":"Yanbu, Saudi Arabia","country":"Saudi Arabia"},{"name":"Tuas, Singapore","country":"Singapore"},{"name":"Matara, Sri Lanka","country":"Sri Lanka"}]}},{"type":"Feature","geometry":{"type":"MultiLineString","coordinates":[[[23.400057658523423,34.52869067055079],[24.300057020955563,34.89859296336232],[24.7684,35.07162999999974]],[[11.812565866615529,37.232354321556215],[12.060515691561449,37.54682622128206],[12.591375316091586,37.650586172786205]],[[8.10006849777534,38.21117903702327],[6.975069294139445,37.44106375352243],[6.557241714000355,37.00295935602452]],[[2.250072641967279,37.41128363492314],[2.812572243487267,37.232354321556215],[3.035712085412854,36.76212778210993]],[[4.950070728667271,41.18233034647952],[2.70007232258726,41.26694507168793],[2.168725042748747,41.38560270176822]],[[6.075069932303194,38.651811712711236],[5.400070410479259,41.744358789482135],[5.372530429989041,43.29362778902916],[5.062570649567277,41.744358789482135],[4.950070728667271,41.18233034647952],[4.837570808959242,40.04369219282995],[4.725070888059435,38.651811712711236]],[[-2.249924170192742,35.876870570092734],[-2.474924011396666,35.450334489671604],[-2.93303499999962,35.170020000000136]],[[-4.499922576272752,35.78566189952613],[-4.724922416880787,35.60293032290622],[-5.391811944449927,35.565918934421404]],[[-9.449919069648843,38.12273010839229],[-9.112419308736776,37.94551049545976],[-8.86959721512926,37.95721527519197]],[[-9.150189282576122,38.725680999999724],[-9.449919069648843,38.12273010839229],[-9.674918909064814,37.232354321556215],[-9.562418989356786,36.69301553274448],[-8.999919388432772,36.33133835588808],[-5.843848196000124,36.13475690999988],[-5.512421859604729,36.180141298407335],[-5.279170071717544,36.29793294218615],[-4.499922576272752,35.78566189952613],[-2.249924170192742,35.876870570092734],[2.250072641967279,37.41128363492314],[4.725070888059435,38.651811712711236],[6.075069932303194,38.651811712711236],[8.10006849777534,38.21117903702327],[9.000067859611391,37.94551049545976],[10.348617229769246,37.94551049545976],[10.912566505375338,37.58978657360316],[11.812565866615529,37.232354321556215],[12.993815030999286,35.96797434759347],[14.4000640347993,35.23621340052833],[16.65006244087931,34.867831005273246],[19.35006052817539,35.23621340052833],[22.05005861487558,34.85244570884623],[23.400057658523423,34.52869067055079],[25.20005638398345,34.12610104005762],[28.8000538337115,32.717717936758305],[31.500051920411693,31.79808736758517],[32.28445136473579,31.259278146448963]]]},"properties":{"id":"medusa-submarine-cable-system","name":"Medusa Submarine Cable System","color":"#939597","rfs":"2024 Q3","rfs_year":2024,"is_planned":true,"length":"8,760 km","owners":"AFRIX Telecom","suppliers":"ASN","url":"https://medusascs.com/","landing_points":[{"name":"Algiers, Algeria","country":"Algeria"},{"name":"Collo, Algeria","country":"Algeria"},{"name":"Port Said, Egypt","country":"Egypt"},{"name":"Marseille, France","country":"France"},{"name":"Tympaki, Greece","country":"Greece"},{"name":"Mazara del Vallo, Italy","country":"Italy"},{"name":"Nador, Morocco","country":"Morocco"},{"name":"T\u00e9touan, Morocco","country":"Morocco"},{"name":"Lisbon, Portugal","country":"Portugal"},{"name":"Sines, Portugal","country":"Portugal"},{"name":"Barcelona, Spain","country":"Spain"},{"name":"Torreguadiaro, Spain","country":"Spain"},{"name":"Zahara de los Atunes, Spain","country":"Spain"}]}},{"type":"Feature","geometry":{"type":"MultiLineString","coordinates":[[[62.77502976551986,20.375041253465525],[62.77502976551986,22.469443964829594],[59.85003183761572,24.225251377403623],[58.50003279396768,23.891388761253097],[58.004427676309035,23.679602315303896]],[[55.350035025455725,15.886035719079104],[54.78753542333982,16.53419619825962],[54.14808587692781,17.095827186725558]],[[44.55004267627157,12.285833556268273],[43.6500433138396,11.900871787261877],[43.16166670000027,11.54917744167588]],[[35.6965489475738,27.354010300438773],[35.550049051355614,28.293214058016247],[35.00509500000021,29.581033231032706]],[[72.87590260996691,19.076074257285313],[70.2000245055838,19.635064099942582],[66.60002705585575,20.16397503197578],[62.77502976551986,20.375041253465525],[58.950032475183775,17.609605913225096],[55.350035025455725,15.886035719079104],[48.600039807215495,13.273238157547667],[45.450042038703714,12.505588131780542],[44.55004267627157,12.285833556268273],[43.88195913315431,12.458770746872005],[43.42504347323157,12.615395567393307],[43.34066853300351,12.834868817846598],[43.25629359277548,13.054150695298716],[43.03129375216761,13.929303843271725],[42.5250441107996,14.801154224791475],[41.850044588975464,16.53419619825962],[39.487546262591536,20.375041253465525],[39.150046501083665,20.93646800014895],[38.70004682046351,22.05298561667763],[37.46254769711774,24.12261698700334],[36.4500484143835,25.754704263415306],[35.6965489475738,27.354010300438773]]]},"properties":{"id":"raman","name":"Raman","color":"#939597","rfs":"2024","rfs_year":2024,"is_planned":true,"length":null,"owners":"Google, Omantel, Telecom Italia Sparkle","suppliers":null,"url":null,"landing_points":[{"name":"Haramous, Djibouti","country":"Djibouti"},{"name":"Mumbai, India","country":"India"},{"name":"Aqaba, Jordan","country":"Jordan"},{"name":"Barka, Oman","country":"Oman"},{"name":"Salalah, Oman","country":"Oman"},{"name":"Duba, Saudi Arabia","country":"Saudi Arabia"}]}},{"type":"Feature","geometry":{"type":"MultiLineString","coordinates":[[[75.37502083897186,5.659359572411404],[74.25002163652775,4.613591578862867],[73.5403521392646,4.212345781871875]],[[101.25000250948804,2.143087178471944],[101.41875238934821,2.592701464601845],[101.44360237174422,2.751228763607116]],[[98.10000474097606,5.286069860821101],[99.00000410340803,5.957818681088611],[100.0661133481664,6.613518860854185]],[[85.50001366692797,1.01853421661562],[83.92501477969202,5.510071711803135],[83.025015419644,7.744876956882223],[82.57501573842794,9.524411345019587],[81.45001653598385,11.735650161405744],[80.2429873910547,13.063853101883296]],[[79.65001781052402,3.191933974144717],[80.43751725265204,5.435413643888296],[80.53985718074958,5.940820740520053]],[[72.87590260996691,19.076074257285313],[71.3250237086238,16.965102599435824],[71.04513590397798,13.492128176464178],[72.5049108757027,9.361978911834058],[74.70002131774493,6.688675551202238],[75.37502083897186,5.659359572411404],[78.30001876747187,3.715978119297972],[79.65001781052402,3.191933974144717],[81.00001685476795,2.817450442654064],[85.50001366692797,1.01853421661562],[90.00001047908799,1.918228780215685],[92.7000085663839,4.613591578862867],[94.27500745064,5.510071711803135],[95.40000665367998,6.069699469735895],[97.42500521915215,5.622041180883144],[98.10000474097606,5.286069860821101],[98.77500426280002,4.613591578862867],[100.01250338614412,3.266814816815753],[101.25000250948804,2.143087178471944],[102.15000187192001,1.805788280129235],[102.68279723997185,1.558264177552559],[103.34065102845304,1.383978004154756],[103.50000091556822,1.327518855965934],[103.64609081207684,1.338585852071589]]]},"properties":{"id":"india-asia-xpress-iax","name":"India Asia Xpress (IAX)","color":"#939597","rfs":"2023","rfs_year":2023,"is_planned":true,"length":"5,791 km","owners":"Reliance Jio Infocomm","suppliers":"Subcom","url":null,"landing_points":[{"name":"Chennai, India","country":"India"},{"name":"Mumbai, India","country":"India"},{"name":"Morib, Malaysia","country":"Malaysia"},{"name":"Hulhumale, Maldives","country":"Maldives"},{"name":"Tuas, Singapore","country":"Singapore"},{"name":"Matara, Sri Lanka","country":"Sri Lanka"},{"name":"Satun, Thailand","country":"Thailand"}]}},{"type":"Feature","geometry":{"type":"MultiLineString","coordinates":[[[25.20005638398345,34.544136272978676],[24.975056542779498,34.867831005273246],[24.7684,35.07162999999974]],[[35.521924071875446,26.562513149236622],[35.550049051355614,27.097918575216056],[35.6965489475738,27.354010300438773]],[[37.34051417738746,24.138084599448433],[37.80004745803154,24.12261698700334],[38.10697724059963,24.070648010417926]],[[44.55004267627157,11.515266158038685],[43.6500433138396,11.620598816364094],[43.147993669496344,11.594869371447714]],[[54.000035981807684,13.382708036125592],[54.112535901515685,14.583511645118676],[54.112535901515685,16.53419619825962],[54.14808587692781,17.095827186725558]],[[32.65318110412005,29.113614162980156],[33.07505080526349,28.951554732193216],[33.53928797639452,28.161052262220892],[34.537549769215445,27.364667993860166],[35.521924071875446,26.562513149236622],[36.337548494079556,25.754704263415306],[37.350047776813625,24.12261698700334],[38.587546900159566,22.05298561667763],[39.037546580779576,20.93646800014895],[39.37504634228762,20.375041253465525],[41.737544668671546,16.53419619825962],[42.468794150647625,14.801154224791475],[42.97504379201547,13.929303843271725],[43.22816861269959,13.054150695298716],[43.32660604296558,12.834868817846598],[43.41098098319361,12.615395567393307],[43.87504315444764,12.395734000022884],[44.55004267627157,11.515266158038685],[45.450042038703714,11.405009147532837],[48.600039807215495,12.17588718550806],[52.650036938159616,13.163718917913684],[54.000035981807684,13.382708036125592],[55.35003502426392,13.492128176464178],[58.95003247399197,15.23578178303569],[60.97503103946394,16.53419619825962],[66.60002705585575,18.67864702215462],[70.2000245055838,18.89166158430325],[72.87590260996691,19.076074257285313]],[[29.672353215170432,31.047641997876354],[29.98130299690345,30.85311851188075],[30.375052717967577,30.78065656729467],[31.050052239791512,30.41752891425901],[31.725051761615447,30.174689758499085],[32.17505144283152,29.589085940778546],[32.65318110412005,29.113614162980156]],[[29.672353215170432,31.047641997876354],[29.98130299690345,30.80481662242596],[30.375052717967577,30.6839556754382],[31.050052239791512,30.320465424761352],[31.725051761615447,30.077385962079745],[32.17505144283152,29.54020324258323],[32.65318110412005,29.113614162980156]],[[8.483758225965857,44.305748230542434],[9.112567779915338,44.051519228735145],[9.675067381435326,43.07331078300331],[9.900067221447472,42.41235450073577],[10.462566823563378,41.520132020893186],[11.475066106299465,39.69832335493328],[11.812565867211418,37.85673997565843],[13.668814552823221,35.96797434759347],[14.4000640347993,35.78566189952613],[16.65006244087931,35.60293032290622],[19.35006052817539,35.96797434759347],[22.05005861487558,35.40449918351331],[23.400057658523423,34.89859296336232],[25.20005638398345,34.544136272978676],[27.900054471279333,32.52821504536482],[29.672353215170432,31.047641997876354]]]},"properties":{"id":"india-europe-xpress-iex","name":"India Europe Xpress (IEX)","color":"#939597","rfs":"2024","rfs_year":2024,"is_planned":true,"length":"9,775 km","owners":"Reliance Jio Infocomm","suppliers":"Subcom","url":null,"landing_points":[{"name":"Djibouti City, Djibouti","country":"Djibouti"},{"name":"Sidi Kerir, Egypt","country":"Egypt"},{"name":"Zafarana, Egypt","country":"Egypt"},{"name":"Timpaki, Greece","country":"Greece"},{"name":"Mumbai, India","country":"India"},{"name":"Savona, Italy","country":"Italy"},{"name":"Salalah, Oman","country":"Oman"},{"name":"Duba, Saudi Arabia","country":"Saudi Arabia"},{"name":"Yanbu, Saudi Arabia","country":"Saudi Arabia"}]}},{"type":"Feature","geometry":{"type":"MultiLineString","coordinates":[[[-16.199914288484848,23.848523186488023],[-16.087414368180845,23.745587983103547],[-15.934424476560338,23.721081977553723]],[[-3.7124231341447,3.266814816815753],[-4.026242911831901,5.323508791824736]],[[1.350073278939419,4.164912849976844],[1.350073279535309,5.061986954416028],[1.2278033661525,6.126307297218631]],[[2.250072641967279,4.052702097268195],[2.250072641967279,5.061986954416028],[2.440112507341183,6.356673335458169]],[[-7.631920358132049,33.60539511325592],[-8.999919389028747,33.315153958129144],[-12.149917156944838,30.126049846722907],[-13.274916359984843,28.161052262220892],[-14.399915563024848,26.964304734562802],[-16.199914288484848,23.848523186488023],[-16.64991396910486,22.884654113882362],[-17.999913012752813,19.952622905164304],[-17.999913013348873,16.53419619825962],[-17.999913012752813,11.735650161405744],[-16.64991396910486,8.635699417327544],[-15.299914926648881,7.744889052551343],[-14.399915564216826,6.852191098754417],[-12.149917156944838,5.061986954416028],[-10.799918113296798,3.715978119297972],[-6.299921301732752,3.715978119297972],[-3.7124231341447,3.266814816815753],[-0.899925126544701,3.279837005485092],[1.350073278939419,4.164912849976844],[2.250072641967279,4.052702097268195],[5.400070410479259,1.918228780215685],[7.200069135343199,0.793562652607278],[8.55006817899124,0.568578852526286],[9.454267538448192,0.394465191855375]]]},"properties":{"id":"maroc-telecom-west-africa","name":"Maroc Telecom West Africa","color":"#b27032","rfs":"2021 August","rfs_year":2021,"is_planned":false,"length":"8,200 km","owners":"Maroc Telecom","suppliers":"ASN","url":"http://www.iam.ma","landing_points":[{"name":"Cotonou, Benin","country":"Benin"},{"name":"Abidjan, C\u00f4te d'Ivoire","country":"C\u00f4te d'Ivoire"},{"name":"Libreville, Gabon","country":"Gabon"},{"name":"Casablanca, Morocco","country":"Morocco"},{"name":"Dakhla, Morocco","country":"Morocco"},{"name":"Lome, Togo","country":"Togo"}]}},{"type":"Feature","geometry":{"type":"MultiLineString","coordinates":[[[35.6965489475738,27.354010300438773],[35.100049370139544,27.097918575216056],[34.50942478913956,26.562513149236622]],[[42.89066885178764,13.054150695298716],[43.1786936471521,13.1445250990119],[43.24734359852002,13.320340603999938]],[[60.97503104005983,16.749771315644608],[60.97503104005983,22.469443964829594],[59.85003183701983,23.401884131852626],[58.50003279396768,24.04558710925602],[56.92503390911571,24.711631506331287],[56.339934323605746,25.0514826710928]],[[32.28445136473579,31.259278146448963],[31.27505207980363,31.79808736758517],[27.900054470683443,31.957307911004875],[25.200056383387533,32.717717936758305],[22.05005861487558,33.45605770170522],[19.350060527579473,33.37780603565923],[16.650062440283392,33.00121852265437],[14.400064034203382,33.84625607000376],[12.150065628130307,35.419780517080454],[11.925065787515337,35.78566189952613],[11.700065946907301,36.240655233214795],[11.36256618480337,37.232354321556215],[10.348617229173357,37.58978657360316],[9.000067859015502,37.58978657360316],[7.425068975355316,37.94551049545976],[6.75006945353141,38.651811712711236],[5.737570170795323,41.744358789482135],[5.372530429392953,43.29362778902916]],[[32.28445136473579,31.259278146448963],[32.287551362539546,30.83702058239723],[32.287551363135435,30.077385962079745],[32.42805126360403,29.63833609362638],[32.5971261438298,29.34456698948989],[32.934525904812716,28.951554732193216]],[[44.550042675675655,11.184367066436806],[43.650043313243685,11.489461709300429],[43.147993668900284,11.594869371447714]],[[45.450042038107796,10.963556857789229],[45.23580218987712,10.705441883254508],[45.01088234921272,10.435118748992778]],[[32.934525904812716,28.951554732193216],[33.08276564295244,28.365936333863488],[33.38487558519094,28.161052262220892],[33.918800206947566,27.364667993860166],[34.50942478854367,26.562513149236622],[34.987549450431516,25.754704263415306],[36.0000487331676,24.12261698700334],[37.237547856511526,22.05298561667763],[38.02504729863958,20.375041253465525],[39.37504634228762,18.251816319028308],[40.387545625025695,16.53419619825962],[41.79379462882369,14.801154224791475],[42.30004427019156,13.929303843271725],[42.89066885178764,13.054150695298716],[43.17191865195173,12.834868817846598],[43.25629359217959,12.615395567393307],[43.50941841286368,12.395734000022884],[44.550042675675655,11.073982781226704],[45.450042038107796,10.963556857789229],[48.600039806619776,11.735650161405744],[52.650036937563726,12.725155923562937],[54.000035981807684,12.944533868662859],[54.67503550363159,12.615395567393307],[53.550036300591586,9.524411345019587],[50.850038213295704,5.510071711803135],[47.700040444187806,1.468426767332062],[45.22504219809568,-1.006358951224712],[42.30004427019156,-3.254657364797595],[39.67289613069207,-4.052924364763157]],[[54.00003598121177,12.944533868662859],[55.35003502485981,13.710817738179543],[58.95003247458786,15.452760959322148],[60.97503104005983,16.749771315644608],[65.70002769282789,20.375041253465525],[66.2625272943479,23.298598065875808],[67.02854675169263,24.889731701235718]]]},"properties":{"id":"africa-1","name":"Africa-1","color":"#939597","rfs":"2023 Q4","rfs_year":2023,"is_planned":true,"length":"10,000 km","owners":"Etisalat UAE, G42, Mobily, Pakistan Telecommunications Company Ltd., Telecom Egypt","suppliers":"ASN","url":null,"landing_points":[{"name":"Djibouti City, Djibouti","country":"Djibouti"},{"name":"Port Said, Egypt","country":"Egypt"},{"name":"Ras Ghareb, Egypt","country":"Egypt"},{"name":"Marseille, France","country":"France"},{"name":"Mombasa, Kenya","country":"Kenya"},{"name":"Karachi, Pakistan","country":"Pakistan"},{"name":"Duba, Saudi Arabia","country":"Saudi Arabia"},{"name":"Berbera, Somalia","country":"Somalia"},{"name":"Kalba, United Arab Emirates","country":"United Arab Emirates"},{"name":"Mocha, Yemen","country":"Yemen"}]}},{"type":"Feature","geometry":{"type":"MultiLineString","coordinates":[[[12.352065485024895,-6.141015427762483],[12.150065628123372,-6.24401084163074],[11.700065946907301,-6.24401084163074]],[[13.2350248601241,-8.812561807472918],[12.60006530933947,-8.252720521975078],[11.925065787515337,-7.361072141346966],[11.700065946907301,-6.691145450676487],[11.700065946907301,-6.24401084163074],[11.700065946907301,-5.796494123131055],[11.925065787515337,-5.572600905016571],[12.189865599928936,-5.556576787346813]]]},"properties":{"id":"nzadi-cable-system","name":"Nzadi Cable System","color":"#939597","rfs":"2023 Q4","rfs_year":2023,"is_planned":true,"length":"950 km","owners":"Kakike, Lda., KumoxiCom, Lda.","suppliers":null,"url":null,"landing_points":[{"name":"Cabinda, Angola","country":"Angola"},{"name":"Luanda, Angola","country":"Angola"},{"name":"Soyo, Angola","country":"Angola"}]}},{"type":"Feature","geometry":{"type":"MultiLineString","coordinates":[[[55.350035025455725,26.26024097157773],[54.900035344239626,25.754704263415306],[54.45003566183195,24.8393128255928],[54.41907568495611,24.443964572625504]],[[60.52503135943985,16.10232559580288],[60.975031038867854,16.31838002635962],[66.60002705585575,18.251816319028308],[70.2000245055838,18.785187974742087],[72.87590260996691,19.076074257285313]],[[60.52503135943985,22.469443964829594],[65.25002801161182,24.259444485784854],[67.02854675228852,24.889731701235718]],[[58.50003279396768,23.891388761253097],[58.16253303305572,23.865671119262572],[58.004427676309035,23.679602315303896]],[[57.03753383001572,25.348717422116806],[57.38011358673319,24.420846844473175],[57.71253335183965,24.12261698700334],[58.50003279396768,23.891388761253097],[59.85003183761572,23.19523175611701],[60.52503135943985,22.469443964829594],[60.52503135943985,19.104405475930548],[60.52503135943985,16.10232559580288],[58.95003247339588,15.018578573757566],[55.35003502366783,13.273238157547667],[54.900035344239626,12.615395567393307]],[[51.300037894511576,26.964304734562802],[50.96253813359962,26.562513149236622],[50.576018407413954,26.22949483839116]],[[52.200037256943745,26.562513149236622],[51.86253749603159,26.058287560298936],[51.51927773920005,25.294608758024538]],[[50.62503837268767,27.364667993860166],[50.28753861177569,26.964304734562802],[50.21419866373054,26.285375359318067]],[[49.16253940873568,28.75448641587161],[47.97484025011303,29.37410420420028]],[[48.531779855571585,29.92363278689706],[49.16253940873568,28.75448641587161],[50.17503869147157,28.061823659710228],[50.62503837268767,27.364667993860166],[51.300037894511576,26.964304734562802],[52.200037256943745,26.562513149236622],[53.550036300591586,26.26024097157773],[55.350035025455725,26.26024097157773],[55.800034706671596,26.361086325391653],[56.250034387887666,26.713351447732805],[56.86878394955983,26.562513149236622],[57.03753383001572,26.159307970773796],[57.03753383001572,25.348717422116806],[56.339934323605746,25.0514826710928]],[[34.59379972936759,26.562513149236622],[35.21254929044366,27.097918575216056],[35.6965489475738,27.354010300438773]],[[37.350047776815444,22.05298561667763],[39.182756478507656,21.481533475503085]],[[41.850044588975464,-11.943944931746927],[42.0750444295835,-12.053986862571492],[42.75004395140763,-12.053986862571492],[43.24330360197786,-11.70058928227246]],[[-18.67491253517281,31.28673881439167],[-16.649913969700833,30.25570294203996],[-15.862414526976806,28.951554732193216],[-15.59656471590344,27.95773368288536]],[[55.45302495190066,-4.565748350533681],[55.35003502485981,-3.928327304142726],[54.90003534364374,-1.081346446098905],[54.00003598121177,1.168506749040887],[51.750037576323734,5.510071711803135]],[[5.400070410479259,2.367912558705314],[7.200069135343199,3.154491498099929],[7.650068816559269,3.491423322320486],[7.999287318573636,4.541590692825167]],[[1.800072960155291,-11.356308769001004],[11.70006594750339,-8.846050186819042],[12.60006530993536,-8.830631937053113],[13.2350248601241,-8.812561807472918]],[[27.000055108251473,-34.734661512708556],[25.875055905211468,-34.364025894526776],[25.62325608358887,-33.96247066676]],[[5.372530429989041,43.29362778902916],[5.175070569275306,42.85377505385463],[4.050071366235301,41.85617959436382],[2.70007232258726,41.351450286896835],[2.168725042748747,41.38560270176822]],[[8.938867903561913,44.41035752885395],[8.775068019003356,44.051519228735145],[8.325068338383204,43.72721479104973],[7.200069135343199,43.07331078300331],[6.412569692619428,42.74371346443661],[5.962570011403358,42.74371346443661],[5.175070569275306,42.85377505385463]],[[32.28445136473579,31.259278146448963],[31.72505176101953,31.79808736758517],[30.60005255857544,32.24321001626265],[28.8000538337115,32.90681902852478],[25.20005638398345,34.474608501824434],[23.400057658523423,34.80627255689055],[22.05005861487558,35.26683686030964],[19.35006052817539,35.78566189952613],[16.65006244087931,35.419780517080454],[14.4000640347993,35.648652461506344],[13.162564911455348,35.96797434759347],[12.487565389631243,36.87321951208918],[11.70006594750339,37.85673997565843],[11.250066265691402,39.69832335493328],[10.35006690325946,41.520132020893186],[9.787567301739443,42.41235450073577],[9.562567461727298,43.07331078300331],[9.337567620523373,43.40114497315386],[9.000067859611391,44.051519228735145],[8.938867903561913,44.41035752885395]],[[33.41295056589729,28.161052262220892],[33.300050645275604,28.293214058016247],[33.08276564295244,28.365936333863488]],[[36.11254865347152,24.12261698700334],[36.900048095003655,24.259444485784854],[37.80004745803154,24.225251377401804],[38.10697724059963,24.070648010417926]],[[38.137547218943496,20.375041253465525],[37.589237574003334,19.9190434481514],[37.21967786917094,19.615566594546237]],[[44.55004267627157,11.184367066436806],[43.6500433138396,11.45511199738803],[43.147993669496344,11.594869371447714]],[[54.000035981807684,13.054150695298716],[54.112535901515685,13.382708036125592],[54.2250358218198,14.583511645118676],[54.2250358218198,16.53419619825962],[54.14808587692781,17.095827186725558]],[[48.600039807215495,1.468426767332062],[46.800041082351555,1.918228780215685],[45.34418211369595,2.041205223228673]],[[41.17504506655564,-4.900422453147314],[40.72504538533957,-4.676208028750978],[39.67289769319086,-4.028086271839726]],[[40.95004522654352,-5.273944363641391],[40.500045544731705,-4.676208028750978],[39.67289769319086,-4.053024114605478]],[[40.387545625023506,-6.169450529574419],[39.8250460229076,-6.467627592690604],[39.2696764169327,-6.823132108349142]],[[42.300044269595645,-14.861883917662055],[45.000042356891726,-15.296387760621855],[46.315441425050665,-15.713729798684284]],[[42.30004427019156,-15.22403228464728],[41.400044907163675,-14.644301977123689],[40.68539697592695,-14.565582936090522]],[[35.3250492113435,-26.55162080165701],[33.75005032708759,-26.350174904573805],[32.580621155522095,-25.968268155408055]],[[33.75005032708759,-28.348517239947398],[32.85005096465545,-28.842401214006088],[31.757961738301788,-28.95055966653794]],[[18.42196118505379,-33.9190837726064],[17.775061643323397,-34.11602012163186],[17.325061962107526,-34.857839362235865],[18.000061483931432,-36.321527759917814],[19.80006020939146,-36.683250670190546],[23.40005765911934,-36.683250670190546],[26.100055745819503,-35.836608037492084],[27.000055108251473,-34.734661512708556],[33.30005064587152,-29.92069711126888],[33.75005032708759,-28.348517239947398],[35.3250492113435,-26.55162080165701],[41.17504506715156,-23.287413403488756],[42.30004427019156,-20.57441905727606],[42.30004427019156,-15.22403228464728],[42.300044269595645,-14.861883917662055],[41.850044588975464,-11.943944931746927],[41.40004490775959,-9.290424301035614],[40.387545625023506,-6.169450529574419],[40.95004522654352,-5.273944363641391],[41.17504506655564,-4.900422453147314],[42.30004427019156,-3.479268678969987],[45.450042038703714,-1.231315750217505],[48.600039807215495,1.468426767332062],[51.750037576323734,5.510071711803135],[54.000035981807684,9.524411345019587],[54.900035344239626,12.615395567393307],[54.000035981807684,13.054150695298716],[52.650036938159616,12.834868817846598],[48.600039807215495,11.845776373625682],[45.450042038703714,11.073982781226704],[44.55004267627157,11.184367066436806],[43.31254355292762,12.615395567393307],[43.21410612266146,12.834868817846598],[42.97504379201547,13.054150695298716],[42.35629423034351,13.929303843271725],[41.850044588975464,14.801154224791475],[40.50004554532981,16.53419619825962],[39.487546262591536,18.251816319028308],[38.137547218943496,20.375041253465525],[37.350047776815444,22.05298561667763],[36.11254865347152,24.12261698700334],[35.10004937073546,25.754704263415306],[34.59379972936759,26.562513149236622],[33.918800207543484,27.364667993860166],[33.41295056589729,28.161052262220892],[32.906450924701346,28.951554732193216],[32.65318110412005,29.113614162980156],[32.62520112394134,29.34456698948989],[32.456226243644636,29.63833609362638],[32.529931191431416,29.972545436050268],[32.400051282843634,30.83702058239723],[32.28445136473579,31.259278146448963]],[[10.800066584475331,-5.124561675456391],[11.250066265691402,-5.572600905016571],[12.349965487108477,-5.933373731471249]],[[7.4235291265e-05,-6.467627592690604],[10.800066584475331,-5.124561675456391],[11.863635831628983,-4.778787768919273]],[[-3.599923213840782,-2.580536704984041],[7.4235291265e-05,-6.467627592690604],[1.800072960155291,-11.356308769001004],[6.750069454127299,-18.026426383713385],[8.10006849777534,-23.493922445897766],[13.05006499115126,-30.309953344646914],[15.30006339723144,-32.61276000573585],[16.65006244087931,-33.74264465652948],[17.55006180331145,-33.92953699245888],[18.42196118505379,-33.9190837726064]],[[3.423511810692077,6.439066911484701],[3.825071526223184,4.164912849976844],[2.250072641967279,1.131014326431796],[1.575073120143173,0.343586284889255],[0.450073917103168,-0.631398185258206],[-3.599923213840782,-2.580536704984041],[-10.799918113296798,-2.580536704984041],[-15.299914925456818,1.918228780215685],[-19.799911737616924,8.635699417327544],[-21.14991078126488,11.735650161405744],[-21.14092484990462,14.365653759228536],[-21.14991078126488,19.952622905164304],[-20.299911384604457,22.884654113882362],[-18.67491253517281,31.28673881439167],[-17.099913650320843,35.05222991093683],[-16.246065123519145,39.46712719019058],[-16.199914287888873,39.69832335493328],[-16.199914288484848,44.694829089578064],[-11.249917795108757,48.70423463096077],[-7.199920663568747,50.740281893948264],[-5.399921938704722,50.95337730033461],[-4.544402544762761,50.82820142743802]],[[-0.204315619320994,5.558285889905761],[0.450073917103168,3.279837005485092],[0.450073917103168,-0.631398185258206]],[[-3.599923213840782,-2.580536704984041],[-4.374922664823828,1.468426767332062],[-4.499922576272752,2.367912558705314],[-4.274922735664717,3.266814816815753],[-4.026242911831901,5.323508791824736]],[[-21.14092484990462,14.365653759228536],[-18.449912693968884,14.365653759228536],[-17.44571340535299,14.686594841995088]],[[-16.199914287888873,39.69832335493328],[-13.949915882404753,38.768859224553665],[-10.799918113296798,38.47588134813884],[-9.337919149586526,38.68882888776801]],[[3.825071526223184,4.164912849976844],[5.400070410479259,2.367912558705314],[7.200069135343199,1.243490076978134],[8.55006817899124,1.01853421661562],[9.454267538448192,0.394465191855375]]]},"properties":{"id":"2africa","name":"2Africa","color":"#939597","rfs":"2023","rfs_year":2023,"is_planned":true,"length":"45,000 km","owners":"China Mobile, MTN, Meta, Orange, Saudi Telecom, Telecom Egypt, Vodafone, WIOCC","suppliers":"ASN","url":null,"landing_points":[{"name":"Luanda, Angola","country":"Angola"},{"name":"Manama, Bahrain","country":"Bahrain"},{"name":"Moroni, Comoros","country":"Comoros"},{"name":"Muanda, Congo, Dem. Rep.","country":"Congo, Dem. Rep."},{"name":"Pointe-Noire, Congo, Rep.","country":"Congo, Rep."},{"name":"Abidjan, C\u00f4te d'Ivoire","country":"C\u00f4te d'Ivoire"},{"name":"Djibouti City, Djibouti","country":"Djibouti"},{"name":"Port Said, Egypt","country":"Egypt"},{"name":"Ras Ghareb, Egypt","country":"Egypt"},{"name":"Suez, Egypt","country":"Egypt"},{"name":"Zafarana, Egypt","country":"Egypt"},{"name":"Marseille, France","country":"France"},{"name":"Libreville, Gabon","country":"Gabon"},{"name":"Accra, Ghana","country":"Ghana"},{"name":"Mumbai, India","country":"India"},{"name":"Al Faw, Iraq","country":"Iraq"},{"name":"Genoa, Italy","country":"Italy"},{"name":"Mombasa, Kenya","country":"Kenya"},{"name":"Kuwait City, Kuwait","country":"Kuwait"},{"name":"Mahajanga, Madagascar","country":"Madagascar"},{"name":"Maputo, Mozambique","country":"Mozambique"},{"name":"Nacala, Mozambique","country":"Mozambique"},{"name":"Kwa Ibo, Nigeria","country":"Nigeria"},{"name":"Lagos, Nigeria","country":"Nigeria"},{"name":"Barka, Oman","country":"Oman"},{"name":"Salalah, Oman","country":"Oman"},{"name":"Karachi, Pakistan","country":"Pakistan"},{"name":"Carcavelos, Portugal","country":"Portugal"},{"name":"Doha, Qatar","country":"Qatar"},{"name":"Al Khobar, Saudi Arabia","country":"Saudi Arabia"},{"name":"Duba, Saudi Arabia","country":"Saudi Arabia"},{"name":"Jeddah, Saudi Arabia","country":"Saudi Arabia"},{"name":"Yanbu, Saudi Arabia","country":"Saudi Arabia"},{"name":"Dakar, Senegal","country":"Senegal"},{"name":"Carana, Seychelles","country":"Seychelles"},{"name":"Mogadishu, Somalia","country":"Somalia"},{"name":"Cape Town, South Africa","country":"South Africa"},{"name":"Mtunzini, South Africa","country":"South Africa"},{"name":"Port Elizabeth, South Africa","country":"South Africa"},{"name":"Barcelona, Spain","country":"Spain"},{"name":"Gran Canaria, Canary Islands, Spain","country":"Spain"},{"name":"Port Sudan, Sudan","country":"Sudan"},{"name":"Dar Es Salaam, Tanzania","country":"Tanzania"},{"name":"Abu Dhabi, United Arab Emirates","country":"United Arab Emirates"},{"name":"Kalba, United Arab Emirates","country":"United Arab Emirates"},{"name":"Bude, United Kingdom","country":"United Kingdom"}]}},{"type":"Feature","geometry":{"type":"MultiLineString","coordinates":[[[-17.44571340535299,14.686594841995088],[-18.449912693968884,14.583511645118676],[-22.49990982491292,14.583511645118676],[-23.521209101414883,14.923035560171769]]]},"properties":{"id":"senegal-horn-of-africa-regional-express-share-cable","name":"Senegal Horn of Africa Regional Express (SHARE) Cable","color":"#c43292","rfs":"2022 March","rfs_year":2022,"is_planned":false,"length":"720 km","owners":"Agence De L\u2019informatique del\u2019Etat","suppliers":"HMN Tech","url":"https://adie.sn/","landing_points":[{"name":"Praia, Cape Verde","country":"Cape Verde"},{"name":"Dakar, Senegal","country":"Senegal"}]}},{"type":"Feature","geometry":{"type":"MultiLineString","coordinates":[[[73.5403521392646,4.212345781871875],[74.25002163652775,4.389285926050889],[79.20001812990384,6.405200795356109],[79.86681765753698,6.833088156653076]]]},"properties":{"id":"maldives-sri-lanka-cable-msc","name":"Maldives Sri Lanka Cable (MSC)","color":"#4bb648","rfs":"2021 February","rfs_year":2021,"is_planned":false,"length":"863 km","owners":"Dhiraagu, Dialog Axiata, Ooredoo Maldives","suppliers":"HMN Tech","url":null,"landing_points":[{"name":"Hulhumale, Maldives","country":"Maldives"},{"name":"Mt. Lavinia, Sri Lanka","country":"Sri Lanka"}]}},{"type":"Feature","geometry":{"type":"MultiLineString","coordinates":[[[101.25000250948804,2.199296754027785],[101.36250242919627,2.592701464601845],[101.44360237174422,2.751228763607116]],[[72.87590260996691,19.076074257285313],[71.55002354923184,16.965102599435824],[71.49513558519405,13.492128176464178],[72.90002259288099,9.443204702286806],[75.09513303492321,6.770440250104599],[78.69513048464998,3.940475772228723],[79.65001781052402,3.416559618323163],[81.00001685476795,3.042156042425745],[85.50001366692797,1.918228780215685],[90.00001047908799,2.817450442654064],[92.7000085663839,4.837826391986653],[94.27500745064,5.733989114150035],[95.40000665367998,6.181557032537114],[97.42500521915215,5.845915088460174],[98.32500458158412,5.286069860821101],[99.00000410340803,4.613591578862867],[100.12500330644806,3.266814816815753],[101.25000250948804,2.199296754027785],[102.15000187192001,1.862009426867957],[102.68279723997185,1.614492576238035],[103.34065102845304,1.412069619499448],[103.50000091556822,1.383728077246843],[103.64609081207684,1.338585852071589]],[[81.00001685476795,3.042156042425745],[82.57501573902388,5.51004741056704],[82.80001557963189,7.744876956882223],[82.35001589841599,9.524411345019587],[81.45001653598385,11.515266158038685],[80.2429873910547,13.063853101883296]],[[96.16200611327653,16.340356254503206],[96.21670607452651,14.833379080264962],[96.52500585612407,11.294709319565555],[96.18750609521211,8.33898542602023],[95.40000665367998,6.181557032537114]]]},"properties":{"id":"mist","name":"MIST","color":"#939597","rfs":"2023","rfs_year":2023,"is_planned":true,"length":"8,100 km","owners":"Orient Link","suppliers":"NEC","url":"https://orient-link.com/home/","landing_points":[{"name":"Chennai, India","country":"India"},{"name":"Mumbai, India","country":"India"},{"name":"Morib, Malaysia","country":"Malaysia"},{"name":"Letkokkon, Myanmar","country":"Myanmar"},{"name":"Tuas, Singapore","country":"Singapore"}]}},{"type":"Feature","geometry":{"type":"MultiLineString","coordinates":[[[1.575073120143173,0.793562652607278],[1.687573039851372,3.828234303320954],[1.575073120143173,5.061986954416028],[1.2278033661525,6.126307297218631]],[[7.650068815963351,-13.99027116703789],[-3.599923214436672,-15.296387760621855],[-5.711521717964501,-15.918564131427416]],[[1.575073120143173,0.793562652607278],[2.250072641967279,1.580886840914019],[3.600071685615319,4.164912849976844],[3.423511810692077,6.439066911484701]],[[9.00006786020731,-23.493922445897766],[13.05006499115126,-22.665969967794723],[14.533463940297622,-22.68542973223063]],[[18.445861168718807,-33.72721819637752],[17.55006180331145,-33.74264465652948],[16.65006244087931,-33.55534420877598],[15.525063237839305,-32.61276000573585],[13.50006467236733,-30.309953344646914],[9.00006786020731,-23.493922445897766],[7.650068816559269,-18.026426383713385],[7.650068815963351,-13.99027116703789],[8.325068338383204,-10.620064860363328],[7.650068816559269,-6.616650693475464],[7.200069135343199,-4.825692499217524],[4.050071366831219,-1.231315750217505],[2.250072641967279,1.580886840914019]],[[1.575073120143173,0.793562652607278],[0.225074076495304,-0.093411304877662],[-3.599923213840782,-1.681168935905106],[-10.799918113296798,-1.681168935905106],[-14.849915244240833,2.367912558705314],[-19.349912056400854,8.635699417327544],[-20.699911100048894,11.735650161405744],[-20.699911100048894,19.952622905164304],[-19.84991170219638,22.884654113882362],[-19.12491221579282,27.763588526057674],[-17.999913013348873,30.25570294203996],[-17.099913650320843,31.67051304708704],[-13.949915881808863,33.93964008831958],[-10.349918432080813,38.034173900641946],[-9.56241898995276,38.29952060596935],[-9.150219281958897,38.725651996250065]]]},"properties":{"id":"equiano","name":"Equiano","color":"#939597","rfs":"2022 Q4","rfs_year":2022,"is_planned":true,"length":null,"owners":"Google","suppliers":"ASN","url":"https://cloud.google.com","landing_points":[{"name":"Swakopmund, Namibia","country":"Namibia"},{"name":"Lagos, Nigeria","country":"Nigeria"},{"name":"Lisbon, Portugal","country":"Portugal"},{"name":"Rupert's Bay, Saint Helena, Ascension and Tristan da Cunha","country":"Saint Helena, Ascension and Tristan da Cunha"},{"name":"Melkbosstrand, South Africa","country":"South Africa"},{"name":"Lome, Togo","country":"Togo"}]}},{"type":"Feature","geometry":{"type":"MultiLineString","coordinates":[[[9.341367618427313,1.175232424070032],[9.225067700815345,1.131014326431796],[9.225067700815345,1.01853421661562],[9.31956763387089,0.93484644390108]]]},"properties":{"id":"mandji-fiber-optic-cable","name":"Mandji Fiber Optic Cable","color":"#939597","rfs":"2023","rfs_year":2023,"is_planned":true,"length":"50 km","owners":"GITGE (Gestor de Infraestructuras de Telecomunicaciones de Guinea Ecuatorial)","suppliers":null,"url":"http://www.gitge.com","landing_points":[{"name":"Cabo San Juan, Equatorial Guinea","country":"Equatorial Guinea"},{"name":"Corisco, Equatorial Guinea","country":"Equatorial Guinea"}]}},{"type":"Feature","geometry":{"type":"MultiLineString","coordinates":[[[-25.059408011740402,17.019177136056072],[-25.03115803175291,16.911292789233244],[-25.060796682631604,16.82344518100311],[-25.077407998988974,16.72458551142151],[-25.077407998988974,16.616813850378605],[-23.962408788864877,15.452760959322148],[-23.751080813571633,15.276859352491755]]]},"properties":{"id":"cabo-verde-telecom-domestic-submarine-cable-phase-2","name":"Cabo Verde Telecom Domestic Submarine Cable Phase 2","color":"#364da0","rfs":"2002","rfs_year":2002,"is_planned":false,"length":null,"owners":"Cabo Verde Telecom (CVT)","suppliers":null,"url":"http://www.cvtelecom.cv","landing_points":[{"name":"Porto Novo\u2014Santo Antao, Cape Verde","country":"Cape Verde"},{"name":"Sao Pedro, Cape Verde","country":"Cape Verde"},{"name":"Tarrafal\u2014Santiago, Cape Verde","country":"Cape Verde"}]}},{"type":"Feature","geometry":{"type":"MultiLineString","coordinates":[[[-22.919050152989968,16.174753793884634],[-23.062409426432907,15.994209911785873],[-23.23110930692428,15.669513225155328],[-23.287409267040857,15.23578178303569],[-23.209772603289423,15.12991920861748],[-23.287409267040857,15.018578573757566],[-23.521209101414883,14.923035560171769],[-23.512409107648892,14.801154224791475],[-23.624909027952924,14.692360031374477],[-23.849908868560874,14.583511645118676],[-24.299908549776944,14.692360031374477],[-24.412408470080948,14.746763925027949],[-24.50093379799378,14.897153768217777],[-24.581158350536953,14.85553088506029],[-24.695416082095676,14.872992709661645],[-24.637408310688897,15.018578573757566],[-24.52490839038498,15.127208002058438],[-24.299908549776944,15.23578178303569],[-24.07490870916891,15.344299555517438],[-23.751080813571633,15.276859352491755],[-24.07490870916891,15.452760959322148],[-25.189907919293006,16.616813850378605],[-25.189907919293006,16.72458551142151],[-25.060796682631604,16.82344518100311],[-25.087407991904882,16.911292789233244],[-25.059408011740402,17.019177136056072]]]},"properties":{"id":"cabo-verde-telecom-domestic-submarine-cable-phase-3","name":"Cabo Verde Telecom Domestic Submarine Cable Phase 3","color":"#21b595","rfs":"2011","rfs_year":2011,"is_planned":false,"length":null,"owners":"Cabo Verde Telecom (CVT)","suppliers":null,"url":"http://www.cvtelecom.cv","landing_points":[{"name":"Nova Sintra, Cape Verde","country":"Cape Verde"},{"name":"Porto Novo\u2014Santo Antao, Cape Verde","country":"Cape Verde"},{"name":"Praia, Cape Verde","country":"Cape Verde"},{"name":"Sal Rei, Cape Verde","country":"Cape Verde"},{"name":"Sao Filipe, Cape Verde","country":"Cape Verde"},{"name":"Sao Pedro, Cape Verde","country":"Cape Verde"},{"name":"Tarrafal\u2014Santiago, Cape Verde","country":"Cape Verde"},{"name":"Vila do Maio, Cape Verde","country":"Cape Verde"}]}},{"type":"Feature","geometry":{"type":"MultiLineString","coordinates":[[[-25.060796682631604,16.82344518100311],[-24.97490807160088,16.642014062854088],[-24.637408310688897,16.53419619825962],[-24.357135071737133,16.56583652167643],[-24.187408629472912,16.426318069774425],[-23.39990918734489,16.53419619825962],[-22.935309907096382,16.677097964299264],[-22.949909506128904,16.426318069774425],[-22.919050152989968,16.174753793884634],[-23.17490934673694,15.994209911785873],[-23.343659227192916,15.669513225155328],[-23.39990918734489,15.23578178303569],[-23.39990918734489,15.018578573757566],[-23.521209101414883,14.923035560171769]]]},"properties":{"id":"cabo-verde-telecom-domestic-submarine-cable-phase-1","name":"Cabo Verde Telecom Domestic Submarine Cable Phase 1","color":"#b32c57","rfs":"1997","rfs_year":1997,"is_planned":false,"length":null,"owners":"Cabo Verde Telecom (CVT)","suppliers":null,"url":"http://www.cvtelecom.cv","landing_points":[{"name":"Murdeira, Cape Verde","country":"Cape Verde"},{"name":"Praia, Cape Verde","country":"Cape Verde"},{"name":"Sal Rei, Cape Verde","country":"Cape Verde"},{"name":"Sao Pedro, Cape Verde","country":"Cape Verde"},{"name":"Tarrafal\u2014Sao Nicolau, Cape Verde","country":"Cape Verde"}]}},{"type":"Feature","geometry":{"type":"MultiLineString","coordinates":[[[6.733269466028645,0.333286471885856],[6.875069365576195,0.118588418888407],[6.750069454127299,-0.331409329660175],[5.650070233377079,-1.231315750217505],[5.63687024272798,-1.435160298356124]]]},"properties":{"id":"ultramar-ge","name":"Ultramar GE","color":"#41b87b","rfs":"2023 January","rfs_year":2023,"is_planned":true,"length":"263 km","owners":"GITGE (Gestor de Infraestructuras de Telecomunicaciones de Guinea Ecuatorial)","suppliers":"ASN","url":"http://www.gitge.com","landing_points":[{"name":"Annobon, Equatorial Guinea","country":"Equatorial Guinea"},{"name":"Sao Tome, Sao Tome and Principe","country":"Sao Tome and Principe"}]}},{"type":"Feature","geometry":{"type":"MultiLineString","coordinates":[[[96.2482060528076,16.758772278045996],[96.44170591573064,14.833379080264962],[96.75000569732802,11.294709319565555],[97.42500521915215,7.354454266299882],[99.67500362523216,5.286069860821101],[100.35000314705607,4.613591578862867],[100.80000282827214,3.266814816815753],[101.25000250948804,2.817450442654064],[102.15000187192001,2.199296754027785],[102.68279723997185,1.783118248528041],[103.34065102845304,1.383978004153676],[103.50000091556822,1.28531735946305],[103.6471008113613,1.338165966949504]]]},"properties":{"id":"singapore-myanmar-sigmar","name":"Singapore-Myanmar (SIGMAR)","color":"#34a496","rfs":"2023 Q1","rfs_year":2023,"is_planned":true,"length":"2,227 km","owners":"Campana Group","suppliers":"HMN Tech","url":"https://www.campanaworks.com/","landing_points":[{"name":"Thanlyin, Myanmar","country":"Myanmar"},{"name":"Tuas, Singapore","country":"Singapore"}]}},{"type":"Feature","geometry":{"type":"MultiLineString","coordinates":[[[92.72647339138612,11.6233755892342],[92.81250848668802,11.294709319565555],[92.250008885168,11.073982781226704],[89.10001111665602,11.735650161405744],[83.70001494206386,13.054150695298716],[81.45001653598385,12.834868817846598],[80.2429873910547,13.063853101883296]],[[92.91387560237851,12.506922878216642],[92.92360298633176,12.45624046231191],[92.9350669936164,12.396497036071935],[92.98750836271651,12.17588718550806],[92.98760601889737,11.976015925931847],[92.8707584454232,11.735650161405744],[92.72647339138612,11.6233755892342],[92.86875844683996,11.294709319565555],[92.75625852653607,10.853089690745378],[92.59717660798114,10.709095116735966],[92.7000085663839,10.410816505402636],[92.92500840699213,9.524411345019587],[92.81641473392077,9.177521361414023],[93.03750832729602,9.08033076823304],[93.31875812805603,8.301880168760817],[93.48145332530132,8.172274246767415],[93.40638306598177,8.079175518240902],[93.45958302829436,7.967776882259614],[93.54375796866393,7.856347922592533],[93.937507689728,7.298762754459602],[93.92744910310356,7.031336722040379]]]},"properties":{"id":"chennai-andaman-nicobar-islands-cable","name":"Chennai-Andaman & Nicobar Islands Cable","color":"#b0c435","rfs":"2020 August","rfs_year":2020,"is_planned":false,"length":"2,300 km","owners":"Bharat Sanchar Nigam Ltd. (BSNL)","suppliers":"NEC","url":"http://www.bsnl.co.in","landing_points":[{"name":"Car Nicobar, India","country":"India"},{"name":"Chennai, India","country":"India"},{"name":"Great Nicobar, India","country":"India"},{"name":"Havelock, India","country":"India"},{"name":"Kamorta, India","country":"India"},{"name":"Little Andaman, India","country":"India"},{"name":"Long Island, India","country":"India"},{"name":"Port Blair, India","country":"India"},{"name":"Rangat, India","country":"India"}]}},{"type":"Feature","geometry":{"type":"MultiLineString","coordinates":[[[54.000035981807684,-20.57441905727606],[54.450035663023755,-20.679706953509026],[54.900035344239626,-20.890063499753126],[55.30323505860932,-20.944427907258927]],[[46.98534095108366,-25.022510261484882],[47.250040763567654,-25.337712186601237],[47.700040444783724,-25.5408960762594]],[[30.90155234499045,-30.02161828745679],[32.40005128343955,-29.92069711126888],[38.70004682046351,-27.553513996438255],[45.000042357487644,-26.350174904573805],[47.700040444783724,-25.5408960762594],[49.050039488431565,-24.7261180292069],[51.750037575727674,-23.08058350574774],[53.550036300591586,-20.995131543025877],[54.000035981807684,-20.57441905727606],[54.900035344239626,-20.15254378601884],[55.800034706671596,-20.15254378601884],[56.700034069103765,-20.046895587328578],[57.49513350584786,-20.12212441603404]]]},"properties":{"id":"meltingpot-indianoceanic-submarine-system-metiss","name":"Meltingpot Indianoceanic Submarine System (METISS)","color":"#69bd45","rfs":"2021 March","rfs_year":2021,"is_planned":false,"length":"3,200 km","owners":"CEB Fibernet, Canal+ Telecom, Emtel, SFR, Telma (Telecom Malagasy), Zeop (incl. Reunicable)","suppliers":"ASN","url":null,"landing_points":[{"name":"Fort Dauphin, Madagascar","country":"Madagascar"},{"name":"Baie du Tombeau, Mauritius","country":"Mauritius"},{"name":"Le Port, R\u00e9union","country":"R\u00e9union"},{"name":"Umbogintwini, South Africa","country":"South Africa"}]}},{"type":"Feature","geometry":{"type":"MultiLineString","coordinates":[[[57.485483512684,-20.4739956609462],[57.71253335183965,-20.679706953509026],[58.050033112751606,-20.679706953509026],[59.400032156399845,-20.57441905727606],[61.650030562479856,-20.15254378601884],[62.77502976551986,-19.68301691579981],[63.33752936703985,-19.570614456630267],[63.44822928861899,-19.674355986985773]]]},"properties":{"id":"mauritius-and-rodrigues-submarine-cable-system-mars","name":"Mauritius and Rodrigues Submarine Cable System (MARS)","color":"#2fb34a","rfs":"2019 February","rfs_year":2019,"is_planned":false,"length":"677 km","owners":"Mauritius Telecom","suppliers":"HMN Tech","url":"https://www.myt.mu/mars","landing_points":[{"name":"Baie Jacotet, Mauritius","country":"Mauritius"},{"name":"Grand Baie (Rodrigues), Mauritius","country":"Mauritius"}]}},{"type":"Feature","geometry":{"type":"MultiLineString","coordinates":[[[45.34418211369595,2.041205223228673],[46.800041082351555,2.030661890474562],[49.500039169647664,1.468426767332062]],[[49.18792939074925,11.275556936623303],[48.82503964782373,11.735650161405744],[48.600039807215495,11.95585820711483]],[[44.55004267627157,11.294709319565555],[45.450042038703714,11.184367066436806],[48.600039807215495,11.95585820711483],[52.650036938159616,12.944533868662859],[54.000035981807684,13.163718917913684],[55.12503518484766,12.615395567393307],[54.450035663023755,9.524411345019587],[52.650036938755704,5.510071711803135],[49.500039169647664,1.468426767332062],[45.67504187931155,-1.456253566768368],[42.30004427019156,-3.703826470668162],[39.672896131287985,-4.052924364763157]],[[44.55004267627157,11.294709319565555],[43.6500433138396,11.510285103755706],[43.147993669496344,11.594869371447714]]]},"properties":{"id":"djibouti-africa-regional-express-1-dare1","name":"Djibouti Africa Regional Express 1 (DARE1)","color":"#a8b737","rfs":"2021 February","rfs_year":2021,"is_planned":false,"length":"4,854 km","owners":"Djibouti Telecom, Hormuud Telecom Somalia, Somtel International, Telkom Kenya","suppliers":"Subcom","url":null,"landing_points":[{"name":"Djibouti City, Djibouti","country":"Djibouti"},{"name":"Mombasa, Kenya","country":"Kenya"},{"name":"Bosaso, Somalia","country":"Somalia"},{"name":"Mogadishu, Somalia","country":"Somalia"}]}},{"type":"Feature","geometry":{"type":"MultiLineString","coordinates":[[[37.91254737893155,20.375041253465525],[38.100047245508904,20.515592009193767],[39.182756478507656,21.481533475503085]],[[11.981315748271214,35.419780517080454],[13.668814552823221,35.694348446523605],[14.350104069595545,35.95240101739202]],[[27.900054471279333,31.861808602270827],[31.500051920411693,34.25018044028607],[32.46665123625965,34.76657169708608]],[[44.55004267627157,11.625479959569759],[43.24223110273755,12.615395567393307],[43.15785616250969,12.834868817846598],[42.86254387230764,13.054150695298716],[42.24379431063568,13.929303843271725],[41.737544669267635,14.801154224791475],[40.275045705317666,16.53419619825962],[39.26254642257959,18.251816319028308],[37.91254737893155,20.375041253465525],[37.1250479368035,22.05298561667763],[35.887548813459574,24.12261698700334],[34.87504953072349,25.754704263415306],[34.42504984891153,26.562513149236622],[33.86255024739151,27.364667993860166],[33.370838095731244,28.161052262220892],[32.65318110412005,29.113614162980156],[31.725051761615447,29.099110450974905],[31.050052239791512,29.34456698948989],[30.375052717967577,29.711645057947948],[29.98130299690345,30.320335942474912],[29.700933195520264,31.072270031660224]],[[29.700933195520264,31.072270031660224],[27.900054471279333,31.861808602270827],[25.20005638398345,32.575628370353314],[22.05005861487558,33.315153958129144],[19.35006052817539,33.18971466460036],[16.65006244087931,32.81231878328768],[14.4000640347993,33.70598849685862],[11.981315748271214,35.419780517080454],[11.812565867807308,35.78566189952613],[11.250066265095512,37.232354321556215],[10.348617229769246,37.500588446053314],[9.000067859611391,37.500588446053314],[7.200069135343199,37.94551049545976],[6.525069613519264,38.651811712711236],[5.625070251087294,41.744358789482135],[5.372530429989041,43.29362778902916]],[[55.350035025455725,13.929303843271725],[55.350035025455725,12.615395567393307],[54.900035344239626,9.524411345019587],[53.55003630118787,5.510071711803135],[50.400038532079606,1.468426767332062],[45.900041719919614,-1.681168935905106],[42.30004427019156,-3.928327304142726],[39.672896131287985,-4.052924364763157]],[[55.350035025455725,13.929303843271725],[48.600039807215495,12.285833556268273],[45.450042038703714,11.515266158038685],[44.55004267627157,11.625479959569759]]]},"properties":{"id":"peace-cable","name":"PEACE Cable","color":"#0090c5","rfs":"2022 March","rfs_year":2022,"is_planned":false,"length":"21,500 km","owners":"Peace Cable International Network Co. Ltd.","suppliers":"HMN Tech","url":"http://www.peacecable.net","landing_points":[{"name":"Yeroskipos, Cyprus","country":"Cyprus"},{"name":"Djibouti City, Djibouti","country":"Djibouti"},{"name":"Abu Talat, Egypt","country":"Egypt"},{"name":"Zafarana, Egypt","country":"Egypt"},{"name":"Marseille, France","country":"France"},{"name":"Mombasa, Kenya","country":"Kenya"},{"name":"Kulhudhufushi, Maldives","country":"Maldives"},{"name":"Mellieha, Malta","country":"Malta"},{"name":"Gwadar, Pakistan","country":"Pakistan"},{"name":"Karachi, Pakistan","country":"Pakistan"},{"name":"Jeddah, Saudi Arabia","country":"Saudi Arabia"},{"name":"Victoria, Seychelles","country":"Seychelles"},{"name":"Tuas, Singapore","country":"Singapore"},{"name":"Bosaso, Somalia","country":"Somalia"},{"name":"Hobyo, Somalia","country":"Somalia"},{"name":"Kismayo, Somalia","country":"Somalia"},{"name":"Mogadishu, Somalia","country":"Somalia"}]}},{"type":"Feature","geometry":{"type":"MultiLineString","coordinates":[[[58.950032475183775,15.669513225155328],[65.75491565746177,16.023209891747115],[69.85980075244368,13.331955195911831],[71.31957572416837,9.118188242772504],[73.07152247079176,6.622458884185221],[73.5146861662106,6.443299995633765],[74.25002163593186,5.659359572411404],[78.30001876747187,3.266814816815753],[79.65001781052402,2.742538766119736],[81.00001685476795,2.367912558705314],[85.50001366692797,-0.781332308789217],[90.00001047908799,0.118642751260523],[92.7000085663839,4.164912849976844],[94.27500745064,5.061986954416028],[95.40000665367998,5.845915088460174],[97.42500521915215,5.398081130463737],[97.65000505975999,5.286069860821101],[98.32500458158412,4.613591578862867],[99.78750354553605,3.266814816815753],[101.25000250948804,1.974446286104069],[102.15000187192001,1.749565394075489],[102.68279723997185,1.502034277710749],[103.34065102845304,1.159233669139525],[103.64621081139578,1.338645835654745]],[[53.55003630118787,5.510071711803135],[50.850038213295704,5.733989114150035],[49.500039169647664,5.733989114150035],[48.522039862471644,5.350192596890764]],[[45.900041719919614,-1.681168935905106],[45.22504219809568,-1.568714273759809],[44.100042995055674,-1.231315750217505],[43.08754371231959,-0.781386636225506],[42.54514409656065,-0.362708732883334]],[[50.400038532079606,1.468426767332062],[46.800041082351555,2.143087178471944],[45.34418211369595,2.041205223228673]],[[48.600039807215495,12.285833556268273],[48.93753956812765,11.735650161405744],[49.18792939074925,11.275556936623303]],[[50.400038532079606,1.468426767332062],[52.200037256943745,-2.130918480960247],[54.000035981807684,-3.928327304142726],[55.44505495814283,-4.617611322442229]],[[65.25002801220771,22.884654113882362],[63.0000296061277,24.532657566160623],[62.32496971795777,25.132264042220044]],[[67.02854675228852,24.889731701235718],[65.25002801220771,22.884654113882362],[64.35002864977574,20.375041253465525],[60.97503104065572,16.965102599435824],[58.950032475183775,15.669513225155328],[55.350035025455725,13.929303843271725]],[[44.55004267627157,11.625479959569759],[43.6500433138396,11.65285521978413],[43.147993669496344,11.594869371447714]]]},"properties":{"id":"peace-cable","name":"PEACE Cable","color":"#939597","rfs":"2022 March","rfs_year":2022,"is_planned":false,"length":"21,500 km","owners":"Peace Cable International Network Co. Ltd.","suppliers":"HMN Tech","url":"http://www.peacecable.net","landing_points":[{"name":"Yeroskipos, Cyprus","country":"Cyprus"},{"name":"Djibouti City, Djibouti","country":"Djibouti"},{"name":"Abu Talat, Egypt","country":"Egypt"},{"name":"Zafarana, Egypt","country":"Egypt"},{"name":"Marseille, France","country":"France"},{"name":"Mombasa, Kenya","country":"Kenya"},{"name":"Kulhudhufushi, Maldives","country":"Maldives"},{"name":"Mellieha, Malta","country":"Malta"},{"name":"Gwadar, Pakistan","country":"Pakistan"},{"name":"Karachi, Pakistan","country":"Pakistan"},{"name":"Jeddah, Saudi Arabia","country":"Saudi Arabia"},{"name":"Victoria, Seychelles","country":"Seychelles"},{"name":"Tuas, Singapore","country":"Singapore"},{"name":"Bosaso, Somalia","country":"Somalia"},{"name":"Hobyo, Somalia","country":"Somalia"},{"name":"Kismayo, Somalia","country":"Somalia"},{"name":"Mogadishu, Somalia","country":"Somalia"}]}},{"type":"Feature","geometry":{"type":"MultiLineString","coordinates":[[[43.24330360197786,-11.70058928227246],[43.14379367247156,-11.943944931746927],[43.31254355292762,-12.163983680780518],[43.537543393535486,-12.163983680780518],[43.87504315444764,-12.163983680780518],[44.55004267627157,-12.603512104971372],[45.000042357487644,-12.822995625629687],[45.16576224009026,-12.81709644553311]]]},"properties":{"id":"fly-lion3","name":"FLY-LION3","color":"#c7b22e","rfs":"2019 October","rfs_year":2019,"is_planned":false,"length":"400 km","owners":"Comoros Cables, Orange, Soci\u00e9t\u00e9 R\u00e9unionnaise du Radiot\u00e9l\u00e9phone","suppliers":"ASN","url":null,"landing_points":[{"name":"Moroni, Comoros","country":"Comoros"},{"name":"Kaweni, Mayotte","country":"Mayotte"}]}},{"type":"Feature","geometry":{"type":"MultiLineString","coordinates":[[[34.894869516086914,29.492576422604117],[34.950974476341685,29.512254681383894],[35.007079436596456,29.53192911521984]]]},"properties":{"id":"taba-aqaba","name":"Taba-Aqaba","color":"#98a439","rfs":"1998","rfs_year":1998,"is_planned":false,"length":"13 km","owners":"National Electric Power Company of Jordan","suppliers":null,"url":null,"landing_points":[{"name":"Taba, Egypt","country":"Egypt"},{"name":"Aqaba, Jordan","country":"Jordan"}]}},{"type":"Feature","geometry":{"type":"MultiLineString","coordinates":[[[-38.54296845985962,-3.718735129291019],[-35.999900261393066,-2.580536704984041],[-34.199901536528955,-2.130918480960247],[-25.199907912208914,-1.906058394384871],[-10.799918113296798,-2.805287932308005],[-3.599923213840782,-2.805287932308005],[0.450073917103168,-1.081346446098905],[6.300069772911229,1.918228780215685],[8.10006849777534,2.480311786858834],[9.00006786020731,2.592701464601845],[9.91022721544212,2.933124533518679]]]},"properties":{"id":"south-atlantic-inter-link-sail","name":"South Atlantic Inter Link (SAIL)","color":"#c62a26","rfs":"2020","rfs_year":2020,"is_planned":false,"length":"5,800 km","owners":"Camtel, China Unicom","suppliers":"HMN Tech","url":null,"landing_points":[{"name":"Fortaleza, Brazil","country":"Brazil"},{"name":"Kribi, Cameroon","country":"Cameroon"}]}},{"type":"Feature","geometry":{"type":"MultiLineString","coordinates":[[[-38.542964866112186,-3.718736532579186],[-36.44989994260905,-0.781386636225506],[-35.09990089896101,0.568578852526286],[-31.049903768016975,3.715978119297972],[-27.85950075469046,7.716632622882912],[-25.649907593424984,11.294709319565555],[-24.299908549776944,14.365653759228536],[-24.07490870916891,14.801154224791475],[-23.39990918734489,16.10232559580288],[-21.599910462480864,19.952622905164304],[-19.599911879298674,22.884654113882362],[-18.449912693968884,24.941363171753835],[-17.66241325184083,27.763588526057674],[-17.470384579281784,28.275606244082894],[-17.099913650320843,28.951554732193216],[-17.198548585293963,29.690264251007818],[-17.54520361315727,32.07431422012104],[-17.32491349092888,32.81231878328768],[-17.099913650320843,33.18971466460036],[-13.949915881808863,35.419780517080454],[-12.149917156944838,36.51238821239372],[-9.449919069648843,37.85673997565843],[-8.86959721512926,37.95721527519197]],[[-23.521209101414883,14.923035560171769],[-23.849908868560874,14.801154224791475],[-24.07490870916891,14.801154224791475]],[[-17.099913650320843,33.18971466460036],[-16.874913809712808,32.81231878328768],[-16.908898160638017,32.647276965637786]]]},"properties":{"id":"ellalink","name":"EllaLink","color":"#c22c75","rfs":"2021 June","rfs_year":2021,"is_planned":false,"length":"6,200 km","owners":"EllaLink","suppliers":"ASN","url":"http://www.ella.link/","landing_points":[{"name":"Fortaleza, Brazil","country":"Brazil"},{"name":"Praia, Cape Verde","country":"Cape Verde"},{"name":"Funchal, Portugal","country":"Portugal"},{"name":"Sines, Portugal","country":"Portugal"}]}},{"type":"Feature","geometry":{"type":"MultiLineString","coordinates":[[[49.18792939074925,11.275556936623303],[48.600039807215495,13.601498202276503]],[[54.14808587692781,17.095827186725558],[54.000035981807684,16.53419619825962],[52.650036938159616,15.561165635263421],[48.600039807215495,13.601498202276503],[45.450042038703714,12.834868817846598],[45.123342270140824,10.81596353465244],[45.01088234980861,10.435118748992778]]]},"properties":{"id":"gulf2africa-g2a","name":"Gulf2Africa (G2A)","color":"#d1b32a","rfs":"2017 December","rfs_year":2017,"is_planned":false,"length":"1,500 km","owners":"Golis Telecommunications, Omantel, Telesom","suppliers":"HMN Tech","url":null,"landing_points":[{"name":"Salalah, Oman","country":"Oman"},{"name":"Berbera, Somalia","country":"Somalia"},{"name":"Bosaso, Somalia","country":"Somalia"}]}},{"type":"Feature","geometry":{"type":"MultiLineString","coordinates":[[[3.423511810692077,6.439066911484701],[4.050071366831219,4.164912849976844],[5.400070410479259,3.042156042425745],[6.300069772911229,2.817450442654064],[8.10006849777534,2.705081160335851],[9.00006786020731,2.817450442654064],[9.91022721544212,2.933124533518679]]]},"properties":{"id":"nigeria-cameroon-submarine-cable-system-ncscs","name":"Nigeria Cameroon Submarine Cable System (NCSCS)","color":"#36b449","rfs":"2015 December","rfs_year":2015,"is_planned":false,"length":"1,100 km","owners":"Camtel","suppliers":"HMN Tech","url":null,"landing_points":[{"name":"Kribi, Cameroon","country":"Cameroon"},{"name":"Lagos, Nigeria","country":"Nigeria"}]}},{"type":"Feature","geometry":{"type":"MultiLineString","coordinates":[[[-18.449912693968884,11.735650161405744],[-16.64991396910486,11.735650161405744],[-16.199914287888873,11.680570534838523],[-15.791145687384272,11.774131923775144]],[[6.300069772911229,2.367912558705314],[8.10006849777534,2.592701464601845],[9.00006786020731,2.705081160335851],[9.91022721544212,2.933124533518679]],[[18.449961165814358,-33.69332014378628],[17.55006180331145,-33.55534420877598],[16.20006275966341,-32.61276000573585],[14.85006371601537,-30.309953344646914],[11.70006594750339,-23.493922445897766],[10.35006690385535,-18.026426383713385],[10.35006690385535,-10.620064860363328],[9.00006786020731,-6.616650693475464],[8.55006817899124,-4.825692499217524],[6.987569285284223,0.118588418888407],[6.733269466028645,0.333286471885856]],[[7.200069135343199,1.01853421661562],[8.55006817899124,0.793562652607278],[9.454267538448192,0.394465191855375]],[[7.200069135343199,1.468426767332062],[9.00006786020731,1.468426767332062],[9.768227316036075,1.860150409321903]],[[3.423511810692077,6.439066911484701],[2.475072482575314,4.164912849976844],[2.250072641967279,3.828234303320954]],[[2.440112507341183,6.356673335458169],[1.800072960751208,5.061986954416028],[1.800072960751208,3.828234303320954]],[[-0.204315619320994,5.558285889905761],[-0.674925285936666,3.279837005485092],[-0.674925285936666,2.830478071896835]],[[-10.797188115230767,6.300378530564558],[-12.599916838160823,4.613591578862867]],[[-13.238096386068491,8.485442435793999],[-14.849915244240833,6.852191098754417]],[[-15.749914606672803,7.744889052551343],[-13.70382605614111,9.513434601362718]],[[-17.999913012752813,13.492128176464178],[-17.099913650320843,13.492128176464178],[-16.58136401766629,13.456136894896872]],[[-15.978284444893546,18.083868491706937],[-17.099913650320843,18.251816319028308],[-18.449912693968884,18.251816319028308]],[[-4.338542690595716,47.81102015174923],[-5.849921619920792,47.65407102366086],[-7.649920344784732,46.89076287862241],[-10.799918113296798,43.40114497315386],[-10.799918113296798,39.69832335493328],[-10.349918432080813,39.00237890905848],[-9.331559153496016,38.69016197235561],[-9.899918750864742,38.29952060596935],[-11.249917794512783,36.51238821239372],[-11.699917475728853,35.419780517080454],[-13.274916359984843,32.052708023486105],[-14.174915722416813,29.73606949729205],[-14.737415323936801,28.161052262220892],[-15.299914925456818,26.964304734562802]],[[2.475072482575314,4.164912849976844],[5.400070410479259,2.592701464601845],[6.300069772911229,2.367912558705314],[7.200069135343199,1.468426767332062],[7.200069135343199,1.01853421661562],[6.733269466028645,0.333286471885856]],[[-16.51801406254387,28.059088061264703],[-16.199914287888873,27.56430948794184],[-15.299914925456818,26.964304734562802],[-17.099913650320843,22.884654113882362],[-18.449912693968884,19.952622905164304],[-18.449912693968884,16.53419619825962],[-17.999913012752813,15.23578178303569],[-17.44571340535299,14.686594841995088],[-17.999913012752813,13.929303843271725],[-17.999913012752813,13.492128176464178],[-18.449912693968884,11.735650161405744],[-17.099913650320843,8.635699417327544],[-15.749914606672803,7.744889052551343],[-14.849915244240833,6.852191098754417],[-12.599916838160823,4.613591578862867],[-10.799918113296798,2.817450442654064],[-5.399921938704722,2.817450442654064],[-4.38742265596872,3.266814816815753],[-4.026242911831901,5.323508791824736],[-3.824923054448732,3.266814816815753],[-3.149923532624712,2.817450442654064],[-0.674925285936666,2.830478071896835],[1.575073120143173,3.828234303320954],[2.250072641967279,3.828234303320954]]]},"properties":{"id":"africa-coast-to-europe-ace","name":"Africa Coast to Europe (ACE)","color":"#8cc63f","rfs":"2012 December","rfs_year":2012,"is_planned":false,"length":"17,000 km","owners":"Benin ACE GIE, Cable Consortium of Liberia, Canalink, Dolphin Telecom, GUILAB, Gambia Submarine Cable Company, International Mauritania Telecom, MTN, Orange, Orange Cameroun, Orange Cote d\u2019Ivoire, Orange Mali, Republic of Cameroon, Republic of Equatorial Guinea, Republic of Gabon, Republic of Guinea Bissau, STP Cabo, Sierra Leone Cable Company, Sonatel, Zamani Telecom","suppliers":"ASN","url":"https://ace-submarinecable.com/","landing_points":[{"name":"Cotonou, Benin","country":"Benin"},{"name":"Kribi, Cameroon","country":"Cameroon"},{"name":"Abidjan, C\u00f4te d'Ivoire","country":"C\u00f4te d'Ivoire"},{"name":"Bata, Equatorial Guinea","country":"Equatorial Guinea"},{"name":"Penmarch, France","country":"France"},{"name":"Libreville, Gabon","country":"Gabon"},{"name":"Banjul, Gambia","country":"Gambia"},{"name":"Accra, Ghana","country":"Ghana"},{"name":"Conakry, Guinea","country":"Guinea"},{"name":"Suro, Guinea-Bissau","country":"Guinea-Bissau"},{"name":"Monrovia, Liberia","country":"Liberia"},{"name":"Nouakchott, Mauritania","country":"Mauritania"},{"name":"Lagos, Nigeria","country":"Nigeria"},{"name":"Carcavelos, Portugal","country":"Portugal"},{"name":"Sao Tome, Sao Tome and Principe","country":"Sao Tome and Principe"},{"name":"Dakar, Senegal","country":"Senegal"},{"name":"Freetown, Sierra Leone","country":"Sierra Leone"},{"name":"Duynefontein, South Africa","country":"South Africa"},{"name":"Granadilla, Canary Islands, Spain","country":"Spain"}]}},{"type":"Feature","geometry":{"type":"MultiLineString","coordinates":[[[29.893513059094772,31.191465077638554],[30.150052877359542,31.67051304708704],[35.55004905195153,34.77547607575676],[35.897798805602406,34.89170328553857]]]},"properties":{"id":"aletar","name":"Aletar","color":"#57b947","rfs":"1997 April","rfs_year":1997,"is_planned":false,"length":"787 km","owners":"Liban Telecom, Syrian Telecommunications Establishment, Telecom Egypt","suppliers":"ASN","url":null,"landing_points":[{"name":"Alexandria, Egypt","country":"Egypt"},{"name":"Tartous, Syria","country":"Syria"}]}},{"type":"Feature","geometry":{"type":"MultiLineString","coordinates":[[[2.901442180531063,36.800219896643256],[2.700072323183178,37.232354321556215],[2.700072323183178,38.651811712711236],[2.970972131275403,39.35484412819346]]]},"properties":{"id":"alpal-2","name":"ALPAL-2","color":"#b55927","rfs":"2002 July","rfs_year":2002,"is_planned":false,"length":"312 km","owners":"Algerie Telecom, Orange, Telecom Italia Sparkle, Telxius","suppliers":"Pirelli","url":null,"landing_points":[{"name":"El Djamila, Algeria","country":"Algeria"},{"name":"Ses Covetes, Spain","country":"Spain"}]}},{"type":"Feature","geometry":{"type":"MultiLineString","coordinates":[[[-6.035761488270055,35.470615921385786],[-5.849921619920792,35.78566189952613],[-5.624921779312757,35.83127933955626],[-4.499922576272752,36.14986678681771],[-2.249924170192742,36.240655233214795],[2.250072641967279,38.12273010839229],[4.050071366831219,39.00237890905848],[5.062570648971388,40.04369219282995],[5.175070569871224,41.744358789482135],[5.372530429989041,43.29362778902916]]]},"properties":{"id":"atlas-offshore","name":"Atlas Offshore","color":"#5ab946","rfs":"2007 July","rfs_year":2007,"is_planned":false,"length":"1,634 km","owners":"Maroc Telecom","suppliers":"ASN","url":"https://www.iam.ma","landing_points":[{"name":"Marseille, France","country":"France"},{"name":"Asilah, Morocco","country":"Morocco"}]}},{"type":"Feature","geometry":{"type":"MultiLineString","coordinates":[[[78.14522887712647,8.802499062914308],[78.30001876747187,8.190543417795567],[79.20001812990384,6.852191098754417],[79.86681765753698,6.833088156653076]]]},"properties":{"id":"bharat-lanka-cable-system","name":"Bharat Lanka Cable System","color":"#26ae4a","rfs":"2006 June","rfs_year":2006,"is_planned":false,"length":"325 km","owners":"Bharat Sanchar Nigam Ltd. (BSNL), Sri Lanka Telecom","suppliers":"NEC","url":null,"landing_points":[{"name":"Tuticorine, India","country":"India"},{"name":"Mt. Lavinia, Sri Lanka","country":"Sri Lanka"}]}},{"type":"Feature","geometry":{"type":"MultiLineString","coordinates":[[[-16.412574137834554,28.310603161410427],[-16.031164407432783,28.39196396138891],[-15.749914606672803,28.55704546571141],[-14.962415164544836,28.951554732193216],[-13.724916040604825,29.73606949729205],[-10.124918591472778,33.93964008831958],[-8.324919866608838,35.419780517080454],[-6.749920982352762,36.14986678681771],[-6.087131451879088,36.27672346192381]],[[-7.199920663568747,36.51238821239372],[-6.299921301136777,35.60293032290622],[-6.035761488270055,35.470615921385786]],[[-15.524914766064853,28.359233526108653],[-15.487704792424722,28.1343621820335]],[[-15.412414845760821,28.55704546571141],[-15.749914606672803,28.50762719638061],[-16.031164407432783,28.34246846660676],[-16.41256413724568,28.31058555362941]],[[-16.51801406254387,28.059088061264703],[-16.42491412849691,27.962503359972544],[-16.537414048800827,27.863091576993526],[-16.76241388940886,27.863091576993526],[-16.98121373440904,28.159242763304235],[-17.099913650320843,28.359233526108653],[-17.364803462670494,28.663271035325494],[-17.58982330326421,28.712616152639697],[-17.765193179030604,28.663271035325494]],[[-15.412414845760821,28.55704546571141],[-15.299914925456818,28.458185766004647],[-15.243664965304845,28.161052262220892],[-15.299914925456818,28.061823659710228],[-15.398744855444761,27.95939426104593]],[[-6.363011256443286,36.62627284935817],[-7.199920663568747,36.51238821239372],[-8.999919388432772,35.419780517080454],[-11.024917953904747,33.93964008831958],[-14.624915403632798,29.73606949729205],[-15.074915084848868,28.951554732193216],[-15.412414845760821,28.55704546571141],[-15.524914766064853,28.359233526108653],[-16.031164407432783,28.29295870317665],[-16.51801406254387,28.059088061264703]]]},"properties":{"id":"canalink","name":"Canalink","color":"#5a4a9e","rfs":"2011","rfs_year":2011,"is_planned":false,"length":"1,835 km","owners":"IT3","suppliers":"ASN","url":"http://www.canalink.tel/","landing_points":[{"name":"Asilah, Morocco","country":"Morocco"},{"name":"Conil, Spain","country":"Spain"},{"name":"El Goro, Canary Islands, Spain","country":"Spain"},{"name":"Granadilla, Canary Islands, Spain","country":"Spain"},{"name":"G\u00fcimar, Canary Islands, Spain","country":"Spain"},{"name":"Rota, Spain","country":"Spain"},{"name":"Santa Cruz de La Palma, Canary Islands, Spain","country":"Spain"},{"name":"Tinocas, Canary Islands, Spain","country":"Spain"}]}},{"type":"Feature","geometry":{"type":"MultiLineString","coordinates":[[[9.250947682481751,3.002760948286323],[9.91022721544212,2.933124533518679]],[[9.768227316036075,1.860150409321903],[9.250947682481751,3.002760948286323],[9.052797822852995,3.809525949617012],[8.832297979057273,3.809525949617012],[8.782298014477703,3.750863902152105]]]},"properties":{"id":"ceiba-2","name":"Ceiba-2","color":"#4fbe9c","rfs":"2017","rfs_year":2017,"is_planned":false,"length":"290 km","owners":"GITGE (Gestor de Infraestructuras de Telecomunicaciones de Guinea Ecuatorial)","suppliers":"HMN Tech","url":"http://www.gitge.com","landing_points":[{"name":"Kribi, Cameroon","country":"Cameroon"},{"name":"Bata, Equatorial Guinea","country":"Equatorial Guinea"},{"name":"Malabo, Equatorial Guinea","country":"Equatorial Guinea"}]}},{"type":"Feature","geometry":{"type":"MultiLineString","coordinates":[[[9.768227316036075,1.860150409321903],[9.425067559133595,2.967159342638126],[9.052797822852995,3.859513756649619],[8.782298014477703,3.859513756649619],[8.782298014477703,3.750863902152105]]]},"properties":{"id":"ceiba-1","name":"Ceiba-1","color":"#3366b1","rfs":"2011 June","rfs_year":2011,"is_planned":false,"length":"287 km","owners":"GITGE (Gestor de Infraestructuras de Telecomunicaciones de Guinea Ecuatorial)","suppliers":null,"url":"http://www.gitge.com","landing_points":[{"name":"Bata, Equatorial Guinea","country":"Equatorial Guinea"},{"name":"Malabo, Equatorial Guinea","country":"Equatorial Guinea"}]}},{"type":"Feature","geometry":{"type":"MultiLineString","coordinates":[[[43.4892034277801,-11.923115063020134],[44.029043045352836,-11.808811027678217],[44.400042782532864,-12.166271132901954],[44.029043045352836,-12.019795534362657],[43.73969325033076,-12.287868671415396],[43.54749338648705,-12.045379517998498],[43.4892034277801,-11.923115063020134]]]},"properties":{"id":"comoros-domestic-cable-system","name":"Comoros Domestic Cable System","color":"#5cc4c1","rfs":"2010","rfs_year":2010,"is_planned":false,"length":null,"owners":"Comores Telecom","suppliers":"ASN","url":null,"landing_points":[{"name":"Chindini, Comoros","country":"Comoros"},{"name":"Fomboni Moheli, Comoros","country":"Comoros"},{"name":"Mutsamudu, Comoros","country":"Comoros"}]}},{"type":"Feature","geometry":{"type":"MultiLineString","coordinates":[[[79.87208765380373,6.927036656836265],[79.20001812990384,6.181557032537114],[74.25002163652775,4.164912849976844],[73.50002216783449,4.166668198861885]]]},"properties":{"id":"dhiraagu-slt-submarine-cable-network","name":"Dhiraagu-SLT Submarine Cable Network","color":"#a44399","rfs":"2007 February","rfs_year":2007,"is_planned":false,"length":"850 km","owners":"Dhiraagu, Sri Lanka Telecom","suppliers":"NEC","url":"http://www.dhiraagu.com.mv","landing_points":[{"name":"Male, Maldives","country":"Maldives"},{"name":"Colombo, Sri Lanka","country":"Sri Lanka"}]}},{"type":"Feature","geometry":{"type":"MultiLineString","coordinates":[[[-5.391811944449927,35.565918934421404],[-5.174922098096772,35.78566189952613],[-5.174922098096772,36.240655233214795],[-5.145872118676039,36.42741977174609]]]},"properties":{"id":"estepona-tetouan","name":"Estepona-Tetouan","color":"#2ca887","rfs":"1994 July","rfs_year":1994,"is_planned":false,"length":"113 km","owners":"Maroc Telecom, Telxius","suppliers":"STC Submarine Systems","url":null,"landing_points":[{"name":"T\u00e9touan, Morocco","country":"Morocco"},{"name":"Estepona, Spain","country":"Spain"}]}},{"type":"Feature","geometry":{"type":"MultiLineString","coordinates":[[[-0.204315619320994,5.558285889905761],[-0.449925445328716,3.279837005485092],[-0.449925445328716,2.156121468705749]],[[-4.544402544762761,50.82820142743802],[-6.074881460557094,50.382957439948456],[-7.649920344784732,49.73293362369091],[-9.899918750864742,48.70423463096077],[-14.399915563024848,44.051519228735145],[-14.399915563024848,39.69832335493328],[-13.499916200592793,35.78566189952613],[-12.824916678768858,33.18971466460036],[-12.599916838160823,30.126049846722907],[-13.499916200592793,28.161052262220892],[-14.624915403632798,26.964304734562802],[-17.549913331536914,22.884654113882362],[-18.89991237518487,19.952622905164304],[-18.89991237518487,14.801154224791475],[-18.89991237518487,11.735650161405744],[-17.549913331536914,8.635699417327544],[-13.049916519376808,4.164912849976844],[-10.799918113296798,1.918228780215685],[-3.599923213840782,1.918228780215685],[-0.449925445328716,2.156121468705749],[1.575073120143173,3.266814816815753],[2.250072641967279,3.379125568250004],[2.700072323183178,4.164912849976844],[3.423511810692077,6.439066911484701]]]},"properties":{"id":"glo-1","name":"Glo-1","color":"#3665b0","rfs":"2010 October","rfs_year":2010,"is_planned":false,"length":"9,800 km","owners":"Globacom Limited","suppliers":"ASN","url":"http://www.gloworld.com","landing_points":[{"name":"Accra, Ghana","country":"Ghana"},{"name":"Lagos, Nigeria","country":"Nigeria"},{"name":"Bude, United Kingdom","country":"United Kingdom"}]}},{"type":"Feature","geometry":{"type":"MultiLineString","coordinates":[[[49.27503932903963,28.951554732193216],[49.16253940873568,28.853067255226364]],[[56.333724328601164,25.121690004958737],[56.700034069103765,25.348717422116806],[56.86878394955983,26.159307970773796],[56.700034069103765,26.562513149236622],[56.250034387887666,26.562513149236622],[55.800034706671596,26.2097854122473],[55.350035025455725,25.95717997876443],[53.550036300591586,25.95717997876443],[52.200037256943745,25.8559854660721],[51.45198778686901,25.53892654713283],[51.750037575727674,26.159307970773796],[51.750037575727674,26.562513149236622],[51.52503773511961,26.964304734562802],[50.850038213295704,27.364667993860166],[50.17503869147157,28.161052262220892],[49.16253940873568,28.853067255226364],[48.600039807215495,29.049948644465616],[47.97484025011303,29.37410420420028]],[[56.333724328601164,25.121690004958737],[57.150033750319835,25.348717422116806],[57.09378379016769,26.159307970773796],[56.9250339097116,26.562513149236622],[56.250034387887666,26.763586569619832],[55.800034706671596,26.512189502051882],[55.350035025455725,26.512189502051882],[53.550036300591586,26.461843796189072],[53.100036619375715,26.562513149236622],[52.42503709755158,26.964304734562802],[51.750037575727674,27.364667993860166],[50.400038532079606,28.55704546571141],[49.27503932903963,28.951554732193216],[48.82503964782373,29.540507745394393],[48.531779855571585,29.92363278689706]],[[58.17620302337187,23.684877531684634],[58.331282913511615,23.917101290935022],[58.50003279396768,24.12261698700334]],[[50.656188350620795,26.241586178580576],[51.07503805390374,26.562513149236622],[51.52503773511961,26.964304734562802]],[[50.21419866373054,26.285375359318067],[50.231288651623714,26.461843796189072],[50.400038532079606,26.964304734562802],[50.850038213295704,27.364667993860166]],[[50.842718218481366,28.970348642858426],[50.400038532079606,28.55704546571141]],[[56.333724328601164,25.121690004958737],[56.9250339097116,24.762719791019123],[58.50003279396768,24.12261698700334],[59.85003183761572,24.63495976683231],[63.67502912795163,22.469443964829594],[66.60002705585575,20.585819096040467],[70.2000245055838,19.846840405431607],[72.87590260996691,19.076074257285313]]]},"properties":{"id":"gulf-bridge-international-cable-system-gbicsmiddle-east-north-africa-mena-cable-system","name":"Gulf Bridge International Cable System (GBICS)/Middle East North Africa (MENA) Cable System","color":"#b8d432","rfs":"2012 February","rfs_year":2012,"is_planned":false,"length":"5,270 km","owners":"Gulf Bridge International","suppliers":"Subcom","url":"http://www.gbiinc.com","landing_points":[{"name":"Al Hidd, Bahrain","country":"Bahrain"},{"name":"Mumbai, India","country":"India"},{"name":"Bushehr, Iran","country":"Iran"},{"name":"Al Faw, Iraq","country":"Iraq"},{"name":"Kuwait City, Kuwait","country":"Kuwait"},{"name":"Al Seeb, Oman","country":"Oman"},{"name":"Al Daayen, Qatar","country":"Qatar"},{"name":"Al Khobar, Saudi Arabia","country":"Saudi Arabia"},{"name":"Fujairah, United Arab Emirates","country":"United Arab Emirates"}]}},{"type":"Feature","geometry":{"type":"MultiLineString","coordinates":[[[32.46665123625965,34.76657169708608],[31.500051920411693,34.157137999942535],[29.645663234673975,32.84186407440686],[28.8000538337115,32.33831157801282]],[[5.372530429989041,43.29362778902916],[5.850070091695329,41.744358789482135],[6.975069294735334,38.651811712711236],[7.650068816559269,37.94551049545976],[9.000067859611391,37.67887792909195],[10.348617229769246,37.67887792909195],[10.912566505375338,37.32187222983512],[11.475066105703547,37.232354321556215],[12.262565549023208,36.240655233214795],[12.60006530993536,35.78566189952613],[13.162564911457537,35.419780517080454],[14.4000640347993,34.68301765985788],[16.65006244087931,34.12610104005762],[19.35006052817539,34.49779087043359],[22.05005861487558,34.29666313310531],[25.20005638398345,33.565491482352144],[28.8000538337115,32.33831157801282],[29.893513059094772,31.191465077638554]]]},"properties":{"id":"hawk","name":"Hawk","color":"#ad4599","rfs":"2011","rfs_year":2011,"is_planned":false,"length":"3,400 km","owners":"Global Cloud Xchange","suppliers":"Fujitsu","url":"http://www.globalcloudxchange.com","landing_points":[{"name":"Yeroskipos, Cyprus","country":"Cyprus"},{"name":"Alexandria, Egypt","country":"Egypt"},{"name":"Marseille, France","country":"France"}]}},{"type":"Feature","geometry":{"type":"MultiLineString","coordinates":[[[80.2429873910547,13.063853101883296],[81.45001653598385,12.395734000022884],[83.70001494206386,11.294709319565555],[89.10001111665602,9.96791518697421],[93.15000824759997,8.740828945067847],[95.40000665367998,7.744889052551343],[97.42500521915215,6.740481724921096],[99.4500037846241,5.286069860821101],[100.12500330644806,4.613591578862867],[100.68750290796802,3.266814816815753],[101.25000250948804,2.705081160335851],[102.15000187192001,2.143087178471944],[102.68279723997185,1.755006673795577],[103.34065102845304,1.355886056053208],[103.50000091556822,1.25729927808527],[103.64609081207684,1.338585852071589]]]},"properties":{"id":"i2i-cable-network-i2icn","name":"i2i Cable Network (i2icn)","color":"#d86526","rfs":"2002 April","rfs_year":2002,"is_planned":false,"length":"3,200 km","owners":"Airtel (Bharti)","suppliers":"ASN","url":"http://www.airtel.in","landing_points":[{"name":"Chennai, India","country":"India"},{"name":"Tuas, Singapore","country":"Singapore"}]}},{"type":"Feature","geometry":{"type":"MultiLineString","coordinates":[[[12.591375316091586,37.650586172786205],[12.543815349783216,37.232354321556215],[12.60006530993536,36.87321951208918],[12.825065150547204,35.419780517080454],[13.162564911455348,33.18971466460036],[13.187364893886866,32.87762290319543]]]},"properties":{"id":"italy-libya","name":"Italy-Libya","color":"#2767b2","rfs":"1998","rfs_year":1998,"is_planned":false,"length":"570 km","owners":"Libya International Telecommunications Company, Telecom Italia Sparkle","suppliers":"ASN","url":null,"landing_points":[{"name":"Mazara del Vallo, Italy","country":"Italy"},{"name":"Tripoli, Libya","country":"Libya"}]}},{"type":"Feature","geometry":{"type":"MultiLineString","coordinates":[[[12.083365675970299,32.93354641183947],[12.375065469327325,33.00121852265437],[12.529855359672894,32.774885686861666],[12.642240573027038,32.96372252942484],[13.05006499115126,33.00121852265437],[13.187364893886866,32.87762290319543],[13.50006467236733,33.00121852265437],[14.175064194191435,32.81231878328768],[14.264514130824125,32.649989370963],[14.4000640347993,32.81231878328768],[14.85006371601537,32.81231878328768],[15.075063556623405,32.62301664000799],[15.094983542511955,32.37460980808484],[15.30006339723144,32.33831157801282],[16.425062600271445,31.478822672736243],[16.588442484531726,31.20558735149686],[16.875062281487345,31.28673881439167],[17.55006180331145,31.28673881439167],[18.225061325135385,30.901396088515583],[18.411971192726753,30.586989976235827],[18.675061006351456,30.70813999354155],[19.35006052817539,30.70813999354155],[19.57652036774914,30.378447643853804],[19.575060368783426,30.70813999354155],[19.80006020939146,31.861808602270827],[20.066760020458872,32.11691354443619],[20.025060049999325,32.43331330641712],[20.25005989060736,32.717717936758305],[20.70005957182343,32.81231878328768],[20.949959394792188,32.71697755177149],[21.15005925303933,33.00121852265437],[21.6000589342554,33.00121852265437],[21.741758833873917,32.882141080671744],[22.05005861547147,33.00121852265437],[22.50005829668737,33.00121852265437],[22.63911819817619,32.76363502668917],[22.95005797790344,32.81231878328768],[23.85005734033541,32.43331330641712],[23.960407262162676,32.07985133144845]]]},"properties":{"id":"lfon-libyan-fiber-optic-network","name":"LFON (Libyan Fiber Optic Network)","color":"#36af8a","rfs":"1999","rfs_year":1999,"is_planned":false,"length":"1,639 km","owners":"Libyan Post, Telecommunications and Information Technology Company (LPTIC Holding)","suppliers":"ASN","url":null,"landing_points":[{"name":"Al Bayda, Libya","country":"Libya"},{"name":"Al Khums, Libya","country":"Libya"},{"name":"Benghazi, Libya","country":"Libya"},{"name":"Brega, Libya","country":"Libya"},{"name":"Derna, Libya","country":"Libya"},{"name":"Misrata, Libya","country":"Libya"},{"name":"Ras Lanuf, Libya","country":"Libya"},{"name":"Sirte, Libya","country":"Libya"},{"name":"Tolmeta, Libya","country":"Libya"},{"name":"Tripoli, Libya","country":"Libya"},{"name":"Tubruq, Libya","country":"Libya"},{"name":"Zawia, Libya","country":"Libya"},{"name":"Zuwara, Libya","country":"Libya"}]}},{"type":"Feature","geometry":{"type":"MultiLineString","coordinates":[[[8.781608014966395,-0.720651899991594],[8.775049269612765,-0.331409329660175],[9.020377845819638,0.265947444189607],[9.454267538448192,0.394465191855375]]]},"properties":{"id":"libreville-port-gentil-cable","name":"Libreville-Port Gentil Cable","color":"#48c2c9","rfs":"2012 April","rfs_year":2012,"is_planned":false,"length":"198 km","owners":"Republic of Gabon","suppliers":null,"url":null,"landing_points":[{"name":"Libreville, Gabon","country":"Gabon"},{"name":"Port Gentil, Gabon","country":"Gabon"}]}},{"type":"Feature","geometry":{"type":"MultiLineString","coordinates":[[[57.5100934952502,-20.077536205633123],[56.700034069103765,-20.15254378601884],[55.800034706671596,-20.469058485457424],[55.57503486606376,-20.57441905727606],[55.54778488536789,-20.89726651520496],[55.350035025455725,-20.57441905727606],[52.200037256943745,-18.880139975101287],[49.40023924034699,-18.146086570227396]]]},"properties":{"id":"lower-indian-ocean-network-lion","name":"Lower Indian Ocean Network (LION)","color":"#c64d2b","rfs":"2009 November","rfs_year":2009,"is_planned":false,"length":"1,060 km","owners":"Mauritius Telecom, Orange, Orange Madagascar","suppliers":"ASN","url":"https://lion-submarinesystem.com","landing_points":[{"name":"Toamasina, Madagascar","country":"Madagascar"},{"name":"Terre Rouge, Mauritius","country":"Mauritius"},{"name":"Sainte Marie, R\u00e9union","country":"R\u00e9union"}]}},{"type":"Feature","geometry":{"type":"MultiLineString","coordinates":[[[45.450042038703714,-11.943944931746927],[45.16576224009026,-12.81709644553311]],[[39.70014611198383,-4.050300939496424],[42.30004427019156,-5.049857167366866],[43.200043632623704,-5.721872747834027],[45.450042038703714,-11.943944931746927],[47.250040763567654,-11.943944931746927],[48.600039807215495,-11.50333384598423],[49.500039169647664,-11.50333384598423],[50.400038532079606,-12.383840433185668],[51.750037575727674,-17.16855309422607],[52.200037256943745,-18.880139975101287]]]},"properties":{"id":"lower-indian-ocean-network-2-lion2","name":"Lower Indian Ocean Network 2 (LION2)","color":"#973a95","rfs":"2012 April","rfs_year":2012,"is_planned":false,"length":"2,700 km","owners":"Emtel, Mauritius Telecom, Orange, Orange Madagascar, Soci\u00e9t\u00e9 R\u00e9unionnaise du Radiot\u00e9l\u00e9phone, Telkom Kenya","suppliers":"ASN","url":"https://lion-submarinesystem.com","landing_points":[{"name":"Nyali, Kenya","country":"Kenya"},{"name":"Kaweni, Mayotte","country":"Mayotte"}]}},{"type":"Feature","geometry":{"type":"MultiLineString","coordinates":[[[-3.599923213840782,0.118588418888407],[-3.924922983607843,1.468426767332062],[-4.049922895056767,2.367912558705314],[-4.049922895056767,3.266814816815753],[-4.026242911831901,5.323508791824736]],[[-19.803965545293096,15.23578178303569],[-18.449912693968884,15.23578178303569],[-17.44571340535299,14.686594841995088]],[[-0.204315619320994,5.558285889905761],[7.4235887269e-05,3.279837005485092],[7.4235887269e-05,0.806604849908751]],[[-9.107439312264688,38.64265833034625],[-9.449919069648843,38.21117903702327],[-9.787418830560796,37.232354321556215],[-10.124918591472778,35.78566189952613],[-10.574918272688848,33.93964008831958],[-13.949915881808863,29.73606949729205],[-14.399915563024848,28.951554732193216],[-14.624915403632798,28.161052262220892],[-15.074915084848868,26.964304734562802],[-18.449912693968884,22.884654113882362],[-19.799911737616924,19.952622905164304],[-19.804120576691247,15.23578178303569],[-19.799911737616924,11.735650161405744],[-18.449912693968884,8.635699417327544],[-13.949915881808863,3.266814816815753],[-10.799918113296798,0.118588418888407],[-3.599923213840782,0.118588418888407],[7.4235887269e-05,0.806604849908751],[1.575073120143173,1.918228780215685],[2.250072641967279,2.480311786858834],[3.150072004399249,4.164912849976844],[3.423511810692077,6.439066911484701]]]},"properties":{"id":"mainone","name":"MainOne","color":"#603f98","rfs":"2010 July","rfs_year":2010,"is_planned":false,"length":"7,000 km","owners":"MainOne - An Equinix Company","suppliers":"Subcom","url":"https://www.mainone.net/","landing_points":[{"name":"Abidjan, C\u00f4te d'Ivoire","country":"C\u00f4te d'Ivoire"},{"name":"Accra, Ghana","country":"Ghana"},{"name":"Lagos, Nigeria","country":"Nigeria"},{"name":"Seixal, Portugal","country":"Portugal"},{"name":"Dakar, Senegal","country":"Senegal"}]}},{"type":"Feature","geometry":{"type":"MultiLineString","coordinates":[[[7.755438741914361,36.90282046530186],[7.650068816559269,37.232354321556215],[6.300069772911229,38.651811712711236],[5.512570330783177,41.744358789482135],[5.372530429989041,43.29362778902916]],[[6.300069772911229,38.651811712711236],[5.400070410479259,38.21117903702327],[3.150072004399249,37.05299936423356],[3.035712085412854,36.76212778210993],[2.812572243487267,37.05299936423356],[1.800072960751208,37.05299936423356],[7.4235887269e-05,36.33133835588808],[-0.642015309250468,35.701641134808256]]]},"properties":{"id":"med-cable-network","name":"Med Cable Network","color":"#3d80bf","rfs":"2005 October","rfs_year":2005,"is_planned":false,"length":"1,300 km","owners":"Orascom Telecom Holding","suppliers":"ASN","url":null,"landing_points":[{"name":"Algiers, Algeria","country":"Algeria"},{"name":"Annaba, Algeria","country":"Algeria"},{"name":"Oran, Algeria","country":"Algeria"},{"name":"Marseille, France","country":"France"}]}},{"type":"Feature","geometry":{"type":"MultiLineString","coordinates":[[[0.675073757711203,37.58978657360316],[2.812572243487267,37.14273000200086],[3.035712085412854,36.76212778210993]],[[-0.376975497007066,39.459646713436825],[0.450073917103168,39.17701458492104],[0.900073598319238,38.651811712711236],[0.675073757711203,37.58978657360316],[7.4235887269e-05,36.51238821239372],[-0.642015309250468,35.701641134808256]]]},"properties":{"id":"oran-valencia-orval","name":"Oran-Valencia (ORVAL)","color":"#939597","rfs":"2020 December","rfs_year":2020,"is_planned":false,"length":"770 km","owners":"Algerie Telecom","suppliers":"ASN","url":"https://www.algerietelecom.dz/","landing_points":[{"name":"Algiers, Algeria","country":"Algeria"},{"name":"Oran, Algeria","country":"Algeria"},{"name":"Valencia, Spain","country":"Spain"}]}},{"type":"Feature","geometry":{"type":"MultiLineString","coordinates":[[[31.757961738301788,-28.95055966653794],[32.62505112404759,-29.529912966149226],[33.30005064587152,-30.309953344646914]],[[76.26955020587488,9.938386424893082],[76.05002036139186,9.524411345019587],[76.50002004260776,4.164912849976844],[77.4000194050399,0.568578852526286]],[[54.450035663023755,-20.57441905727606],[54.900035344239626,-20.784921868990978],[55.279235075611155,-21.000051587769235],[55.350035025455725,-20.784921868990978],[55.800034706671596,-20.57441905727606],[56.700034069103765,-20.784921868990978],[57.150033750319835,-20.995131543025877],[57.82503327214377,-20.995131543025877],[58.27503295335984,-20.57441905727606],[60.300031518831815,-18.880139975101287],[63.0000296061277,-14.57172649133264],[65.70002769342378,-11.943944931746927],[72.9000225928799,-8.401139048122928],[75.15002099895989,-6.616650693475464],[76.95001972382383,-3.029995968008762],[77.4000194050399,0.568578852526286],[81.00001685476795,1.468426767332062],[85.50001366692797,-1.006358951224712],[90.00001047908799,-0.106411275875331],[92.7000085663839,3.940475772228723],[94.27500745064,4.837826391986653],[95.40000665367998,5.733989114150035],[97.42500521915215,5.733989114150035],[99.67500362523216,5.398081130463737],[100.36299313785392,5.35384659465538]],[[18.445861168718807,-33.72721819637752],[18.00006148452735,-34.11602012163186],[17.775061643919315,-34.857839362235865],[18.45006116574342,-36.321527759917814],[19.80006020939146,-37.40161074814375],[23.40005765911934,-37.40161074814375],[26.10005574641542,-36.321527759917814],[33.30005064587152,-30.309953344646914],[38.70004682046351,-28.74381028114999],[41.40004490775959,-28.74381028114999],[45.45004166665507,-28.743810607354476],[47.250040763567654,-27.951747285219852],[52.650036938159616,-23.08058350574774],[54.000035981807684,-20.995131543025877],[54.450035663023755,-20.57441905727606],[54.900035344239626,-20.36362554441115],[55.800034706671596,-20.36362554441115],[56.700034069103765,-20.57441905727606],[57.150033750319835,-20.57441905727606],[57.485483512684,-20.4739956609462],[57.600033431535735,-20.679706953509026],[57.82503327214377,-20.995131543025877]]]},"properties":{"id":"safe","name":"SAFE","color":"#a9499b","rfs":"2002 April","rfs_year":2002,"is_planned":false,"length":"13,500 km","owners":"AT&T, Angola Telecom, BICS, Camtel, China Telecom, Chunghwa Telecom, Ghana Telecommunications Company, KPN, KT, Liquid Intelligent Technologies, Maroc Telecom, Mauritius Telecom, NATCOM (Nigeria), OPT, Orange, Orange Cote d\u2019Ivoire, PCCW, Singtel, Sonatel, T-Mobile, Tata Communications, Telecom Italia Sparkle, Telecom Namibia, Telefonica, Telekom Malaysia, Telkom South Africa, Telstra, Verizon, Vodafone","suppliers":"Subcom","url":null,"landing_points":[{"name":"Cochin, India","country":"India"},{"name":"Penang, Malaysia","country":"Malaysia"},{"name":"Baie Jacotet, Mauritius","country":"Mauritius"},{"name":"Saint Paul, R\u00e9union","country":"R\u00e9union"},{"name":"Melkbosstrand, South Africa","country":"South Africa"},{"name":"Mtunzini, South Africa","country":"South Africa"}]}},{"type":"Feature","geometry":{"type":"MultiLineString","coordinates":[[[-10.349918432080813,33.93964008831958],[-8.549919707216787,35.419780517080454],[-7.199920663568747,36.33133835588808],[-6.428881209780371,36.73129423644173]],[[7.650068816559269,0.343586284889255],[8.55006817899124,0.343586284889255],[9.454267538448192,0.394465191855375]],[[2.250072641967279,2.92980888035018],[2.025072801359244,3.828234303320954],[2.025072801359244,5.061986954416028],[2.440112507341183,6.356673335458169]],[[-14.849915244240833,26.964304734562802],[-15.862464526941437,27.807911809695895],[-15.862464526941437,27.94275199342127],[-15.699964642057836,27.99976141196052]],[[13.37242476278874,-8.776668856663491],[12.60006530993536,-9.014619375760589],[11.70006594750339,-9.512401827330194],[9.675067382031244,-10.620064860363328]],[[9.706417359822666,4.047345511205606],[9.225067700815345,3.266814816815753],[8.10006849777534,2.817450442654064],[6.300069772911229,2.592701464601845]],[[-0.204315619320994,5.558285889905761],[-0.224925604720681,3.279837005485092],[-0.224925604720681,1.481465914707456]],[[-4.026242911831901,5.323508791824736],[-3.937422974752735,3.266814816815753],[-3.824923054448732,2.367912558705314],[-3.699923142999808,1.468426767332062],[-3.599923213840782,1.01853421661562]],[[-17.44571340535299,14.686594841995088],[-18.449912693968884,15.018578573757566],[-19.349912056400854,15.018578573757566]],[[2.925072163791214,4.164912849976844],[5.400070410479259,2.817450442654064],[6.300069772911229,2.592701464601845],[7.425068975951234,1.468426767332062],[7.650068816559269,0.343586284889255],[8.10006849777534,-4.825692499217524],[8.55006817899124,-6.616650693475464],[9.675067382031244,-10.620064860363328],[9.45006754142321,-18.026426383713385],[10.80006658507125,-23.493922445897766],[14.4000640347993,-30.309953344646914],[15.975062919055375,-32.61276000573585],[17.55006180331145,-33.6490453774241],[18.445861168718807,-33.72721819637752]],[[-9.102749315587062,38.443079483141986],[-9.224919229040808,38.12273010839229],[-9.56241898995276,37.232354321556215],[-9.899918750864742,35.78566189952613],[-10.349918432080813,33.93964008831958],[-12.824916678768858,30.126049846722907],[-13.724916041200828,28.161052262220892],[-14.849915244240833,26.964304734562802],[-17.999913012752813,22.884654113882362],[-19.349912056400854,19.952622905164304],[-19.349912056400854,15.018578573757566],[-19.349912056400854,11.735650161405744],[-17.999913012752813,8.635699417327544],[-13.499916200592793,3.715978119297972],[-10.799918113296798,1.01853421661562],[-3.599923213840782,1.01853421661562],[-0.224925604720681,1.481465914707456],[1.575073120143173,2.592701464601845],[2.250072641967279,2.92980888035018],[2.925072163791214,4.164912849976844],[3.423511810692077,6.439066911484701]]]},"properties":{"id":"sat-3wasc","name":"SAT-3/WASC","color":"#04a6c7","rfs":"2002 April","rfs_year":2002,"is_planned":false,"length":"14,350 km","owners":"AT&T, Altice Portugal, Angola Telecom, BICS, BT, Benin Telecoms, Camtel, China Telecom, Chunghwa Telecom, Cyta, Deutsche Telekom, Ghana Telecommunications Company, KPN, KT, Liquid Intelligent Technologies, Maroc Telecom, Mauritius Telecom, NATCOM (Nigeria), OPT, Orange, Orange Cote d\u2019Ivoire, PCCW, Singtel, T-Mobile, Tata Communications, Telecom Italia Sparkle, Telecom Namibia, Telekom Malaysia, Telkom South Africa, Telstra, Telxius, Verizon, Vodafone","suppliers":"ASN","url":null,"landing_points":[{"name":"Cacuaco, Angola","country":"Angola"},{"name":"Cotonou, Benin","country":"Benin"},{"name":"Douala, Cameroon","country":"Cameroon"},{"name":"Abidjan, C\u00f4te d'Ivoire","country":"C\u00f4te d'Ivoire"},{"name":"Libreville, Gabon","country":"Gabon"},{"name":"Accra, Ghana","country":"Ghana"},{"name":"Lagos, Nigeria","country":"Nigeria"},{"name":"Sesimbra, Portugal","country":"Portugal"},{"name":"Dakar, Senegal","country":"Senegal"},{"name":"Melkbosstrand, South Africa","country":"South Africa"},{"name":"Alta Vista, Canary Islands, Spain","country":"Spain"},{"name":"Chipiona, Spain","country":"Spain"}]}},{"type":"Feature","geometry":{"type":"MultiLineString","coordinates":[[[39.2696764169327,-6.823132108349142],[40.50004554532762,-6.840100757612362],[42.75004395140763,-6.616650693475464],[52.200037256943745,-4.825692499217524],[54.000035981807684,-4.601453764837203],[55.44505495814283,-4.617611322442229]]]},"properties":{"id":"seychelles-to-east-africa-system-seas","name":"Seychelles to East Africa System (SEAS)","color":"#bb5235","rfs":"2012 August","rfs_year":2012,"is_planned":false,"length":"1,930 km","owners":"Seychelles Cable System Ltd.","suppliers":"ASN","url":null,"landing_points":[{"name":"Victoria, Seychelles","country":"Seychelles"},{"name":"Dar Es Salaam, Tanzania","country":"Tanzania"}]}},{"type":"Feature","geometry":{"type":"MultiLineString","coordinates":[[[22.63911819817619,32.76363502668917],[22.95005797790344,33.565491482352144],[23.175057818511476,35.419780517080454],[23.51255757942343,35.74001826386845],[23.737557420031465,35.74001826386845],[24.01216722549529,35.51204255863749]]]},"properties":{"id":"silphium","name":"Silphium","color":"#ce1e4c","rfs":"2013 January","rfs_year":2013,"is_planned":false,"length":"425 km","owners":"Libya International Telecommunications Company","suppliers":"HMN Tech","url":"http://www.litc.ly","landing_points":[{"name":"Chania, Greece","country":"Greece"},{"name":"Derna, Libya","country":"Libya"}]}},{"type":"Feature","geometry":{"type":"MultiLineString","coordinates":[[[-38.54296845985962,-3.718735129291019],[-35.999900261393066,-2.805287932308005],[-34.199901536528955,-2.580536704984041],[-29.8124046166879,-3.14233268364373],[-19.799911737616924,-6.616650693475464],[-5.399921938704722,-8.401139048122928],[7.200069135343199,-9.06830600387434],[11.70006594750339,-9.06830600387434],[12.60006530993536,-9.19851313135834],[13.20144038206871,-9.490080988806199]]]},"properties":{"id":"south-atlantic-cable-system-sacs","name":"South Atlantic Cable System (SACS)","color":"#28ab4a","rfs":"2018 September","rfs_year":2018,"is_planned":false,"length":"6,165 km","owners":"Angola Cables","suppliers":"NEC","url":"http://www.angolacables.co.ao","landing_points":[{"name":"Sangano, Angola","country":"Angola"},{"name":"Fortaleza, Brazil","country":"Brazil"}]}},{"type":"Feature","geometry":{"type":"MultiLineString","coordinates":[[[80.2429873910547,13.063853101883296],[81.45001653598385,12.17588718550806],[83.70001494206386,10.410816505402636],[89.10001111665602,9.08033076823304],[93.15000824759997,8.518425924569556],[95.40000665367998,7.521883237406598],[97.42500521915215,6.572869518576994],[99.2250039440161,5.286069860821101],[99.90000346584,4.613591578862867],[100.57500298766413,3.266814816815753],[101.25000250948804,2.592701464601845],[102.15000187192001,2.086875539277429],[102.68279723997185,1.726894676446761],[103.34065102845304,1.327793781945104],[103.50000091556822,1.243290124212365],[103.91973061822782,1.17221597244378]],[[103.91973061822782,1.17221597244378],[103.9870105705659,1.389451396800126]]]},"properties":{"id":"tata-tgn-tata-indicom","name":"Tata TGN-Tata Indicom","color":"#94a139","rfs":"2004 November","rfs_year":2004,"is_planned":false,"length":"3,175 km","owners":"Tata Communications","suppliers":"Subcom","url":"http://www.tatacommunications.com","landing_points":[{"name":"Chennai, India","country":"India"},{"name":"Changi North, Singapore","country":"Singapore"}]}},{"type":"Feature","geometry":{"type":"MultiLineString","coordinates":[[[8.10006849777534,37.94551049545976],[7.987568577471222,37.232354321556215],[7.755438741914361,36.90282046530186]],[[27.900054471279333,32.24321001626265],[30.60005255857544,32.43331330641712],[32.40005128343955,33.18971466460036],[33.41255056617544,34.49779087043359],[33.61060042587516,34.82728147271527]],[[5.372530429989041,43.29362778902916],[6.075069932303194,41.744358789482135],[7.425068975951234,38.651811712711236],[8.10006849777534,37.94551049545976],[9.000067859611391,37.85673997565843],[10.348617229769246,37.85673997565843],[10.912566505375338,37.500588446053314],[11.700065946311412,37.232354321556215],[11.812565867807308,36.240655233214795],[12.262565549023208,35.78566189952613],[12.65631527009242,35.419780517080454],[14.4000640347993,34.2656775265242],[16.65006244087931,33.565491482352144],[19.35006052817539,33.93964008831958],[22.05005861487558,33.87739543625136],[25.20005638398345,33.14262853088806],[27.900054471279333,32.24321001626265],[29.700933195520264,31.072270031660224]]]},"properties":{"id":"te-northtgn-eurasiaseacomalexandrosmedex","name":"TE North/TGN-Eurasia/SEACOM/Alexandros/Medex","color":"#3c54a4","rfs":"2011 July","rfs_year":2011,"is_planned":false,"length":"3,634 km","owners":"Algerie Telecom, Cyta, PCCW, SEACOM, Tata Communications, Telecom Egypt","suppliers":"ASN","url":"https://www.te.eg/wps/portal/te/Business/Wholesale/","landing_points":[{"name":"Annaba, Algeria","country":"Algeria"},{"name":"Pentaskhinos, Cyprus","country":"Cyprus"},{"name":"Abu Talat, Egypt","country":"Egypt"},{"name":"Marseille, France","country":"France"}]}},{"type":"Feature","geometry":{"type":"MultiLineString","coordinates":[[[39.672896131287985,-4.052924364763157],[42.30004427019156,-4.601453764837203],[46.57504124174372,-2.355745736646099],[53.100036619375715,1.468426767332062],[56.250034388483755,5.510071711803135],[57.600033431535735,9.524411345019587],[62.10003024369573,15.669513225155328],[63.0000296061277,20.796306105108954],[63.0000296061277,22.469443964829594],[59.85003183761572,24.327803111653537],[58.50003279396768,24.66052224964892],[56.9250339097116,24.915858493558915],[56.333724328601164,25.121690004958737]]]},"properties":{"id":"the-east-african-marine-system-teams","name":"The East African Marine System (TEAMS)","color":"#73bf43","rfs":"2009 October","rfs_year":2009,"is_planned":false,"length":"5,054 km","owners":"Etisalat UAE, TEAMS Ltd.","suppliers":"ASN","url":null,"landing_points":[{"name":"Mombasa, Kenya","country":"Kenya"},{"name":"Fujairah, United Arab Emirates","country":"United Arab Emirates"}]}},{"type":"Feature","geometry":{"type":"MultiLineString","coordinates":[[[23.960407262162676,32.07985133144845],[24.30005702155148,32.24321001626265],[24.975056543375416,32.052708023486105],[25.087356463821237,31.761227937714636]]]},"properties":{"id":"tobrok-emasaed-cable-system","name":"Tobrok-Emasaed Cable System","color":"#65ac44","rfs":"2010 October","rfs_year":2010,"is_planned":false,"length":"178 km","owners":"Libya International Telecommunications Company","suppliers":"HMN Tech","url":null,"landing_points":[{"name":"El-Quawef, Libya","country":"Libya"},{"name":"Tubruq, Libya","country":"Libya"}]}},{"type":"Feature","geometry":{"type":"MultiLineString","coordinates":[[[58.17620302337187,23.684877531684634],[58.27508295332456,23.917101290935022],[58.72503263457574,24.225251377401804],[59.85003183761572,24.839312825594618]],[[56.333724328601164,25.121690004958737],[56.9250339097116,25.068807301098985],[58.72503263457574,25.145210227401265],[59.85003183761572,24.839312825594618],[62.55002992491163,24.532657566160623],[67.02854675228852,24.889731701235718]]]},"properties":{"id":"transworld-tw1","name":"Transworld (TW1)","color":"#61bb46","rfs":"2006 June","rfs_year":2006,"is_planned":false,"length":"1,300 km","owners":"TransWorld","suppliers":"Subcom","url":"http://www.tw1.com","landing_points":[{"name":"Al Seeb, Oman","country":"Oman"},{"name":"Karachi, Pakistan","country":"Pakistan"},{"name":"Fujairah, United Arab Emirates","country":"United Arab Emirates"}]}},{"type":"Feature","geometry":{"type":"MultiLineString","coordinates":[[[11.090886379051994,36.849936993962615],[11.427366140686559,37.02916052566792],[12.173015612461455,37.54682622128206],[12.375065469327325,37.94551049545976],[12.513735371092366,38.018253909057734]]]},"properties":{"id":"trapani-kelibia","name":"Trapani-Kelibia","color":"#3859a8","rfs":"1995 November","rfs_year":1995,"is_planned":false,"length":"209 km","owners":"Telecom Italia Sparkle, Tunisia Telecom","suppliers":null,"url":null,"landing_points":[{"name":"Trapani, Italy","country":"Italy"},{"name":"Kelibia, Tunisia","country":"Tunisia"}]}},{"type":"Feature","geometry":{"type":"MultiLineString","coordinates":[[[14.533463940297622,-22.68542973223063],[13.05006499115126,-22.87343495354625],[9.90006722263928,-23.493922445897766]],[[12.349965487108477,-5.933373731471249],[10.80006658507125,-5.945707155070551],[8.10006849777534,-6.616650693475464]],[[9.00006786020731,-10.620064860363328],[11.70006594750339,-9.290424301035614],[12.60006530993536,-9.290424301035614],[13.20144038206871,-9.490080988806199]],[[7.650068816559269,-4.825692499217524],[10.80006658507125,-4.825692499217524],[11.863635831628983,-4.778787768919273]],[[4.500071048047289,0.118588418888407],[6.300069772911229,1.693340822791811],[8.10006849777534,2.367912558705314],[9.00006786020731,3.266814816815753],[9.20865771244047,4.014706479784223]],[[3.423511810692077,6.439066911484701],[3.375071845007284,4.164912849976844],[2.250072641967279,2.030661890474562]],[[1.2278033661525,6.126307297218631],[1.462573199243337,5.061986954416028],[1.575073120143173,1.355961034999325]],[[-9.107439312264688,38.64265833034625],[-9.449919069648843,38.29952060596935],[-11.024917953904747,36.51238821239372],[-11.924917316336803,35.419780517080454],[-13.499916200592793,32.052708023486105],[-14.624915403632798,30.514495959759188],[-15.299914925456818,28.951554732193216],[-16.199914287888873,27.763588526057674],[-17.999913012752813,24.941363171753835],[-18.89991237518487,22.884654113882362],[-20.24991141883291,19.952622905164304],[-20.24991141883291,15.23578178303569],[-20.24991141883291,11.735650161405744],[-18.89991237518487,8.635699417327544],[-14.399915563024848,2.817450442654064],[-10.799918113296798,-0.781386636225506],[-3.599923213840782,-0.781386636225506],[0.225074076495304,0.131631856785162],[1.575073120143173,1.355961034999325],[2.250072641967279,2.030661890474562],[4.500071048047289,0.118588418888407],[6.300069772911229,-1.231315750217505],[7.650068816559269,-4.825692499217524],[8.10006849777534,-6.616650693475464],[9.00006786020731,-10.620064860363328],[8.55006817899124,-18.026426383713385],[9.90006722263928,-23.493922445897766],[13.9500643535834,-30.309953344646914],[15.75006307844734,-32.61276000573585],[16.65006244087931,-33.273630771422376],[18.155531374391046,-33.34805845646778]],[[-0.204315619320994,5.558285889905761],[0.225074076495304,3.279837005485092],[0.225074076495304,0.131631856785162]],[[-4.026242911831901,5.323508791824736],[-4.16242281536077,3.266814816815753],[-4.274922735664717,2.367912558705314],[-4.149922824215793,1.468426767332062],[-3.599923213840782,-0.781386636225506]],[[-23.521209101414883,14.923035560171769],[-22.49990982491292,15.018578573757566],[-20.24991141883291,15.018578573757566]],[[-16.199914287888873,27.763588526057674],[-15.749914606672803,27.56430948794184],[-15.468664805912795,27.56430948794184],[-15.299914925456818,27.663994423746914],[-15.299914925456818,27.813351446514247],[-15.398744855444761,27.95939426104593]]]},"properties":{"id":"west-africa-cable-system-wacs","name":"West Africa Cable System (WACS)","color":"#394da1","rfs":"2012 May","rfs_year":2012,"is_planned":false,"length":"14,530 km","owners":"Altice Portugal, Angola Cables, Broadband Infraco, Camtel, Cape Verde Telecom, Congo Telecom, Liquid Intelligent Technologies, MTN, Office Congolais de Poste et T\u00e9l\u00e9communication, PCCW, Tata Communications, Telecom Namibia, Telkom South Africa, Togo Telecom, Vodacom DRC, Vodafone, Vodafone Espana, Vodafone Ghana","suppliers":"ASN","url":"https://wacscable.com/","landing_points":[{"name":"Sangano, Angola","country":"Angola"},{"name":"Limbe, Cameroon","country":"Cameroon"},{"name":"Praia, Cape Verde","country":"Cape Verde"},{"name":"Muanda, Congo, Dem. Rep.","country":"Congo, Dem. Rep."},{"name":"Pointe-Noire, Congo, Rep.","country":"Congo, Rep."},{"name":"Abidjan, C\u00f4te d'Ivoire","country":"C\u00f4te d'Ivoire"},{"name":"Accra, Ghana","country":"Ghana"},{"name":"Swakopmund, Namibia","country":"Namibia"},{"name":"Lagos, Nigeria","country":"Nigeria"},{"name":"Seixal, Portugal","country":"Portugal"},{"name":"Yzerfontein, South Africa","country":"South Africa"},{"name":"El Goro, Canary Islands, Spain","country":"Spain"},{"name":"Lome, Togo","country":"Togo"}]}},{"type":"Feature","geometry":{"type":"MultiLineString","coordinates":[[[44.400042782532864,-12.166274798674806],[44.400042782532864,-11.92173051164147],[44.650042605430684,-11.92173051164147],[45.2332941453748,-12.53937708921714],[45.2332941453748,-12.783297381732638]],[[43.48920358402995,-11.923115980293488],[43.48920358402995,-12.045379517998498],[43.31254355292762,-12.053986862571492],[43.200043632623704,-11.943944931746927],[43.24330532072665,-11.700586528216121]]]},"properties":{"id":"avassa","name":"Avassa","color":"#bf6b28","rfs":"2016 November","rfs_year":2016,"is_planned":false,"length":"260 km","owners":"Comores Telecom, STOI","suppliers":"HMN Tech","url":null,"landing_points":[{"name":"Chindini, Comoros","country":"Comoros"},{"name":"Moroni, Comoros","country":"Comoros"},{"name":"Mutsamudu, Comoros","country":"Comoros"},{"name":"Mamoudzou, Mayotte","country":"Mayotte"}]}},{"type":"Feature","geometry":{"type":"MultiLineString","coordinates":[[[51.300037894511576,1.468426767332062],[46.800041082351555,2.255504211923693],[45.34418211369595,2.041205223228673]],[[43.24330360197786,-11.70058928227246],[42.75004395140763,-11.943944931746927],[42.0750444295835,-11.943944931746927]],[[43.66314330455961,-23.354724804059884],[42.75004395140763,-23.597055964074997],[41.40004490775959,-23.493922445897766]],[[32.580621155522095,-25.968268155408055],[33.75005032708759,-26.450941899317456],[35.55004905195153,-26.752713396100035]],[[39.672896131287985,-4.052924364763157],[42.30004427019156,-4.15276774801373]],[[40.50004554532762,-6.169450529574419],[41.62504474836763,-9.290424301035614],[42.0750444295835,-11.943944931746927],[42.52504411020368,-14.861883917662055],[42.5250441107996,-15.22403228464728],[42.5250441107996,-20.57441905727606],[41.40004490775959,-23.493922445897766],[35.55004905195153,-26.752713396100035],[33.75005032708759,-28.546349210475853],[32.85005096465545,-28.940898806450065],[31.757961738301788,-28.95055966653794]],[[37.21967786917094,19.615566594546237],[37.80004745803154,19.529070924351004],[39.037546581971725,18.251816319028308],[40.05004586470963,16.53419619825962],[41.62504474896372,14.801154224791475],[42.13129439033173,13.929303843271725],[42.77816893267567,13.054150695298716],[43.12973118362578,12.834868817846598],[43.21410612385381,12.615395567393307],[43.453168453307626,12.395734000022884],[44.55004267627157,11.405009147532837],[45.450042038703714,11.294709319565555],[48.600039807215495,12.06589527357022],[52.650036938159616,13.054150695298716],[54.000035981807684,13.273238157547667],[55.57503486606376,12.615395567393307],[55.350035025455725,9.524411345019587],[54.450035663619815,5.510071711803135],[51.300037894511576,1.468426767332062],[46.12504156052765,-1.906058394384871],[42.30004427019156,-4.15276774801373],[40.95004522654352,-5.497950688314972],[40.50004554532762,-6.169450529574419],[39.8250460229076,-6.523516459651859],[39.2696764169327,-6.823132108349142]],[[43.16164365982672,11.573660387694133],[43.6500433138396,11.565447393081172],[44.55004267627157,11.405009147532837]]]},"properties":{"id":"eastern-africa-submarine-system-eassy","name":"Eastern Africa Submarine System (EASSy)","color":"#28a27f","rfs":"2010 July","rfs_year":2010,"is_planned":false,"length":"10,500 km","owners":"Airtel (Bharti), BT, Botswana Fibre Networks, Comores Telecom, Djibouti Telecom, Etisalat UAE, Liquid Intelligent Technologies, MTN, Mauritius Telecom, Orange, Saudi Telecom, Sudan Telecom Company, Tanzania Telecommunication Corporation, Telkom Kenya, Telkom South Africa, Telma (Telecom Malagasy), Vodacom DRC, WIOCC, Zambia Telecom","suppliers":"ASN","url":null,"landing_points":[{"name":"Moroni, Comoros","country":"Comoros"},{"name":"Haramous, Djibouti","country":"Djibouti"},{"name":"Mombasa, Kenya","country":"Kenya"},{"name":"Toliara, Madagascar","country":"Madagascar"},{"name":"Maputo, Mozambique","country":"Mozambique"},{"name":"Mogadishu, Somalia","country":"Somalia"},{"name":"Mtunzini, South Africa","country":"South Africa"},{"name":"Port Sudan, Sudan","country":"Sudan"},{"name":"Dar Es Salaam, Tanzania","country":"Tanzania"}]}},{"type":"Feature","geometry":{"type":"MultiLineString","coordinates":[[[43.14799288824679,11.594881329364313],[43.6500433138396,11.955956037776701],[45.033538427508574,12.800886250786618]]]},"properties":{"id":"aden-djibouti","name":"Aden-Djibouti","color":"#08acdb","rfs":"1994","rfs_year":1994,"is_planned":false,"length":"269 km","owners":"Djibouti Telecom, Orange, Tata Communications, TeleYemen, Telecom Italia Sparkle","suppliers":"ASN","url":"https://www.teleyemen.com.ye/","landing_points":[{"name":"Djibouti City, Djibouti","country":"Djibouti"},{"name":"Aden, Yemen","country":"Yemen"}]}},{"type":"Feature","geometry":{"type":"MultiLineString","coordinates":[[[32.529931191431416,29.972545436050268],[32.287551363135435,30.466024503890736],[31.950051602223482,30.877238883975252],[31.387552000703465,31.094220011720097],[30.825052399183477,31.19054975154404],[29.893513059094772,31.191465077638554]],[[56.333724328601164,25.121690004958737],[56.9250339097116,24.864833316508822],[58.50003279396768,24.507068968791344],[59.85003183761572,23.91710129093613],[62.10003024369573,22.469443964829594],[62.10003024369573,19.104405475930548]],[[35.85922883292588,34.43974246013238],[35.55004905195153,34.40502275071583],[32.40005128343955,33.283811019051],[30.60005255857544,32.62301664000799],[28.8000538337115,32.62301664000799]],[[15.067443562021538,37.51344748573402],[15.75006307844734,37.41128363492314],[16.256312719815384,36.87321951208918],[16.425062600271445,35.78566189952613],[16.65006244087931,34.68301765985788]],[[5.372530429989041,43.29362778902916],[5.962570011999247,41.744358789482135],[7.200069135343199,38.651811712711236],[7.875068657167304,37.94551049545976],[9.000067859611391,37.76786242517883],[10.348617229769246,37.76786242517883],[10.912566505375338,37.41128363492314],[11.587566026007465,37.232354321556215],[12.712565230239278,35.96797434759347],[13.668814552822482,35.419780517080454],[14.4000640347993,35.098264766303174],[16.65006244087931,34.68301765985788],[19.35006052817539,35.05222991093683],[22.05005861487558,34.71384862261547],[25.20005638398345,33.98629373718458],[28.8000538337115,32.62301664000799],[29.893513059094772,31.191465077638554],[30.825052399183477,31.118343723670165],[31.387552000703465,30.997835356024154],[31.950051602223482,30.780635088989612],[32.287551363135435,30.41752891425901],[32.529931191431416,29.972545436050268]],[[32.529931191431416,29.972545436050268],[32.56877616391327,29.63833609362638],[32.737551044351505,29.34456698948989],[33.018800845111514,28.951554732193216],[33.511262996247694,28.161052262220892],[34.31254992860758,27.364667993860166],[35.18442431096349,26.562513149236622],[35.887548812863486,25.754704263415306],[36.90004809559866,24.12261698700334],[38.137547218943496,22.05298561667763],[38.92504666107155,20.375041253465525],[40.27504570471959,18.251816319028308],[41.287544987456556,16.53419619825962],[42.24379431003959,14.801154224791475],[42.75004395140763,13.929303843271725],[43.11566869239567,13.054150695298716],[43.270356082813606,12.834868817846598],[43.35473102304164,12.615395567393307],[43.734418254067634,12.395734000022884],[44.55004267627157,12.01088236045885],[45.450042038703714,12.17588718550806],[48.600039807215495,12.944533868662859],[55.350035025455725,15.23578178303569],[58.950032475183775,16.965102599435824],[62.10003024369573,19.104405475930548],[66.60002705585575,19.529070924351004],[70.2000245055838,19.316876111628602],[72.87590260996691,19.076074257285313]],[[67.02854675228852,24.889731701235718],[66.48752713555183,23.298598065875808],[66.15002737463988,20.375041253465525],[66.60002705585575,19.529070924351004]],[[38.137547218943496,22.05298561667763],[39.182756478507656,21.481533475503085]]]},"properties":{"id":"imewe","name":"IMEWE","color":"#2966b1","rfs":"2010 December","rfs_year":2010,"is_planned":false,"length":"12,091 km","owners":"Airtel (Bharti), Etisalat UAE, Ogero, Orange, Pakistan Telecommunications Company Ltd., Saudi Telecom, Tata Communications, Telecom Egypt, Telecom Italia Sparkle","suppliers":"ASN, NEC","url":"https://imewecable.com","landing_points":[{"name":"Alexandria, Egypt","country":"Egypt"},{"name":"Suez, Egypt","country":"Egypt"},{"name":"Marseille, France","country":"France"},{"name":"Mumbai, India","country":"India"},{"name":"Catania, Italy","country":"Italy"},{"name":"Tripoli, Lebanon","country":"Lebanon"},{"name":"Karachi, Pakistan","country":"Pakistan"},{"name":"Jeddah, Saudi Arabia","country":"Saudi Arabia"},{"name":"Fujairah, United Arab Emirates","country":"United Arab Emirates"}]}},{"type":"Feature","geometry":{"type":"MultiLineString","coordinates":[[[72.87590260996691,19.076074257285313],[70.2000245055838,19.210675111642757],[66.60002705585575,19.316876111628602],[61.87503040308769,18.67864702215462],[58.950032475183775,16.749771315644608],[55.350035025455725,15.018578573757566],[48.600039807215495,12.834868817846598],[45.450042038703714,12.06589527357022],[44.55004267627157,11.95585820711483],[43.70629327399155,12.395734000022884],[43.34066853300351,12.615395567393307],[43.25629359277548,12.834868817846598],[43.08754371231959,13.054150695298716],[42.69379399125549,13.929303843271725],[42.18754434988762,14.801154224791475],[41.17504506715264,16.53419619825962],[40.16254578441547,18.251816319028308],[38.8125467407676,20.375041253465525],[38.02504729863958,22.05298561667763],[36.78754817529472,24.12261698700334],[35.77504889255957,25.754704263415306],[35.10004937073546,26.562513149236622],[34.25629996845544,27.364667993860166],[33.44102554600758,28.161052262220892],[32.61372113207378,29.1042306694751]],[[32.580621155522095,-25.968268155408055],[33.75005032708759,-26.55162080165701],[35.77504889255957,-26.953450834802908]],[[42.30004427019156,-4.377144375531941],[39.672896131287985,-4.052924364763157]],[[55.350035025455725,15.018578573757566],[55.800034706671596,12.615395567393307],[55.800034706671596,9.524411345019587],[55.350035026051785,5.510071711803135],[52.200037256943745,1.468426767332062],[46.350041401135684,-2.130918480960247],[42.30004427019156,-4.377144375531941],[40.95004522654352,-5.721872747834027],[40.61254546563154,-6.169450529574419],[39.8250460229076,-6.579399093270837],[39.2696764169327,-6.823132108349142]],[[31.757961738301788,-28.95055966653794],[32.85005096465545,-29.03930285603505],[33.75005032708759,-28.74381028114999],[35.77504889255957,-26.953450834802908],[41.62504474836763,-23.70010845220321],[42.75004395140763,-20.57441905727606],[42.75004395140763,-15.22403228464728],[42.750043950811715,-14.861883917662055],[42.30004427019156,-11.943944931746927],[41.850044588975464,-9.290424301035614],[40.61254546563154,-6.169450529574419]],[[43.147993669496344,11.594869371447714],[43.6500433138396,11.790669845561695],[44.55004267627157,11.95585820711483]],[[38.02504729863958,22.05298561667763],[39.182756478507656,21.481533475503085]]]},"properties":{"id":"seacomtata-tgn-eurasia","name":"SEACOM/Tata TGN-Eurasia","color":"#2f95b3","rfs":"2009 July","rfs_year":2009,"is_planned":false,"length":"15,000 km","owners":"SEACOM, Tata Communications","suppliers":"Subcom","url":"http://www.seacom.mu","landing_points":[{"name":"Djibouti City, Djibouti","country":"Djibouti"},{"name":"Zafarana, Egypt","country":"Egypt"},{"name":"Mumbai, India","country":"India"},{"name":"Mombasa, Kenya","country":"Kenya"},{"name":"Maputo, Mozambique","country":"Mozambique"},{"name":"Jeddah, Saudi Arabia","country":"Saudi Arabia"},{"name":"Mtunzini, South Africa","country":"South Africa"},{"name":"Dar Es Salaam, Tanzania","country":"Tanzania"}]}},{"type":"Feature","geometry":{"type":"MultiLineString","coordinates":[[[44.55004267627157,12.17588718550806],[43.6500433138396,11.845776373625682],[43.35585139948304,11.721608446415672]],[[58.50003279396768,24.12261698700334],[58.331282913511615,23.917101290935022],[58.17620302337187,23.684877531684634]],[[32.65318110412005,29.113614162980156],[33.426988055952876,28.161052262220892],[34.0313001278476,27.364667993860166],[34.76254960982348,26.562513149236622],[35.3250492113435,25.754704263415306],[36.337548494079556,24.12261698700334],[37.57504761742351,22.05298561667763],[38.36254705955153,20.375041253465525],[39.71254610319957,18.251816319028308],[40.72504538593765,16.53419619825962],[41.96254450927958,14.801154224791475],[42.468794150647625,13.929303843271725],[42.97504379201547,13.054150695298716],[43.200043632623704,12.834868817846598],[43.284418572851564,12.615395567393307],[43.59379335368763,12.395734000022884],[44.55004267627157,12.17588718550806],[45.450042038703714,12.615395567393307],[48.600039807215495,13.382708036125592],[55.350035025455725,16.10232559580288],[58.950032475183775,17.823934412537824],[60.300031518831815,19.104405475930548],[60.300031518831815,22.469443964829594],[59.85003183761572,23.091785476922468],[58.50003279396768,24.12261698700334]],[[29.700933195520264,31.072270031660224],[29.98130299690345,30.61136637963392],[30.375052717967577,30.29618450441947],[31.050052239791512,29.931250704427015],[31.725051761615447,29.687214675557016],[32.17505144283152,29.3934133712784],[32.65318110412005,29.113614162980156]],[[29.700933195520264,31.072270031660224],[29.98130299690345,30.65976529855473],[30.375052717967577,30.393272076386182],[31.050052239791512,30.028698127877362],[31.725051761615447,29.784900534878517],[32.17505144283152,29.4423669335807],[32.65318110412005,29.113614162980156]],[[12.591375316091586,37.650586172786205],[12.173015612461455,37.27875778048957],[12.037565708415343,36.87321951208918],[12.15006562871929,35.78566189952613],[12.48756538963653,35.419780517080454],[14.4000640347993,34.12610104005762],[16.65006244087931,33.37780603565923],[19.35006052817539,33.75276987113051],[22.05005861487558,33.73717891339021],[25.20005638398345,33.00121852265437],[27.900054471279333,32.148008778540714],[29.700933195520264,31.072270031660224]],[[37.57504761742351,22.05298561667763],[39.182756478507656,21.481533475503085]]]},"properties":{"id":"middle-east-north-africa-mena-cable-systemgulf-bridge-international","name":"Middle East North Africa (MENA) Cable System/Gulf Bridge International","color":"#51b847","rfs":"2014 December","rfs_year":2014,"is_planned":false,"length":"8,000 km","owners":"Gulf Bridge International, Telecom Egypt","suppliers":"ASN","url":"https://www.te.eg/wps/portal/te/Business/Wholesale/","landing_points":[{"name":"Djibouti City, Djibouti","country":"Djibouti"},{"name":"Abu Talat, Egypt","country":"Egypt"},{"name":"Zafarana, Egypt","country":"Egypt"},{"name":"Mazara del Vallo, Italy","country":"Italy"},{"name":"Al Seeb, Oman","country":"Oman"},{"name":"Jeddah, Saudi Arabia","country":"Saudi Arabia"}]}},{"type":"Feature","geometry":{"type":"MultiLineString","coordinates":[[[37.21967786917094,19.615566594546237],[37.589237574003334,20.23602516723338],[38.100047245508904,20.796306105108954],[39.182756478507656,21.481533475503085]]]},"properties":{"id":"saudi-arabia-sudan-2-sas-2","name":"Saudi Arabia-Sudan-2 (SAS-2)","color":"#3c67b1","rfs":"2011 July","rfs_year":2011,"is_planned":false,"length":"330 km","owners":"Saudi Telecom, Sudan Telecom Company","suppliers":null,"url":null,"landing_points":[{"name":"Jeddah, Saudi Arabia","country":"Saudi Arabia"},{"name":"Port Sudan, Sudan","country":"Sudan"}]}},{"type":"Feature","geometry":{"type":"MultiLineString","coordinates":[[[29.893513059094772,31.191465077638554],[30.825052399183477,30.75649044225247],[31.387552000703465,30.51445288474386],[31.950051602223482,30.296162918703686],[32.287551363135435,30.174689758499085],[32.529931191431416,29.972545436050268]],[[-5.654511758350935,50.04314791189421],[-6.074921460528742,49.950586997728095],[-6.299921301136777,49.80559362880811],[-7.499920451046137,49.34357257392173],[-8.549919707216787,48.70423463096077],[-12.599916838160823,44.051519228735145],[-12.599916838160823,39.69832335493328],[-11.024917953904747,37.94551049545976],[-9.787418830560796,36.51238821239372],[-8.999919388432772,36.14986678681771],[-6.299921301136777,35.96797434759347],[-5.624921779312757,35.967933880341064],[-5.347581975782816,36.156019514134556],[-4.499922576272752,36.05897312258671],[-2.249924170192742,36.14986678681771],[2.250072641967279,37.94551049545976],[5.400070410479259,38.29952060596935],[9.000067859611391,38.38775473578434],[10.348617229769246,38.38775473578434],[12.15006562871929,38.29952060596935],[12.60006530993536,38.43179231910082],[13.05006499115126,38.34365110568987],[13.358654772543531,38.116121616583314],[13.05006499115126,38.29948136690871],[12.60006530993536,38.34361189050912],[12.15006562871929,38.21117903702327],[12.15006562871929,36.87321951208918],[12.375065469327325,36.240655233214795],[12.712565230239278,35.78566189952613],[13.331314791912519,35.419780517080454],[14.4000640347993,34.82166648408236],[16.65006244087931,34.31215165223537],[19.35006052817539,34.68301765985788],[22.05005861487558,34.435956905755745],[25.20005638398345,33.70598849685862],[28.8000538337115,32.43331330641712],[29.893513059094772,31.191465077638554],[30.825052399183477,30.6839556754382],[31.387552000703465,30.417485796339378],[31.950051602223482,30.198979110224087],[32.287551363135435,30.126049846722907],[32.529931191431416,29.972545436050268],[32.48440122368541,29.63833609362638],[32.65327610405271,29.34456698948989],[32.65318110412005,29.113614162980156],[33.41295056589729,28.161052262220892],[34.14380004815152,27.364667993860166],[34.93129949027957,26.562513149236622],[35.55004905195153,25.754704263415306],[36.56254833468651,24.12261698700334],[37.80004745803154,22.05298561667763],[38.587546900159566,20.375041253465525],[39.937545943807606,18.251816319028308],[40.9500452265446,16.53419619825962],[42.0750444295835,14.801154224791475],[42.58129407095154,13.929303843271725],[43.03129375216761,13.054150695298716],[43.22816861269959,12.834868817846598],[43.31254355292762,12.615395567393307],[43.6500433138396,12.395734000022884],[44.55004267627157,11.900822861999615],[45.450042038703714,11.95585820711483],[48.600039807215495,12.725155923562937],[55.350035025455725,14.801154224791475],[58.950032475183775,16.53419619825962],[61.650030562479856,18.251816319028308],[66.60002705585575,19.104405475930548],[70.2000245055838,19.104405475930548],[72.87590260996691,19.076074257285313]],[[-5.145872118676039,36.42741977174609],[-4.724922416880787,36.240655233214795],[-4.499922576272752,36.05897312258671]],[[56.333724328601164,25.121690004958737],[56.9250339097116,24.8393128255928],[58.50003279396768,24.353428099494664],[59.85003183761572,23.711258142485292],[61.650030562479856,22.469443964829594],[61.650030562479856,18.251816319028308]],[[100.0661133481664,6.613518860854185],[100.29385318683333,6.908035999527129],[100.59971297015935,7.075917959575207],[101.70000219070411,7.298762754459602],[103.04883123518098,7.340023741610707],[105.29999964043216,7.521883237406598],[107.99999772772824,8.41318535956026],[109.34999677137611,9.96791518697421],[110.24999613380825,12.615395567393307],[112.94999422110416,18.251816319028308],[113.28749398201612,20.796306105108954],[113.6249937429283,21.635297384859456],[113.94911351331862,22.27149389584997],[114.187543344413,21.84429407917378],[115.19999262718417,21.21639789994191],[116.54999167083221,21.00649984517682],[118.79999007691222,21.32123529551194],[121.02775554672925,21.143107267679284],[122.84998720785634,21.32123529551194],[123.97498641089615,22.05298561667763],[124.87498577332835,24.12261698700334],[125.09998561393635,25.55188275942578],[125.32498545454442,26.159307970773796],[126.22498481697616,28.55704546571141],[126.4499846575844,29.540507745394393],[127.57498386062443,32.43331330641712],[127.57498386062443,33.18971466460036],[128.02498354184027,34.31215165223537],[128.62078311977027,34.88072781981958]],[[100.36299313785392,5.35384659465538],[99.67500362523216,5.510071711803135],[97.42500521915215,6.908035999527129]],[[72.87590260996691,19.076074257285313],[72.67502275227184,16.965102599435824],[73.74513399127406,13.492128176464178],[75.09513303492213,9.524411345019587],[77.29024347696432,6.852191098754417],[78.69513048464998,5.061986954416028],[81.00001685476795,4.389285926050889],[85.50001366692797,5.510071711803135],[90.00001047908799,6.405200795356109],[92.7000085663839,6.405200795356109],[94.27500745064,6.628746603597904],[95.40000665367998,6.628746603597904],[97.42500521915215,6.908035999527129],[99.00000410340803,6.852191098754417],[99.67500362523216,6.740481724921096],[100.0661133481664,6.613518860854185]],[[121.92508786246773,30.86475026744725],[122.17498768603221,30.997878215321975],[122.84998720785634,31.19054975154404],[124.64998593272028,30.80481662242596],[125.6624852154562,30.223305674181546],[126.4499846575844,29.540507745394393]],[[139.6208753272019,35.144036508332505],[139.44372545269644,34.40502275071583],[139.38747549254444,33.93964008831958],[139.49997541284839,32.43331330641712],[139.0499757316325,31.28673881439167],[137.69997668798445,30.514495959759188],[134.99997860068837,29.73606949729205],[132.74998019460836,29.73606949729205],[130.49998178852834,29.931250704427015],[129.37498258548837,30.901396088515583],[128.02498354184027,32.43331330641712],[127.79998370123226,33.18971466460036],[128.1374834621444,34.31215165223537],[128.62078311977027,34.88072781981958]],[[35.007079436596456,29.53192911521984],[34.767629606224915,29.089044023022637],[34.517629783327095,28.01631543236988],[34.76254960982348,26.964304734562802],[35.55004905195153,25.754704263415306]],[[39.18783647490889,21.48407381384692],[37.80004745803154,22.05298561667763]]]},"properties":{"id":"flag-europe-asia-fea","name":"FLAG Europe-Asia (FEA)","color":"#c52159","rfs":"1997 November","rfs_year":1997,"is_planned":false,"length":"28,000 km","owners":"Global Cloud Xchange","suppliers":"Subcom","url":"http://www.globalcloudxchange.com","landing_points":[{"name":"Lantau Island, China","country":"China"},{"name":"Nanhui, China","country":"China"},{"name":"Alexandria, Egypt","country":"Egypt"},{"name":"Suez, Egypt","country":"Egypt"},{"name":"Mumbai, India","country":"India"},{"name":"Palermo, Italy","country":"Italy"},{"name":"Miura, Japan","country":"Japan"},{"name":"Aqaba, Jordan","country":"Jordan"},{"name":"Penang, Malaysia","country":"Malaysia"},{"name":"Jeddah, Saudi Arabia","country":"Saudi Arabia"},{"name":"Geoje, South Korea","country":"South Korea"},{"name":"Estepona, Spain","country":"Spain"},{"name":"Satun, Thailand","country":"Thailand"},{"name":"Songkhla, Thailand","country":"Thailand"},{"name":"Fujairah, United Arab Emirates","country":"United Arab Emirates"},{"name":"Porthcurno, United Kingdom","country":"United Kingdom"}]}},{"type":"Feature","geometry":{"type":"MultiLineString","coordinates":[[[12.15006562871929,38.38775473578434],[12.262565549023208,38.21117903702327],[12.262565549023208,36.87321951208918],[12.487565389631243,36.240655233214795],[12.712565230239278,35.876870570092734],[13.50006467236733,35.419780517080454],[14.4000640347993,34.96008232454844],[16.65006244087931,34.49779087043359],[19.35006052817539,34.867831005273246],[22.05005861487558,34.57501887961877],[25.20005638398345,33.84625607000376],[28.8000538337115,32.52821504536482],[29.893513059094772,31.191465077638554],[30.825052399183477,30.828970604876417],[31.387552000703465,30.611323347603474],[31.950051602223482,30.393250512072086],[32.287551363135435,30.223305674181546],[32.542821182299974,29.95909144105582],[32.596876144006984,29.63833609362638],[32.76567602442739,29.34456698948989],[33.0469258251874,28.951554732193216],[33.52527548632111,28.161052262220892],[34.48129980906347,27.364667993860166],[35.437549131647586,26.562513149236622],[36.22504857377547,25.754704263415306],[37.23754785650971,24.12261698700334],[38.47504697985545,22.05298561667763],[39.182756478507656,21.481533475503085]],[[29.893513059094772,31.191465077638554],[30.825052399183477,30.901396088515583],[31.387552000703465,30.708097004575848],[31.950051602223482,30.490241707091457],[32.287551363135435,30.271897570624247],[32.529931191431416,29.972545436050268]],[[100.0661133481664,6.613518860854185],[100.0579133539753,6.35444710390118],[99.9924834003265,6.205536229871427],[99.67350362629472,5.956366566270248],[99.00000410340803,5.845915088460174],[97.42500521915215,6.405200795356109]],[[62.55002992491163,19.952622905164304],[62.55002992491163,22.469443964829594],[59.85003183761572,24.12261698700445],[58.50003279396768,24.583819112323454],[56.9250339097116,24.89034854048822],[56.333724328601164,25.121690004958737]],[[39.182756478507656,21.481533475503085],[39.2625464219835,20.375041253465525],[40.61254546563154,18.251816319028308],[41.62504474836763,16.53419619825962],[42.41254419049548,14.801154224791475],[42.918793831863695,13.929303843271725],[43.200043632623704,13.054150695298716],[43.31254355292762,12.834868817846598],[43.39691849315565,12.615395567393307],[43.818793194295495,12.395734000022884],[44.55004267627157,12.12089689803949],[45.450042038703714,12.395734000022884],[48.600039807215495,13.163718917913684],[55.350035025455725,15.669513225155328],[58.950032475183775,17.39502263470061],[62.55002992491163,19.952622905164304],[66.60002705585575,19.952622905164304],[70.2000245055838,19.529070924351004],[72.87590260996691,19.076074257285313]],[[13.358654772543531,38.116121616583314],[13.05006499115126,38.38775473578434],[12.60006530993536,38.519865191519216],[12.15006562871929,38.38775473578434],[10.348617229769246,38.47588134813884],[9.000067859611391,38.47588134813884],[8.10006849777534,38.38775473578434],[7.650068816559269,38.651811712711236],[6.187569852607282,41.744358789482135],[5.372530429989041,43.29362778902916]],[[9.867357245811377,37.27681625347506],[9.675067382031244,37.58978657360316],[9.000067859611391,38.47588134813884]],[[7.755438741914361,36.90282046530186],[7.875068657167304,37.232354321556215],[7.987568577471222,37.94551049545976],[8.10006849777534,38.38775473578434]],[[103.64609081207684,1.338585852071589],[103.50000091556822,1.22928089599958],[103.34065102845304,1.299701188578837],[102.68279723997185,1.698782263242975],[102.15000187192001,2.030661890474562],[101.25000250948804,2.480311786858834],[100.46250306736002,3.266814816815753],[99.67500362523216,4.613591578862867],[99.00000410340803,5.286069860821101],[97.42500521915215,6.405200795356109],[95.40000665367998,8.190543417795567],[93.14492825119876,9.524411345019587],[91.8000092039521,10.410816505402636],[90.00001047908799,12.395734000022884],[88.20001175422405,13.49207993623881],[83.70001494206386,13.929255692764542],[81.45001653598385,13.273238157547667],[80.2429873910547,13.063853101883296],[81.45001653598385,11.294709319565555],[82.12501605602009,9.524411345019587],[82.57501573723616,7.744852765543044],[82.35001589841599,5.510023109330234],[81.00001685476795,4.613591578862867],[78.69513048464998,4.613591578862867],[76.39024411453218,6.852191098754417],[74.19513367248996,9.524411345019587],[72.84513462884212,13.492128176464178],[72.22502307105597,16.965102599435824],[72.87590260996691,19.076074257285313]],[[79.87208765380373,6.927036656836265],[79.4250179705119,5.957818681088611],[78.46194979910254,4.80725241027767]],[[91.99482906593991,21.42927456664907],[91.8000092039521,19.952622905164304],[88.20001175422405,13.49207993623881]],[[66.60002705585575,19.952622905164304],[66.37502721524771,20.375041253465525],[66.60002705585575,23.298598065875808],[67.02854675228852,24.889731701235718]],[[101.25000250948804,2.480311786858834],[101.70000219070411,2.367912558705314],[102.22090182169396,2.273260323566632]]]},"properties":{"id":"seamewe-4","name":"SeaMeWe-4","color":"#187bb6","rfs":"2005 December","rfs_year":2005,"is_planned":false,"length":"20,000 km","owners":"Airtel (Bharti), Algerie Telecom, Bangladesh Submarine Cable Company Limited (BSCCL), Etisalat UAE, National Telecom, Orange, Pakistan Telecommunications Company Ltd., Saudi Telecom, Singtel, Sri Lanka Telecom, Tata Communications, Telecom Egypt, Telecom Italia Sparkle, Telekom Malaysia, Tunisia Telecom, Verizon","suppliers":"ASN, Fujitsu","url":"https://www.seamewe4.net","landing_points":[{"name":"Annaba, Algeria","country":"Algeria"},{"name":"Cox\u2019s Bazar, Bangladesh","country":"Bangladesh"},{"name":"Alexandria, Egypt","country":"Egypt"},{"name":"Suez, Egypt","country":"Egypt"},{"name":"Marseille, France","country":"France"},{"name":"Chennai, India","country":"India"},{"name":"Mumbai, India","country":"India"},{"name":"Palermo, Italy","country":"Italy"},{"name":"Melaka, Malaysia","country":"Malaysia"},{"name":"Karachi, Pakistan","country":"Pakistan"},{"name":"Jeddah, Saudi Arabia","country":"Saudi Arabia"},{"name":"Tuas, Singapore","country":"Singapore"},{"name":"Colombo, Sri Lanka","country":"Sri Lanka"},{"name":"Satun, Thailand","country":"Thailand"},{"name":"Bizerte, Tunisia","country":"Tunisia"},{"name":"Fujairah, United Arab Emirates","country":"United Arab Emirates"}]}},{"type":"Feature","geometry":{"type":"MultiLineString","coordinates":[[[29.700933195520264,31.072270031660224],[29.98130299690345,30.562943259201205],[30.375052717967577,30.199000717300606],[31.050052239791512,29.833707764444142],[31.725051761615447,29.589433775533877],[32.17505144283152,29.344436236246537],[32.65318110412005,29.113614162980156]],[[-5.624921779312757,35.922435577344146],[-5.347581975782816,36.156019514134556]],[[32.65318110412005,29.113614162980156],[33.455063036063336,28.161052262220892],[34.368799888759554,27.364667993860166],[35.268799251191524,26.562513149236622],[36.0000487331676,25.754704263415306],[37.01254801590258,24.12261698700334],[38.25004713924761,22.05298561667763],[39.037546581375466,20.375041253465525],[40.387545625023506,18.251816319028308],[41.40004490776067,16.53419619825962],[42.30004427019156,14.801154224791475],[42.80629391155958,13.929303843271725],[43.14379367247156,13.054150695298716],[43.284418572851564,12.834868817846598],[43.368793513079595,12.615395567393307],[43.76254323414352,12.395734000022884],[44.55004267627157,12.06589527357022],[45.450042038703714,12.285833556268273],[48.600039807215495,13.054150695298716],[55.350035025455725,15.452760959322148],[58.950032475183775,17.180187287481402],[62.32503008430379,19.529070924351004],[66.60002705585575,19.74098736552503],[70.2000245055838,19.42300815558187],[72.87590260996691,19.076074257285313]],[[32.65318110412005,29.113614162980156],[32.17505144283152,29.295435552938898],[31.725051761615447,29.491558027403585],[31.050052239791512,29.73606949729205],[30.375052717967577,30.101720899554863],[29.98130299690345,30.514495959759188],[29.700933195520264,31.072270031660224],[27.900054471279333,32.052708023486105],[25.20005638398345,32.859581490460556],[22.05005861487558,33.59673284538093],[19.35006052817539,33.565491482352144],[16.65006244087931,33.18971466460036],[14.4000640347993,33.98629373718458],[12.318815509181547,35.419780517080454],[12.037565708415343,35.78566189952613],[11.925065788111255,36.240655233214795],[11.925065786919447,37.232354321556215],[10.912566505375338,37.67887792909195],[10.348617229769246,38.12273010839229],[9.000067859611391,38.12273010839229],[5.400070410479259,38.12273010839229],[2.250072641967279,37.76786242517883],[-2.249924170192742,36.05897312258671],[-4.499922576272752,35.96797434759347],[-5.624921779312757,35.922435577344146],[-6.299921301136777,35.876870570092734],[-8.999919388432772,36.05897312258671],[-9.899918750864742,36.42191605012607],[-11.249917794512783,37.94551049545976],[-13.499916200592793,39.69832335493328],[-13.499916200592793,44.051519228735145],[-9.449919069648843,48.70423463096077],[-7.649920344784732,49.58728674004675],[-6.074881460557094,50.31116725161084],[-4.544402544762761,50.82820142743802]],[[-11.249917794512783,37.94551049545976],[-10.349918432080813,37.94551049545976],[-9.33741914934481,38.12273010839229],[-9.102749315587062,38.443079483141986]],[[14.4000640347993,33.98629373718458],[13.50006467236733,33.09551711711572],[13.187364893886866,32.87762290319543]],[[7.426728974775415,43.73825568793552],[7.312569055647288,43.40114497315386],[7.425068975951234,41.744358789482135],[7.969108590548586,39.423519823304105],[8.325068338383204,38.651811712711236],[8.437568258687293,38.38775473578434],[9.000067859611391,38.12273010839229]],[[44.55004267627157,12.06589527357022],[43.6500433138396,11.818224495851751],[43.16164365982672,11.573660387694133]],[[38.25004713924761,22.05298561667763],[39.182756478507656,21.481533475503085]],[[56.333724328601164,25.121690004958737],[56.9250339097116,24.66052224964892],[58.00442314506233,23.679602601493002],[58.16253303305572,23.96851099673472],[58.72503263457574,24.32780311165172],[59.85003183761572,24.01990020343348],[62.32503008430379,22.469443964829594],[62.32503008430379,19.529070924351004]]]},"properties":{"id":"europe-india-gateway-eig","name":"Europe India Gateway (EIG)","color":"#a35e29","rfs":"2011 February","rfs_year":2011,"is_planned":false,"length":"15,000 km","owners":"AT&T, Airtel (Bharti), Altice Portugal, BT, Bharat Sanchar Nigam Ltd. (BSNL), Djibouti Telecom, Gibtelecom, Libya International Telecommunications Company, MTN, Omantel, Saudi Telecom, Telecom Egypt, Telkom South Africa, Verizon, Vodafone, du","suppliers":"ASN, Subcom","url":null,"landing_points":[{"name":"Haramous, Djibouti","country":"Djibouti"},{"name":"Abu Talat, Egypt","country":"Egypt"},{"name":"Zafarana, Egypt","country":"Egypt"},{"name":"Gibraltar, Gibraltar","country":"Gibraltar"},{"name":"Mumbai, India","country":"India"},{"name":"Tripoli, Libya","country":"Libya"},{"name":"Monaco, Monaco","country":"Monaco"},{"name":"Barka, Oman","country":"Oman"},{"name":"Sesimbra, Portugal","country":"Portugal"},{"name":"Jeddah, Saudi Arabia","country":"Saudi Arabia"},{"name":"Fujairah, United Arab Emirates","country":"United Arab Emirates"},{"name":"Bude, United Kingdom","country":"United Kingdom"}]}},{"type":"Feature","geometry":{"type":"MultiLineString","coordinates":[[[29.700933195520264,31.072270031660224],[29.98130299690345,30.75649044225247],[30.375052717967577,30.587157843201965],[31.050052239791512,30.223305674181546],[31.725051761615447,29.979986367503585],[32.17505144283152,29.491296898779723],[32.65318110412005,29.113614162980156]],[[107.0791983800311,10.342138429682905],[107.77499788712001,9.85709470870242],[108.6749972495522,9.746236973759864],[110.24999613380825,9.96791518697421]],[[94.39121736831603,16.858032255708565],[93.60000792881604,16.749771315644608],[92.250008885168,14.801154224791475],[90.90000984151996,9.524411345019587],[90.45001016030389,5.061986954416028],[90.00001047908799,3.715978119297972]],[[100.0661133481664,6.613518860854185],[100.35005314702076,6.908035999527129],[100.59971297015935,7.075917959575207]],[[19.35006052817539,34.12610104005762],[19.35006052817539,37.67887792909195],[18.95777080607718,39.48474996079955],[18.787560926655374,40.04369219282995],[18.675061006351456,40.387320290775165],[18.00006148452735,40.89949091487156],[16.86881228591494,41.125709058522546]],[[45.03354233375589,12.800877546853712],[45.450042038703714,11.735650161405744]],[[22.57920153405354,33.89459266962973],[22.95005797790344,35.419780517080454],[23.51255757942343,35.78566189952613],[23.737557420031465,35.78566189952613],[24.01216722549529,35.51204255863749]],[[103.50674091079347,10.630401703210367],[103.72500075617612,9.524411345019587],[103.72500075617612,8.190543417795567],[103.04883123518098,7.228431783286396]],[[97.42500521915215,5.957818681088611],[99.00000410340803,6.069699469735895],[100.0661133481664,6.613518860854185],[100.2376532266459,6.908035999527129],[100.59971297015935,7.075917959575207],[101.70000219070411,7.242965106491965],[103.04883123518098,7.228431783286396],[105.29999964043216,7.298762754459602],[107.99999772772824,8.079175518240902],[110.24999613380825,9.96791518697421],[111.59999517745612,12.615395567393307],[113.6249937429283,18.251816319028308],[113.73749366323219,20.796306105108954],[114.26024329291155,22.208034251394366]],[[58.60608271884112,23.57608486453742],[58.950032475183775,23.608214441358456],[59.85003183761572,23.50508968095727]],[[61.200030881263785,17.39502263470061],[61.200030881263785,22.469443964829594],[59.85003183761572,23.50508968095727],[59.04197976437254,23.91203783447051],[58.50003279396768,24.19960051856532],[56.9250339097116,24.788256058863453],[56.333724328601164,25.121690004958737],[56.9250339097116,25.348717422116806],[56.981283869863745,26.159307970773796],[56.81253398940768,26.562513149236622],[56.250034387887666,26.663094151095322],[55.800034706671596,26.310674619140343],[55.350035025455725,26.159307970773796],[53.550036300591586,26.159307970773796],[52.200037256943745,25.95717997876443],[51.51927773920005,25.294608758024538]],[[72.87590260996691,19.076074257285313],[71.7750233898399,16.965102599435824]],[[5.372530429989041,43.29362778902916],[6.300069772911229,41.744358789482135],[7.875068657167304,38.651811712711236],[8.212568418079258,38.38775473578434],[9.000067859611391,38.21117903702327],[10.348617229769246,38.21117903702327],[10.912566505375338,37.76786242517883],[12.037565707223564,37.232354321556215],[12.037565708415343,36.240655233214795],[12.375065469327325,35.78566189952613],[12.825065150547204,35.419780517080454],[14.4000640347993,34.40502275071583],[16.65006244087931,33.75276987113051],[19.35006052817539,34.12610104005762],[22.05005861487558,34.01738195075367],[25.20005638398345,33.283811019051],[27.900054471279333,32.33831157801282],[29.700933195520264,31.072270031660224],[29.98130299690345,30.70813999354155],[30.375052717967577,30.490263249963675],[31.050052239791512,30.126049846722907],[31.725051761615447,29.88249116219714],[32.17505144283152,29.491296898779723],[32.65318110412005,29.113614162980156],[33.398913075842444,28.161052262220892],[33.97505016769546,27.364667993860166],[34.67817466959545,26.562513149236622],[35.21254929103955,25.754704263415306],[36.22504857377547,24.12261698700334],[37.46254769711956,22.05298561667763],[38.25004713924761,20.375041253465525],[39.600046182895454,18.251816319028308],[40.61254546563373,16.53419619825962],[41.90629454912761,14.801154224791475],[42.41254419049548,13.929303843271725],[42.94691881193958,13.054150695298716],[43.185981142585575,12.834868817846598],[43.270356082813606,12.615395567393307],[43.565668373611544,12.395734000022884],[44.55004267627157,11.735650161405744],[45.450042038703714,11.735650161405744],[48.600039807215495,12.505588131780542],[55.350035025455725,14.365653759228536],[58.950032475183775,16.10232559580288],[61.200030881263785,17.39502263470061],[66.60002705585575,18.465364393137207],[71.7750233898399,16.965102599435824],[71.94513526640995,13.492128176464178],[73.29513431005799,9.524411345019587],[75.49024475210021,6.852191098754417],[78.69513048464998,4.164912849976844],[79.65001781052402,3.64113270007644],[81.00001685476795,3.266814816815753],[85.50001366692797,2.817450442654064],[90.00001047908799,3.715978119297972],[92.7000085663839,5.061986954416028],[94.27500745064,5.957818681088611],[95.40000665367998,6.293390948068463],[97.42500521915215,5.957818681088611],[99.67500362523216,5.733989114150035],[100.37321313001817,5.420859215720895]],[[43.147993669496344,11.594869371447714],[43.6500433138396,11.735552251813374],[44.55004267627157,11.735650161405744]],[[39.182756478507656,21.481533475503085],[37.46254769711956,22.05298561667763]],[[67.02854675228852,24.889731701235718],[65.25002801161182,24.1568376182791],[61.200030881263785,22.469443964829594]]]},"properties":{"id":"asia-africa-europe-1-aae-1","name":"Asia Africa Europe-1 (AAE-1)","color":"#a1489b","rfs":"2017 June","rfs_year":2017,"is_planned":false,"length":"25,000 km","owners":"China Unicom, Djibouti Telecom, Etisalat UAE, Hyalroute, Metfone, Mobily, National Telecom, OTEGLOBE, Omantel, Ooredoo, PCCW, Pakistan Telecommunications Company Ltd., Reliance Jio Infocomm, Retelit, TIME dotCom, TeleYemen, Telecom Egypt, VNPT International, Viettel Corporation","suppliers":"NEC, Subcom","url":"http://www.aaeone.com","landing_points":[{"name":"Sihanoukville, Cambodia","country":"Cambodia"},{"name":"Cape D\u2019Aguilar, China","country":"China"},{"name":"Djibouti City, Djibouti","country":"Djibouti"},{"name":"Abu Talat, Egypt","country":"Egypt"},{"name":"Zafarana, Egypt","country":"Egypt"},{"name":"Marseille, France","country":"France"},{"name":"Chania, Greece","country":"Greece"},{"name":"Mumbai, India","country":"India"},{"name":"Bari, Italy","country":"Italy"},{"name":"Butterworth, Malaysia","country":"Malaysia"},{"name":"Ngwe Saung, Myanmar","country":"Myanmar"},{"name":"Al Bustan, Oman","country":"Oman"},{"name":"Karachi, Pakistan","country":"Pakistan"},{"name":"Doha, Qatar","country":"Qatar"},{"name":"Jeddah, Saudi Arabia","country":"Saudi Arabia"},{"name":"Satun, Thailand","country":"Thailand"},{"name":"Songkhla, Thailand","country":"Thailand"},{"name":"Fujairah, United Arab Emirates","country":"United Arab Emirates"},{"name":"Vung Tau, Vietnam","country":"Vietnam"},{"name":"Aden, Yemen","country":"Yemen"}]}},{"type":"Feature","geometry":{"type":"MultiLineString","coordinates":[[[79.88937764155523,6.820776084597128],[79.53751789081602,5.957818681088611],[78.45083428096896,4.580645089774947]],[[80.2429873910547,13.063853101883296],[81.45001653598385,12.615395567393307],[83.70001494206386,12.17588718550806],[89.10001111665602,10.853089690745378],[93.15000824759997,9.296323017976874],[95.40000665367998,7.967776882259614],[97.42500521915215,7.131299528983504],[99.67500362523216,5.622041180883144],[100.36299313785392,5.35384659465538]],[[72.00002323044774,16.965102599435824],[72.87590260996691,19.076074257285313]],[[97.42500521915215,7.131299528983504],[95.40000665367998,6.405200795356109],[94.27500745064,6.181557032537114],[92.7000085663839,5.510071711803135],[90.00001047908799,4.613591578862867],[85.50001366692797,3.715978119297972],[81.00001685476795,3.491423322320486],[79.65001781052402,3.865649782481938],[78.69513048464998,4.389285926050889],[75.94024443331628,6.852191098754417],[73.74513399127406,9.524411345019587],[72.39513494762602,13.492128176464178],[72.00002323044774,16.965102599435824],[66.82502689646378,20.585819096040467],[62.662529845215744,23.917101290935022],[59.85003183761572,24.73717827217783],[58.72503263457574,24.941363171753835],[56.9250339097116,24.96686257111105],[56.333724328601164,25.121690004958737]],[[58.72503263457574,24.941363171753835],[58.2187829932077,23.917101290935022],[58.2294229856702,23.679602601493002]]]},"properties":{"id":"bay-of-bengal-gateway-bbg","name":"Bay of Bengal Gateway (BBG)","color":"#a4332b","rfs":"2016 Q1","rfs_year":2016,"is_planned":false,"length":"8,100 km","owners":"AT&T, China Telecom, Dialog Axiata, Etisalat UAE, Omantel, Reliance Jio Infocomm, Telekom Malaysia, Telstra, Vodafone","suppliers":"ASN","url":"https://www.bayofbengalgateway.com","landing_points":[{"name":"Chennai, India","country":"India"},{"name":"Mumbai, India","country":"India"},{"name":"Penang, Malaysia","country":"Malaysia"},{"name":"Barka, Oman","country":"Oman"},{"name":"Ratmalana, Sri Lanka","country":"Sri Lanka"},{"name":"Fujairah, United Arab Emirates","country":"United Arab Emirates"}]}},{"type":"Feature","geometry":{"type":"MultiLineString","coordinates":[[[38.10697724059963,24.070648010417926],[37.80004745803154,24.01990020343257],[37.34051417738746,24.035381460187438],[37.12504793620579,24.12261698700334]],[[43.008543768284085,14.68565653336259],[42.75004395140763,14.692360031374477],[42.5250441107996,14.692360031374477],[42.35629423034351,14.801154224791475]],[[101.25000250948804,2.367912558705314],[101.36255242975685,2.143087178471944],[101.44766236946415,1.665522797277134]],[[99.4500037846241,4.613591578862867],[98.67598433294691,3.752031394331624]],[[27.900054471279333,32.43331330641712],[28.8000538337115,34.31215165223537],[28.575053993103467,36.14986678681771],[28.46255407279935,36.51238821239372],[28.25357422084295,36.85525019317086]],[[16.65006244087931,33.93964008831958],[16.425062600271445,34.68301765985788],[16.20006275966341,35.78566189952613],[16.087562839359293,36.87321951208918],[15.75006307844734,37.32187222983512],[15.067443562021538,37.51344748573402]],[[94.39121736831603,16.858032255708565],[93.60000792881604,16.965102599435824],[91.8000092039521,17.823934412537824]],[[102.22090182169396,2.273260323566632],[102.15000187192001,1.974446286104069]],[[90.11661039648769,21.820818029820288],[90.90000984151996,20.375041253465525],[91.8000092039521,17.823934412537824],[91.8000092039521,14.801154224791475],[90.45001016030389,9.524411345019587],[90.22501031969605,7.967776882259614],[90.00001047908799,7.298762754459602]],[[67.02854675228852,24.889731701235718],[65.25002801161182,24.054148269801203],[63.22502944673573,22.469443964829594]],[[65.75491565746177,16.886337034233264],[63.45836261477359,20.880771168805865],[63.22502944673573,22.469443964829594],[59.85003183761572,24.430271928050416],[58.50003279396768,24.73717827217618],[56.9250339097116,24.941363171753835],[56.333724328601164,25.121690004958737]],[[29.700933195520264,31.072270031660224],[29.98130299690345,30.417485796339378],[30.375052717967577,29.90687391673123],[31.050052239791512,29.540507745394393],[31.725051761615447,29.295522763665588],[32.17505144283152,29.197363639715576],[32.65318110412005,29.113614162980156]],[[5.930340034831232,43.125291587015084],[6.300069772911229,42.74371346443661],[6.525069613519264,41.744358789482135],[8.10006849777534,38.651811712711236],[8.325068338383204,38.38775473578434],[9.000067859611391,38.29952060596935],[10.348617229769246,38.29952060596935],[10.912566505375338,37.85673997565843],[12.150065627527482,37.232354321556215],[12.15006562871929,36.240655233214795],[12.487565389631243,35.78566189952613],[12.993815031002384,35.419780517080454],[14.4000640347993,34.544136272978676],[16.65006244087931,33.93964008831958],[19.35006052817539,34.31215165223537],[22.05005861487558,34.157137999942535],[25.20005638398345,33.42476549736131],[27.900054471279333,32.43331330641712],[29.700933195520264,31.072270031660224],[29.98130299690345,30.466024503890736],[30.375052717967577,30.00434523699687],[31.050052239791512,29.63833609362638],[31.725051761615447,29.393587625053613],[32.17505144283152,29.246411345890152],[32.65318110412005,29.113614162980156],[33.46910052611801,28.161052262220892],[34.42504984891153,27.364667993860166],[35.353174191419555,26.562513149236622],[36.11254865347152,25.754704263415306],[37.12504793620579,24.12261698700334],[38.36254705955153,22.05298561667763],[39.15004650167958,20.375041253465525],[40.50004554532762,18.251816319028308],[41.51254482806351,16.53419619825962],[42.35629423034351,14.801154224791475],[42.86254387171155,13.929303843271725],[43.17191865254762,13.054150695298716],[43.29848106288949,12.834868817846598],[43.382856003117524,12.615395567393307],[43.537543393535486,12.395734000022884],[44.55004267627157,11.680570534838523],[45.450042038703714,11.625479959569759],[48.600039807215495,12.395734000022884],[55.350035025455725,14.14758350694865],[58.950032475183775,15.886035719079104],[65.75491565746177,16.886337034233264],[70.6500241867999,13.412055032890692],[72.1097991585246,9.280734132427938],[74.30490960056682,6.606897166243414],[76.95001972382383,5.510071711803135],[79.65001781111991,5.510071711803135],[80.53985718074958,5.940820740520053]],[[80.53985718074958,5.940820740520053],[81.00001685476795,5.510071711803135],[82.80001557963189,5.510071711803135],[85.50001366692797,6.405200795356109],[90.00001047908799,7.298762754459602],[92.7000085663839,6.852191098754417],[94.27500745064,6.852191098754417],[95.40000665367998,6.740481724921096],[97.42500521915215,6.237476972533045],[98.77500426280002,5.286069860821101],[99.4500037846241,4.613591578862867],[100.35000314705607,3.266814816815753],[101.25000250948804,2.367912558705314],[102.15000187192001,1.974446286104069],[102.68279723997185,1.670619462234868],[103.34065102845304,1.271608282704705],[103.50000091556822,1.21527159428436],[103.64609081207684,1.338585852071589]],[[43.16164365982672,11.573660387694133],[43.6500433138396,11.707989320553992],[44.55004267627157,11.680570534838523]],[[58.591142729424746,23.61510487139472],[58.950032475183775,23.865671119262572],[59.85003183761572,24.430271928050416]]]},"properties":{"id":"seamewe-5","name":"SeaMeWe-5","color":"#c71f8e","rfs":"2016 December","rfs_year":2016,"is_planned":false,"length":"20,000 km","owners":"Bangladesh Submarine Cable Company Limited (BSCCL), China Mobile, China Telecom, China Unicom, Djibouti Telecom, Myanmar Post and Telecommunication (MPT), Ooredoo, Orange, Saudi Telecom, Singtel, Sri Lanka Telecom, TeleYemen, Telecom Egypt, Telecom Italia Sparkle, Telekom Malaysia, Telkom Indonesia, TransWorld, Turk Telekom International, du","suppliers":"ASN, NEC","url":"http://www.seamewe5.com","landing_points":[{"name":"Kuakata, Bangladesh","country":"Bangladesh"},{"name":"Haramous, Djibouti","country":"Djibouti"},{"name":"Abu Talat, Egypt","country":"Egypt"},{"name":"Zafarana, Egypt","country":"Egypt"},{"name":"Toulon, France","country":"France"},{"name":"Dumai, Indonesia","country":"Indonesia"},{"name":"Medan, Indonesia","country":"Indonesia"},{"name":"Catania, Italy","country":"Italy"},{"name":"Melaka, Malaysia","country":"Malaysia"},{"name":"Ngwe Saung, Myanmar","country":"Myanmar"},{"name":"Qalhat, Oman","country":"Oman"},{"name":"Karachi, Pakistan","country":"Pakistan"},{"name":"Yanbu, Saudi Arabia","country":"Saudi Arabia"},{"name":"Tuas, Singapore","country":"Singapore"},{"name":"Matara, Sri Lanka","country":"Sri Lanka"},{"name":"Marmaris, Turkey","country":"Turkey"},{"name":"Fujairah, United Arab Emirates","country":"United Arab Emirates"},{"name":"Al Hudaydah, Yemen","country":"Yemen"}]}},{"type":"Feature","geometry":{"type":"MultiLineString","coordinates":[[[11.090886379051994,36.849936993962615],[11.427366140686559,36.849310578248605],[12.173015612461455,37.36822050784963],[12.591375316091586,37.650586172786205]]]},"properties":{"id":"hannibal-system","name":"HANNIBAL System","color":"#5ab946","rfs":"2009 October","rfs_year":2009,"is_planned":false,"length":"178 km","owners":"Tunisia Telecom","suppliers":"HMN Tech","url":"http://www.tunisietelecom.tn","landing_points":[{"name":"Mazara del Vallo, Italy","country":"Italy"},{"name":"Kelibia, Tunisia","country":"Tunisia"}]}},{"type":"Feature","geometry":{"type":"MultiLineString","coordinates":[[[11.090886379051994,36.849936993962615],[11.427366140686559,36.939295480359135],[12.173015612461455,37.45757668483847],[12.591375316091586,37.650586172786205]]]},"properties":{"id":"didon","name":"Didon","color":"#37b44d","rfs":"2014 May","rfs_year":2014,"is_planned":false,"length":"170 km","owners":"Ooredoo Tunisie, Orange Tunisie","suppliers":"ASN","url":null,"landing_points":[{"name":"Mazara del Vallo, Italy","country":"Italy"},{"name":"Kelibia, Tunisia","country":"Tunisia"}]}},{"type":"Feature","geometry":{"type":"MultiLineString","coordinates":[[[37.21967786917094,19.615566594546237],[37.589237574003334,20.130435865140754],[38.100047245508904,20.656013867895894],[39.182756478507656,21.481533475503085]]]},"properties":{"id":"saudi-arabia-sudan-1-sas-1","name":"Saudi Arabia-Sudan-1 (SAS-1)","color":"#68bc45","rfs":"2003 April","rfs_year":2003,"is_planned":false,"length":"333 km","owners":"Saudi Telecom, Sudan Telecom Company, The Arab Investment Company","suppliers":"ASN","url":null,"landing_points":[{"name":"Jeddah, Saudi Arabia","country":"Saudi Arabia"},{"name":"Port Sudan, Sudan","country":"Sudan"}]}},{"type":"Feature","geometry":{"type":"MultiLineString","coordinates":[[[43.008543768284085,14.68565653336259],[42.75004395140763,14.583511645118676],[42.5250441107996,14.583511645118676],[42.13129438973547,14.801154224791475]],[[48.531779855571585,29.92363278689706],[48.71253972751961,29.540507745394393],[48.600039807215495,29.1482487910327]],[[48.531779855571585,29.92363278689706],[48.600039807215495,29.540507745394393],[48.48753988691158,29.246454972180487]],[[60.6273712869413,25.25866457904604],[59.85003183761572,24.53265756616244]],[[52.18245726939753,16.21300386243118],[52.650036938159616,15.669513225155328],[52.650036938159616,15.23578178303569]],[[75.545132716138,6.628746603597904],[79.20001812990384,6.628746603597904],[79.87208765380373,6.927036656836265]],[[76.97022970950692,8.798160747261278],[76.50002004260776,8.190543417795567],[75.545132716138,6.628746603597904],[74.25002163652775,5.398081130463737],[73.50002216783449,4.166668198861885]],[[72.87590260996691,19.076074257285313],[70.2000245055838,19.74098736552503],[66.60002705585575,20.375041253465525],[63.450029287343796,22.469443964829594],[59.85003183761572,24.53265756616244],[58.50003279396768,23.96851099673472],[58.17620302337187,23.684877531684634],[57.881283232295715,24.12261698700334],[57.37503359092767,25.348717422116806],[57.150033750319835,26.159307970773796],[56.981283869863745,26.562513149236622],[56.74300403866354,26.973181618689154],[56.27415437080103,27.187252945938212],[56.250034387887666,26.813799487940685],[55.800034706671596,26.41147606086841],[55.350035025455725,26.361086325391653],[53.550036300591586,26.361086325391653],[52.87503677876768,26.562513149236622],[52.200037256943745,26.964304734562802],[51.52503773511961,27.364667993860166],[50.17503869147157,27.962503359972544],[49.16253940873568,28.65581241773313],[48.600039807215495,29.1482487910327],[48.48753988691158,29.246454972180487],[47.97484025011303,29.37410420420028],[48.600039807215495,28.853067255226364],[49.16253940873568,28.458185766004647],[50.17503869147157,26.964304734562802],[50.17503869147157,26.461843796189072],[50.21419866373054,26.285375359318067],[50.34378857192766,26.461843796189072],[50.51253845238372,26.461843796189072],[50.576018407413954,26.22949483839116],[51.18753797420766,26.461843796189072],[51.63753765542373,26.361086325391653],[51.750037575727674,26.058287560298936],[51.51927773920005,25.294608758024538],[52.200037256943745,25.754704263415306],[53.550036300591586,25.8559854660721],[55.12503518484766,25.8559854660721],[55.12503518484766,25.55188275942578],[55.308535054854815,25.26935399813027],[55.237585105116494,25.55188275942578],[55.350035025455725,25.8559854660721],[55.800034706671596,26.159307970773796],[56.24681439016874,26.18130536278207],[56.36253430819161,26.461843796189072],[56.58753414879965,26.461843796189072],[56.81253398940768,26.159307970773796],[57.26253367062375,25.348717422116806],[57.82503327214377,24.12261698700334],[58.17620302337187,23.684877531684634],[58.50003279396768,23.814220515025227],[58.950032475183775,23.659746441192254],[59.85003183761572,22.988259503893147],[60.07503167822378,22.469443964829594],[60.07503167822378,19.104405475930548],[58.950032475183775,18.03800543960884],[55.350035025455725,16.31838002635962],[52.650036938159616,15.23578178303569],[48.600039807215495,13.492128176464178],[45.450042038703714,12.725155923562937],[44.55004267627157,12.230866087669114],[43.67816829391566,12.395734000022884],[43.32660604296558,12.615395567393307],[43.24223110273755,12.834868817846598],[43.05941873224353,13.054150695298716],[42.637544031103516,13.929303843271725],[42.13129438973547,14.801154224791475],[41.06254514684872,16.53419619825962],[40.05004586411155,18.251816319028308],[38.70004682046351,20.375041253465525],[37.91254737833546,22.05298561667763],[36.67504825499063,24.12261698700334],[35.66254897225545,25.754704263415306],[35.0156744305074,26.562513149236622],[34.20005000830349,27.364667993860166],[33.49725050617553,28.161052262220892],[32.99067586503543,28.951554732193216],[32.70942606427545,29.34456698948989],[32.54067268382204,29.63833609362638],[32.540681183815934,29.974234637029554]],[[39.182756478507656,21.481533475503085],[38.70004682046351,20.375041253465525],[37.589237574003334,19.81323778521059],[37.21967786917094,19.615566594546237]]]},"properties":{"id":"falcon","name":"FALCON","color":"#c62026","rfs":"2006 September","rfs_year":2006,"is_planned":false,"length":"10,300 km","owners":"Global Cloud Xchange","suppliers":"ASN","url":"http://www.globalcloudxchange.com","landing_points":[{"name":"Manama, Bahrain","country":"Bahrain"},{"name":"Suez, Egypt","country":"Egypt"},{"name":"Mumbai, India","country":"India"},{"name":"Trivendrum, India","country":"India"},{"name":"Bandar Abbas, Iran","country":"Iran"},{"name":"Chabahar, Iran","country":"Iran"},{"name":"Al Faw, Iraq","country":"Iraq"},{"name":"Al Safat, Kuwait","country":"Kuwait"},{"name":"Male, Maldives","country":"Maldives"},{"name":"Al Seeb, Oman","country":"Oman"},{"name":"Khasab, Oman","country":"Oman"},{"name":"Doha, Qatar","country":"Qatar"},{"name":"Al Khobar, Saudi Arabia","country":"Saudi Arabia"},{"name":"Jeddah, Saudi Arabia","country":"Saudi Arabia"},{"name":"Colombo, Sri Lanka","country":"Sri Lanka"},{"name":"Port Sudan, Sudan","country":"Sudan"},{"name":"Dubai, United Arab Emirates","country":"United Arab Emirates"},{"name":"Al Ghaydah, Yemen","country":"Yemen"},{"name":"Al Hudaydah, Yemen","country":"Yemen"}]}},{"type":"Feature","geometry":{"type":"MultiLineString","coordinates":[[[106.83339855415792,-6.128964849210604],[106.31249892316825,-5.385957847172989]],[[32.542821182299974,29.95909144105582],[32.287551363135435,30.36900921360788],[31.950051602223482,30.68393417557087],[31.387552000703465,30.901353185916747],[30.825052399183477,31.046082721692102],[29.893513059094772,31.191465077638554],[28.8000538337115,32.81231878328768],[25.20005638398345,34.2656775265242],[23.400057658523423,34.62132128520639],[22.05005861487558,34.99080971857586],[19.35006052817539,35.419780517080454],[16.65006244087931,35.05222991093683],[14.4000640347993,35.37392782452352],[13.33131479191124,35.96797434759347],[12.712565230239278,36.87321951208918],[12.60006530993536,37.232354321556215],[12.591375316091586,37.650586172786205],[11.70006594750339,37.67887792909195],[10.348617229769246,38.034173900641946],[9.000067859611391,38.034173900641946],[5.400070410479259,37.94551049545976],[2.250072641967279,37.58978657360316],[-2.249924170192742,35.96797434759347],[-4.499922576272752,35.876870570092734],[-5.624921779312757,35.967933880341064],[-6.299921301136777,36.05897312258671],[-8.999919388432772,36.240655233214795],[-9.449919069648843,36.69301553274448],[-9.449919069648843,37.232354321556215],[-9.112419308736776,38.12273010839229],[-9.102749315587062,38.443079483141986]],[[114.74999294596827,21.21639789994191],[114.41249318505615,21.635297384859456],[114.183973346942,22.24961578335288]],[[100.0661133481664,6.613518860854185],[99.00000410340803,6.181557032537114],[97.42500521915215,6.069699469735895]],[[125.99998497636832,29.540507745394393],[125.54998529515225,30.126049846722907],[124.64998593272028,30.70813999354155],[122.84998720785634,31.094262827639596],[122.17498768603221,31.238656526340208],[121.47258699999978,31.247573900928387]],[[-9.102749315587062,38.443079483141986],[-10.799918113296798,38.82731109526628],[-11.699917475728853,39.69832335493328],[-11.699917475728853,43.40114497315386],[-8.099920026000802,46.89076287862241],[-5.849921619920792,47.72979657245895],[-4.338542690595716,47.81102015174923],[-5.174922098096772,47.95631365986799],[-5.399921938704722,48.40638249553794],[-4.949922257488737,49.441203723128126],[-5.17297209947813,50.02254139117184],[-4.499922576272752,49.950586997728095],[-3.599923213840782,50.02292045625484],[-2.249924170192742,50.16726116292705],[7.4235887269e-05,50.31116725161084],[0.900073598319238,50.669033691984],[1.348973280314624,50.981023970649176],[1.800072960751208,51.09490046148102],[2.475072482575314,51.165500079092226],[2.912772172504702,51.231220564626796]],[[58.591142729424746,23.61510487139472],[58.950032475183775,23.762749511610537],[59.85003183761572,23.608214441359365]],[[32.46665123625965,34.76657169708608],[31.500051920411693,34.34312011914997],[28.8000538337115,32.81231878328768],[29.025053674319537,34.31215165223537],[28.687553913407385,36.14986678681771],[28.575053993103467,36.51238821239372],[28.25357422084295,36.85525019317086]],[[-5.391811944449927,35.565918934421404],[-4.724922416880787,35.694348446523605],[-4.499922576272752,35.876870570092734]],[[23.400057658523423,34.62132128520639],[23.40005765911934,35.419780517080454],[23.51255757942343,35.694348446523605],[23.737557420031465,35.694348446523605],[24.01216722549529,35.51204255863749]],[[56.333724328601164,25.121690004958737],[56.9250339097116,24.81378707171703],[58.50003279396768,24.276537592931618],[59.85003183761572,23.608214441359365],[61.42503072187162,22.469443964829594],[61.42503072187162,17.823934412537824]],[[121.02775554672925,21.457551614722092],[120.71248872208028,21.635297384859456],[120.59998880177616,22.05298561667763],[120.66219875770614,22.249254821356544]],[[113.56112378817429,22.156493825893108],[113.6249937429283,21.84429407917378],[113.84999358353613,21.635297384859456],[114.74999294596827,21.21639789994191],[115.19999262718417,20.796306105108954],[116.3249918302242,20.16397503197578],[116.99999135204828,19.952622905164304]],[[115.85731216153286,-31.95344133032441],[113.84999358353613,-31.276331888746853],[112.49999453988826,-30.309953344646914],[110.24999613380825,-27.153831285391675],[107.99999772713235,-20.433922197637315],[104.40000027800002,-11.943944931746927],[104.40000027800002,-7.509810688339655],[104.62500011860826,-6.616650693475464],[105.29999964043216,-5.945707155070551],[105.74999932164823,-5.889756955647925],[106.31249892316825,-5.385957847172989],[106.64999868408003,-5.161910662112973],[106.98749844499216,-4.601453764837203],[107.04374840514416,-3.029995968008762],[106.93024848554879,-2.130918480960247],[106.08749908256002,-0.781386636225506],[105.41249956073611,0.118588418888407],[104.84999995921609,0.456083447840484],[104.17500043739219,0.570578752286423],[103.55625087572,0.793562652607278],[103.55625087572,1.01853421661562],[103.64609081207684,1.338585852071589],[103.50000091556822,1.201262219903469],[103.34065102845304,1.243515071072778],[102.68279723997185,1.642556216317956],[102.15000187192001,1.918228780215685],[101.25000250948804,2.255504211923693],[100.23750322675212,3.266814816815753],[99.2250039440161,4.613591578862867],[98.55000442219213,5.286069860821101],[97.42500521915215,6.069699469735895],[95.40000665367998,6.516986153883067],[94.27500745064,6.405200795356109],[92.7000085663839,5.957818681088611],[90.00001047908799,5.510071711803135],[85.50001366692797,4.613591578862867],[81.00001685476795,4.164912849976844],[78.69513048464998,4.837826391986653],[76.84024379574825,6.852191098754417],[74.64513335370603,9.524411345019587],[73.29513431005799,13.492128176464178],[72.45002291166381,16.965102599435824],[72.87590260996691,19.076074257285313],[70.2000245055838,18.998067525949068],[66.60002705585575,18.89166158430325],[61.42503072187162,17.823934412537824],[58.950032475183775,16.31838002635962],[55.350035025455725,14.583511645118676],[48.600039807215495,12.615395567393307],[45.450042038703714,11.845776373625682],[44.55004267627157,11.845776373625682],[43.62191833376352,12.395734000022884],[43.29848106288949,12.615395567393307],[43.21410612266146,12.834868817846598],[43.003168772091556,13.054150695298716],[42.5250441107996,13.929303843271725],[42.018794469431555,14.801154224791475],[40.837545306240685,16.53419619825962],[39.82504602350352,18.251816319028308],[38.47504697985545,20.375041253465525],[37.687547537727596,22.05298561667763],[36.45004841438259,24.12261698700334],[35.437549131647586,25.754704263415306],[34.84692455005151,26.562513149236622],[34.087550087999546,27.364667993860166],[33.48321301611958,28.161052262220892],[32.96260088492426,28.951554732193216],[32.68135108416425,29.34456698948989],[32.51257620372584,29.63833609362638],[32.529931191431416,29.972545436050268],[32.287551363135435,30.320465424761352],[31.950051602223482,30.587136321812352],[31.387552000703465,30.804773676604498],[30.825052399183477,30.97376681878157],[29.893513059094772,31.191465077638554]],[[127.68084378563216,26.212414126750332],[126.8999843388003,26.562513149236622],[125.54998529515225,26.562513149236622],[124.64998593272028,26.159307970773796]],[[124.19998625150438,24.12261698700334],[122.84998720785634,24.73717827217618],[122.17498768603221,24.8393128255928],[121.80144795065141,24.863504112487874]],[[121.06600847164387,13.762418337904336],[120.14998912056026,13.710817738179543],[118.79999007691222,14.14758350694865],[116.99999135204828,14.365653759228536],[115.64999230840024,14.801154224791475]],[[115.19999262718417,13.054150695298716],[114.2999932647522,13.929303843271725],[110.69999581502415,15.23578178303569],[109.79999645259218,15.77780337181727],[108.89999709016004,15.994209911785873],[108.19247759137372,16.04339300520843]],[[98.67598433294691,3.752031394331624],[99.2250039440161,4.613591578862867]],[[76.26955020587488,9.938386424893082],[75.60002068017599,9.746236973759864],[74.64513335370603,9.524411345019587]],[[110.92499565563222,5.957818681088611],[114.2999932647522,5.174038327225986],[114.88563284987973,4.926762452886777]],[[100.36299313785392,5.35384659465538],[99.67500362523216,5.286069860821101],[98.55000442219213,5.286069860821101]],[[79.86681765753698,6.833088156653076],[79.31251805020796,5.957818681088611],[78.47683671825345,5.033562173490822]],[[95.68213645381681,16.282761781662003],[95.85000633489605,14.801154224791475],[96.07500617490817,11.294709319565555],[95.85000633430016,8.33898542602023],[95.40000665367998,6.516986153883067]],[[116.99999135204828,19.952622905164304],[116.54999167083221,18.251816319028308],[115.64999230840024,14.801154224791475],[115.19999262718417,13.054150695298716],[114.18748535243108,9.96791518697421],[112.49999453988826,7.744889052551343],[110.92499565563222,5.957818681088611],[110.24999613380825,5.510071711803135],[107.99999772772824,4.501447394015287],[107.0999983652961,3.940475772228723],[105.74999932164823,3.154491498099929],[105.29999964043216,2.817450442654064],[104.96229987966191,1.468426767332062],[105.41249956073611,0.118588418888407]],[[116.99999135204828,19.952622905164304],[116.99999135204828,20.796306105108954],[116.88749143174417,22.469443964829594],[116.67753158048177,23.355006811273626],[117.22499119265612,22.884654113882362],[118.34999039569615,22.261369678340685],[118.79999007691222,22.05298561667763],[120.12788799225589,21.562216383585792],[121.02775554672925,21.457551614722092]],[[128.62078311977027,34.88072781981958],[127.91248362153638,34.31215165223537],[127.34998402001636,33.18971466460036],[127.34998402001636,32.43331330641712],[125.99998497636832,29.540507745394393],[125.77498513576032,28.55704546571141],[124.64998593272028,26.159307970773796],[124.53748601241617,25.55188275942578],[124.19998625150438,24.12261698700334],[123.29998688907224,22.05298561667763],[122.84998720785634,21.635297384859456],[121.02775554672925,21.457551614722092]],[[43.147993669496344,11.594869371447714],[43.6500433138396,11.763112428849638],[44.55004267627157,11.845776373625682]],[[66.60002705585575,18.89166158430325],[65.92502753403164,20.375041253465525],[66.37502721524771,23.298598065875808],[67.02854675228852,24.889731701235718]],[[37.687547537727596,22.05298561667763],[39.182756478507656,21.481533475503085]],[[114.183973346942,22.24961578335288],[114.2999932647522,22.05298561667763],[115.64999230840024,22.10511054810837],[117.44999103326418,21.94867813792706],[118.34999039569615,22.261369678340685]],[[105.29999964043216,2.817450442654064],[104.40000027800002,2.367912558705314],[103.85068066714334,2.295702456949584]]]},"properties":{"id":"seamewe-3","name":"SeaMeWe-3","color":"#6fbc44","rfs":"1999 September","rfs_year":1999,"is_planned":false,"length":"39,000 km","owners":"A1 Telekom Austria, AT&T, Altice Portugal, BICS, BT, CTM, China Telecom, Chunghwa Telecom, Cyta, Deutsche Telekom, Djibouti Telecom, Embratel, Etisalat UAE, Indosat Ooredoo, Jabatan Telecom Brunei, KDDI, KPN, KT, LG Uplus, Maroc Telecom, Myanmar Post and Telecommunication (MPT), National Telecom, OTEGLOBE, Omantel, Orange, Orange Polska, PCCW, PLDT, Pakistan Telecommunications Company Ltd., Rostelecom, Saudi Telecom, Singtel, Singtel Optus, Softbank Corp, Sri Lanka Telecom, Tata Communications, Telecom Argentina, Telecom Egypt, Telecom Italia Sparkle, Telekom Malaysia, Telkom South Africa, Telstra, Tunisia Telecom, Turk Telekom, Turk Telekom International, Ukrtelecom, VNPT International, Verizon, Vocus Communications, Vodafone, eir","suppliers":"ASN, Fujitsu, Subcom","url":"http://www.seamewe3.net","landing_points":[{"name":"Perth, WA, Australia","country":"Australia"},{"name":"Ostend, Belgium","country":"Belgium"},{"name":"Tungku, Brunei","country":"Brunei"},{"name":"Deep Water Bay, China","country":"China"},{"name":"Shanghai, China","country":"China"},{"name":"Shantou, China","country":"China"},{"name":"Taipa, China","country":"China"},{"name":"Yeroskipos, Cyprus","country":"Cyprus"},{"name":"Djibouti City, Djibouti","country":"Djibouti"},{"name":"Alexandria, Egypt","country":"Egypt"},{"name":"Suez, Egypt","country":"Egypt"},{"name":"Penmarch, France","country":"France"},{"name":"Chania, Greece","country":"Greece"},{"name":"Cochin, India","country":"India"},{"name":"Mumbai, India","country":"India"},{"name":"Ancol, Indonesia","country":"Indonesia"},{"name":"Medan, Indonesia","country":"Indonesia"},{"name":"Mazara del Vallo, Italy","country":"Italy"},{"name":"Okinawa, Japan","country":"Japan"},{"name":"Mersing, Malaysia","country":"Malaysia"},{"name":"Penang, Malaysia","country":"Malaysia"},{"name":"T\u00e9touan, Morocco","country":"Morocco"},{"name":"Pyapon, Myanmar","country":"Myanmar"},{"name":"Muscat, Oman","country":"Oman"},{"name":"Karachi, Pakistan","country":"Pakistan"},{"name":"Batangas, Philippines","country":"Philippines"},{"name":"Sesimbra, Portugal","country":"Portugal"},{"name":"Jeddah, Saudi Arabia","country":"Saudi Arabia"},{"name":"Tuas, Singapore","country":"Singapore"},{"name":"Geoje, South Korea","country":"South Korea"},{"name":"Mt. Lavinia, Sri Lanka","country":"Sri Lanka"},{"name":"Fangshan, Taiwan","country":"Taiwan"},{"name":"Toucheng, Taiwan","country":"Taiwan"},{"name":"Satun, Thailand","country":"Thailand"},{"name":"Marmaris, Turkey","country":"Turkey"},{"name":"Fujairah, United Arab Emirates","country":"United Arab Emirates"},{"name":"Goonhilly Downs, United Kingdom","country":"United Kingdom"},{"name":"Danang, Vietnam","country":"Vietnam"}]}}]}